id|name|parent_list|attack_proc|proc_chance|range_proc|rproc_chance|defensive_proc|dproc_chance|fail_recast|engaged_no_sp_recast_min|engaged_no_sp_recast_max|engaged_b_self_chance|engaged_b_other_chance|engaged_d_chance|pursue_no_sp_recast_min|pursue_no_sp_recast_max|pursue_d_chance|idle_no_sp_recast_min|idle_no_sp_recast_max|idle_b_chance
1|Default Cleric List|0|-1|3|-1|0|-1|0|0|0|0|0|0|0|0|0|0|0|0|0
2|Default Wizard List|0|-1|3|-1|0|-1|0|0|0|0|0|0|0|0|0|0|0|0|0
3|Default Necromancer List|0|-1|3|-1|0|-1|0|0|0|0|0|0|0|0|0|0|0|0|0
4|Default Magician List|0|-1|3|-1|0|-1|0|0|0|0|0|0|0|0|0|0|0|0|0
5|Default Enchanter List|0|-1|3|-1|0|-1|0|0|0|0|0|0|0|0|0|0|0|0|0
6|Default Shaman List|0|-1|3|-1|0|-1|0|0|0|0|0|0|0|0|0|0|0|0|0
7|Default Druid List|0|-1|3|-1|0|-1|0|0|0|0|0|0|0|0|0|0|0|0|0
8|Default Paladin List|0|-1|3|-1|0|-1|0|0|0|0|0|0|0|0|0|0|0|0|0
9|Default Shadowknight List|0|-1|5|-1|0|-1|0|0|0|0|0|0|0|0|0|0|0|0|0
10|Default Ranger List|0|-1|3|-1|0|-1|0|0|0|0|0|0|0|0|0|0|0|0|0
11|Default Bard List|0|-1|3|-1|0|-1|0|0|0|0|0|0|0|0|0|0|0|0|0
12|Default Beastlord List|0|-1|3|-1|0|-1|0|0|0|0|0|0|0|0|0|0|0|0|0
13|AirPetInvis|0|-1|3|-1|0|-1|0|0|0|0|0|0|0|0|0|0|0|0|0
14|AirPetAttacks|13|-1|10|-1|0|-1|0|0|0|0|0|0|0|0|0|0|0|0|0
15|EarthPetAttacks|0|-1|10|-1|0|-1|0|0|0|0|0|0|0|0|0|0|0|0|0
16|WaterPetAttacks|0|-1|10|-1|0|-1|0|0|0|0|0|0|0|0|0|0|0|0|0
17|FirePetDS|0|-1|10|-1|0|-1|0|0|0|0|0|0|0|0|0|0|0|0|0
18|FirePetAttacks|17|-1|10|-1|0|-1|0|0|0|0|0|0|0|0|0|0|0|0|0
19|FirePetAttack2 (Decoy)|17|-1|10|-1|0|-1|0|0|0|0|0|0|0|0|0|0|0|0|0
20|FirePet Wizard pets|0|-1|3|-1|0|-1|0|0|0|0|0|0|0|0|0|0|0|0|0
21|EpicPetSpells|0|849|15|-1|0|-1|0|0|0|0|0|0|0|0|0|0|0|0|0
23|Necro uber pet procs|0|-1|10|-1|0|-1|0|0|0|0|0|0|0|0|0|0|0|0|0
24|Lady Vox proc|0|-1|25|-1|0|-1|0|0|0|0|0|0|0|0|0|0|0|0|0
25|Lord Nagafen Procs|0|-1|25|-1|0|-1|0|0|0|0|0|0|0|0|0|0|0|0|0
26|Innoruuk Effects|0|-1|25|-1|0|-1|0|0|0|0|0|0|0|0|0|0|0|0|0
27|Cazic Thule Spells|9|956|33|-1|0|-1|0|0|0|0|0|0|0|0|0|0|0|0|0
28|Maestro of Rancor|2|913|60|-1|0|-1|0|0|0|0|0|0|0|0|0|0|0|0|0
29|Glare Lords Dispell|0|-1|15|-1|0|-1|0|0|0|0|0|0|0|0|0|0|0|0|0
30|Cleric Complete Healing|0|-1|25|-1|0|-1|0|0|0|0|0|0|0|0|0|0|0|0|0
31|Tentacle Tormenter|0|-1|25|-1|0|-1|0|0|0|0|0|0|0|0|0|0|0|0|0
32|Dread's AE|0|-1|25|-1|0|-1|0|0|0|0|0|0|0|0|0|0|0|0|0
33|Terror fear golem|0|918|25|-1|0|-1|0|0|0|0|0|0|0|0|0|0|0|0|0
34|Deadly Poison Proc|0|1005|6|-1|0|-1|0|0|0|0|0|0|0|0|0|0|0|0|0
35|Lava Duct Crawlers|0|451|5|-1|0|-1|0|0|0|0|0|0|0|0|0|0|0|0|0
36|Dracoliche|515|993|25|-1|0|-1|0|0|0|0|0|0|0|0|0|0|0|0|0
37|High Level Undead|0|-1|10|-1|0|-1|0|0|0|0|0|0|0|0|0|0|0|0|0
38|Nightmares|0|-1|15|-1|0|-1|0|0|0|0|0|0|0|0|0|0|0|0|0
39|Spinechiller Spiders|0|979|25|-1|0|-1|0|0|0|0|0|0|0|0|0|0|0|0|0
40|Fright's proc and DT|0|1246|45|-1|0|-1|0|0|0|0|0|0|0|0|0|0|0|0|0
41|Spectre Tap|2|-1|10|-1|0|-1|0|0|0|0|0|0|0|0|0|0|0|0|0
42|Generic Death Touch|0|-1|100|-1|0|-1|0|0|0|0|0|0|0|0|0|0|0|0|0
43|Low Level Mummy Rabies|0|1007|3|-1|0|-1|0|0|0|0|0|0|0|0|0|0|0|0|0
44|Snake And Spider Venom|0|1001|10|-1|0|-1|0|0|0|0|0|0|0|0|0|0|0|0|0
45|Drybones FIRE DD|0|907|5|-1|0|-1|0|0|0|0|0|0|0|0|0|0|0|0|0
46|Trakanon Spells|3|993|18|-1|0|-1|0|0|0|0|0|0|0|0|0|0|0|0|0
47|Gorenaire|1|-1|25|-1|0|-1|0|0|0|0|0|0|0|0|0|0|0|0|0
48|Venril Sathir|0|993|45|-1|0|-1|0|0|0|0|0|0|0|0|0|0|0|0|0
49|Overking|2|856|10|-1|0|-1|0|0|0|0|0|0|0|0|0|0|0|0|0
50|Queen Velazula|6|-1|25|-1|0|-1|0|0|0|0|0|0|0|0|0|0|0|0|0
51|Prince Selrach Dizok|0|856|10|-1|0|-1|0|0|0|0|0|0|0|0|0|0|0|0|0
52|Severilous|0|-1|25|-1|0|-1|0|0|0|0|0|0|0|0|0|0|0|0|0
53|Druushk|0|-1|25|-1|0|-1|0|0|0|0|0|0|0|0|0|0|0|0|0
54|Hoshkar|0|-1|3|-1|0|-1|0|0|0|0|0|0|0|0|0|0|0|0|0
55|Nexona|0|-1|25|-1|0|-1|0|0|0|0|0|0|0|0|0|0|0|0|0
56|Phara Dar|0|-1|25|-1|0|-1|0|0|0|0|0|0|0|0|0|0|0|0|0
57|Silverwing|0|-1|25|-1|0|-1|0|0|0|0|0|0|0|0|0|0|0|0|0
58|Xygoz|0|-1|25|-1|0|-1|0|0|0|0|0|0|0|0|0|0|0|0|0
59|Shaman Pet List|6|-1|0|-1|0|-1|0|0|0|0|0|0|0|0|0|0|0|0|0
60|Talendor|0|-1|25|-1|0|-1|0|0|0|0|0|0|0|0|0|0|0|0|0
61|Aaryonar|0|-1|25|-1|0|-1|0|0|0|0|0|0|0|0|0|0|0|0|0
62|Lord_Vyemm|0|-1|25|-1|0|-1|0|0|0|0|0|0|0|0|0|0|0|0|0
63|Lord_Koi`Doken|0|-1|3|-1|0|-1|0|0|0|0|0|0|0|0|0|0|0|0|0
65|Lord Feshlak|0|-1|0|-1|0|-1|0|0|0|0|0|0|0|0|0|0|0|0|0
66|Lord Kreizen|0|-1|0|-1|0|-1|0|0|0|0|0|0|0|0|0|0|0|0|0
67|Dagarn_the_Destroyer|0|-1|60|-1|0|-1|0|0|0|0|0|0|0|0|0|0|0|0|0
68|Tallon Zek script|0|-1|10|-1|0|-1|0|0|0|0|0|0|0|0|0|0|0|0|0
69|Rak Sapara|0|-1|3|-1|0|-1|0|0|0|0|0|0|0|0|0|0|0|0|0
70|Gopher Snake - feeble|0|1000|10|-1|0|-1|0|0|0|0|0|0|0|0|0|0|0|0|0
71|Milas An`Rev|0|-1|3|-1|0|-1|0|0|0|0|0|0|0|0|0|0|0|0|0
72|Korucust|0|-1|3|-1|0|-1|0|0|0|0|0|0|0|0|0|0|0|0|0
73|Ghoul Root|0|901|5|-1|0|-1|0|0|0|0|0|0|0|0|0|0|0|0|0
74|Praklion of the Cauldron|0|-1|3|-1|0|-1|0|0|0|0|0|0|0|0|0|0|0|0|0
75|A Scorn Banshee|0|1014|3|-1|0|-1|0|0|0|0|0|0|0|0|0|0|0|0|0
76|A Darkweed Snake|0|1002|5|-1|0|-1|0|0|0|0|0|0|0|0|0|0|0|0|0
77|A Shimmering Meteor|0|904|3|-1|0|-1|0|0|0|0|0|0|0|0|0|0|0|0|0
78|Bonecrawler Hatchling|0|-1|3|-1|0|-1|0|0|0|0|0|0|0|0|0|0|0|0|0
81|Hoshkar|0|-1|3|-1|0|-1|0|0|0|0|0|0|0|0|0|0|0|0|0
82|Cargalia|518|835|75|-1|0|-1|0|0|0|0|0|0|0|0|0|0|0|0|0
83|Velketor the Sorcerer|2|-1|3|-1|0|-1|0|0|0|0|0|0|0|0|0|0|0|0|0
84|Lendiniara the Keeper|1|-1|3|-1|0|-1|0|0|0|0|0|0|0|0|0|0|0|0|0
85|An Ancient Frost Guardian|0|-1|3|-1|0|-1|0|0|0|0|0|0|0|0|0|0|0|0|0
86|A Shadow Drake|0|860|3|-1|0|-1|0|0|0|0|0|0|0|0|0|0|0|0|0
87|Vilefang|0|1005|25|-1|0|-1|0|0|0|0|0|0|0|0|0|0|0|0|0
88|Queen Nhyalia|0|2262|10|-1|0|-1|0|0|0|0|0|0|0|0|0|0|0|0|0
89|Mistress of the Darkwater|0|-1|3|-1|0|-1|0|0|0|0|0|0|0|0|0|0|0|0|0
91|The Chilling Terror|0|-1|3|-1|0|-1|0|0|0|0|0|0|0|0|0|0|0|0|0
92|Ireblind Imp|0|-1|3|-1|0|-1|0|0|0|0|0|0|0|0|0|0|0|0|0
93|Chromadrac|0|983|10|-1|0|-1|0|0|0|0|0|0|0|0|0|0|0|0|0
94|An Essence Harvester|0|-1|3|-1|0|-1|0|0|0|0|0|0|0|0|0|0|0|0|0
95|Talendor|0|-1|3|-1|0|-1|0|0|0|0|0|0|0|0|0|0|0|0|0
96|A Cobalt Drake|0|-1|3|-1|0|-1|0|0|0|0|0|0|0|0|0|0|0|0|0
97|Lava Breath 250 [id 1941]|0|-1|3|-1|0|-1|0|0|0|0|0|0|0|0|0|0|0|0|0
98|Pulsating Icestorm|0|-1|3|-1|0|-1|0|0|0|0|0|0|0|0|0|0|0|0|0
99|Klandicar|0|-1|3|-1|0|-1|0|0|0|0|0|0|0|0|0|0|0|0|0
100|Lord Kreizenn|0|-1|3|-1|0|-1|0|0|0|0|0|0|0|0|0|0|0|0|0
101|Hechaeva|0|-1|3|-1|0|-1|0|0|0|0|0|0|0|0|0|0|0|0|0
102|Avatar of Abhorrence|0|-1|3|-1|0|-1|0|0|0|0|0|0|0|0|0|0|0|0|0
103|A Burning Guardian|0|-1|3|-1|0|-1|0|0|0|0|0|0|0|0|0|0|0|0|0
104|An Emerald Watcher|0|-1|3|-1|0|-1|0|0|0|0|0|0|0|0|0|0|0|0|0
105|A Glare Lord|0|956|20|-1|0|-1|0|0|0|0|0|0|0|0|0|0|0|0|0
106|A Scareling|0|977|10|-1|0|-1|0|0|0|0|0|0|0|0|0|0|0|0|0
107|A Turmoil Toad|0|901|20|-1|0|-1|0|0|0|0|0|0|0|0|0|0|0|0|0
108|A Spectre|0|919|10|-1|0|-1|0|0|0|0|0|0|0|0|0|0|0|0|0
109|Kaggy Krup|0|2145|3|-1|0|-1|0|0|0|0|0|0|0|0|0|0|0|0|0
110|Vallon Zek|0|2447|10|-1|0|-1|0|0|0|0|0|0|0|0|0|0|0|0|0
111|Bertoxxulous|0|-1|3|-1|0|-1|0|0|0|0|0|0|0|0|0|0|0|0|0
112|Tjudawos the Ancient|0|-1|3|-1|0|-1|0|0|0|0|0|0|0|0|0|0|0|0|0
113|Susarrak the Crusader|0|-1|3|-1|0|-1|0|0|0|0|0|0|0|0|0|0|0|0|0
114|The Spirit of Rage|0|2055|10|-1|0|-1|0|0|0|0|0|0|0|0|0|0|0|0|0
115|Garudon|0|-1|3|-1|0|-1|0|0|0|0|0|0|0|0|0|0|0|0|0
116|Cazic Thule|27|956|33|-1|0|-1|0|0|0|0|0|0|0|0|0|0|0|0|0
118|The Spiroc Lord|10|916|8|-1|0|-1|0|0|0|0|0|0|0|0|0|0|0|0|0
119|Protector of Sky|0|825|35|-1|0|-1|0|0|0|0|0|0|0|0|0|0|0|0|0
120|The Tangrin|0|886|22|-1|0|-1|0|0|0|0|0|0|0|0|0|0|0|0|0
121|Faydedar|0|-1|3|-1|0|-1|0|0|0|0|0|0|0|0|0|0|0|0|0
122|Overseer of Air|0|995|25|-1|0|-1|0|0|0|0|0|0|0|0|0|0|0|0|0
123|Ixiblat Fer|0|-1|3|-1|0|-1|0|0|0|0|0|0|0|0|0|0|0|0|0
124|Dain Frostreaver IV|0|-1|3|-1|0|-1|0|0|0|0|0|0|0|0|0|0|0|0|0
125|Lord Yelinak|0|905|10|-1|0|-1|0|0|0|0|0|0|0|0|0|0|0|0|0
126|Echo of Nortlav|0|-1|3|-1|0|-1|0|0|0|0|0|0|0|0|0|0|0|0|0
127|Esorpa of the Ring|2|837|41|-1|0|-1|0|0|0|0|0|0|0|0|0|0|0|0|0
128|Lord of Ire|9|-1|3|-1|0|-1|0|0|0|0|0|0|0|0|0|0|0|0|0
129|Jorlleag|6|-1|3|-1|0|-1|0|0|0|0|0|0|0|0|0|0|0|0|0
130|Kelorek`Dar|0|-1|3|-1|0|-1|0|0|0|0|0|0|0|0|0|0|0|0|0
131|Lithiniath|0|-1|3|-1|0|-1|0|0|0|0|0|0|0|0|0|0|0|0|0
132|Mistress Latazura|0|-1|3|-1|0|-1|0|0|0|0|0|0|0|0|0|0|0|0|0
133|A Spinechiller Spider|0|979|20|-1|0|-1|0|0|0|0|0|0|0|0|0|0|0|0|0
134|Amygdalan Warrior|0|980|10|-1|0|-1|0|0|0|0|0|0|0|0|0|0|0|0|0
135|A Nightmare|0|956|20|-1|0|-1|0|0|0|0|0|0|0|0|0|0|0|0|0
136|Kildrukaun the Ancient|0|-1|3|-1|0|-1|0|0|0|0|0|0|0|0|0|0|0|0|0
137|Charayan the Crusader|0|-1|3|-1|0|-1|0|0|0|0|0|0|0|0|0|0|0|0|0
138|Innoruuk|26|-1|3|-1|0|-1|0|0|0|0|0|0|0|0|0|0|0|0|0
139|Rallos Zek|0|2445|15|-1|0|-1|0|0|0|0|0|0|0|0|0|0|0|0|0
140|Dry Bones Skeleton|0|-1|3|-1|0|-1|0|0|0|0|0|0|0|0|0|0|0|0|0
141|Lady Vox|0|-1|3|-1|0|-1|0|0|0|0|0|0|0|0|0|0|0|0|0
142|Severilous|518|-1|3|-1|0|-1|0|0|0|0|0|0|0|0|0|0|0|0|0
143|Zordakalicus Ragefire|0|-1|3|-1|0|-1|0|0|0|0|0|0|0|0|0|0|0|0|0
144|Wuoshi|7|-1|3|-1|0|-1|0|0|0|0|0|0|0|0|0|0|0|0|0
145|Dozekar the Cursed|0|-1|3|-1|0|-1|0|0|0|0|0|0|0|0|0|0|0|0|0
146|Aaryonar|0|-1|3|-1|0|-1|0|0|0|0|0|0|0|0|0|0|0|0|0
147|Sontalak|0|1660|28|-1|0|-1|0|0|0|0|0|0|0|0|0|0|0|0|0
148|Derasinal|1|-1|3|-1|0|-1|0|0|0|0|0|0|0|0|0|0|0|0|0
149|Lady Nevederia|5|-1|3|-1|0|-1|0|0|0|0|0|0|0|0|0|0|0|0|0
150|Cekenar|0|-1|3|-1|0|-1|0|0|0|0|0|0|0|0|0|0|0|0|0
151|Lady Mirenilla|0|-1|3|-1|0|-1|0|0|0|0|0|0|0|0|0|0|0|0|0
152|Lord Vyemm|0|-1|3|-1|0|-1|0|0|0|0|0|0|0|0|0|0|0|0|0
153|A Greater Malevolent Drake|0|-1|3|-1|0|-1|0|0|0|0|0|0|0|0|0|0|0|0|0
154|A Glimmering Emerald Drake|0|-1|3|-1|0|-1|0|0|0|0|0|0|0|0|0|0|0|0|0
155|A Fiery Guardian|0|-1|3|-1|0|-1|0|0|0|0|0|0|0|0|0|0|0|0|0
156|A Gorgon|0|-1|3|-1|0|-1|0|0|0|0|0|0|0|0|0|0|0|0|0
157|A Shiverback|0|978|20|-1|0|-1|0|0|0|0|0|0|0|0|0|0|0|0|0
158|Rumbleroot|7|-1|3|-1|0|-1|0|0|0|0|0|0|0|0|0|0|0|0|0
159|Lhranc_SK_Epic|9|995|25|-1|0|-1|0|0|0|0|0|0|0|0|0|0|0|0|0
160|Spells for MonsterSum1|0|-1|3|-1|0|-1|0|0|0|0|0|0|0|0|0|0|0|0|0
161|Spells for MonsterSum2|0|-1|3|-1|0|-1|0|0|0|0|0|0|0|0|0|0|0|0|0
162|Spells for MonsterSum3|0|-1|3|-1|0|-1|0|0|0|0|0|0|0|0|0|0|0|0|0
163|Spells for MonsterSum4|0|-1|3|-1|0|-1|0|0|0|0|0|0|0|0|0|0|0|0|0
164|Spells for Rage of Zomm|0|-1|3|-1|0|-1|0|0|0|0|0|0|0|0|0|0|0|0|0
165|1284|0|-1|3|-1|0|-1|0|0|0|0|0|0|0|0|0|0|0|0|0
166|black_lithiniath_cast|0|-1|3|-1|0|-1|0|0|0|0|0|0|0|0|0|0|0|0|0
167|a_black_reaver|0|856|10|-1|0|-1|0|0|0|0|0|0|0|0|0|0|0|0|0
168|#Grieg_Veneficus|0|2825|23|-1|0|-1|0|0|0|0|0|0|0|0|0|0|0|0|0
169|Zlandicar_Necro_Spells|0|-1|3|-1|0|-1|0|0|0|0|0|0|0|0|0|0|0|0|0
170|Zlandicar_Dragon_AoE|3|837|23|-1|0|-1|0|0|0|0|0|0|0|0|0|0|0|0|0
171|Zlanidicar_Necro_Spells|170|837|23|-1|0|-1|0|0|0|0|0|0|0|0|0|0|0|0|0
172|#Bristlebane_Dictate|0|1707|3|-1|0|-1|0|0|0|0|0|0|0|0|0|0|0|0|0
173|The_Itraer_Vius|0|2905|10|-1|0|-1|0|0|0|0|0|0|0|0|0|0|0|0|0
174|#Rhag`Zhezum_Spell|0|2787|10|-1|0|-1|0|0|0|0|0|0|0|0|0|0|0|0|0
175|#Rhag`Mozdezh_Spell|0|2788|50|-1|0|-1|0|0|0|0|0|0|0|0|0|0|0|0|0
176|#Arch_Lich_Rhag`Zadune_Spell|0|2047|9|-1|0|-1|0|0|0|0|0|0|0|0|0|0|0|0|0
177|High_Priest_of_Ssraeshza_Spell|0|2805|15|-1|0|-1|0|0|0|0|0|0|0|0|0|0|0|0|0
178|#Shar_Vinitras_Spell|0|887|5|-1|0|-1|0|0|0|0|0|0|0|0|0|0|0|0|0
179|Shei_Vinitras|0|2990|10|-1|0|-1|0|0|0|0|0|0|0|0|0|0|0|0|0
180|#The_Insanity_Crawler|0|2828|11|-1|0|-1|0|0|0|0|0|0|0|0|0|0|0|0|0
181|A_mind_burrower|0|2820|20|-1|0|-1|0|0|0|0|0|0|0|0|0|0|0|0|0
182|A_mind_worm|0|2820|30|-1|0|-1|0|0|0|0|0|0|0|0|0|0|0|0|0
183|a_coterie_centurion_spell|0|2705|10|-1|0|-1|0|0|0|0|0|0|0|0|0|0|0|0|0
184|a_small_mushroom_spells|0|2840|5|-1|0|-1|0|0|0|0|0|0|0|0|0|0|0|0|0
185|a_patog_phlarg_fiend_spells|0|2769|20|-1|0|-1|0|0|0|0|0|0|0|0|0|0|0|0|0
186|a_sun_revenant_spell|0|2960|20|-1|0|-1|0|0|0|0|0|0|0|0|0|0|0|0|0
187|#Disciple_of_Sun|0|-1|3|-1|0|-1|0|0|0|0|0|0|0|0|0|0|0|0|0
188|#Gozzrem_AOE_plusparent|1|-1|3|-1|0|-1|0|0|0|0|0|0|0|0|0|0|0|0|0
189|#Telkorenar|0|-1|3|-1|0|-1|0|0|0|0|0|0|0|0|0|0|0|0|0
191|#Nilasz_the_Devourer|0|2913|5|-1|0|-1|0|0|0|0|0|0|0|0|0|0|0|0|0
192|#Ssraeshzian_Blood_Priest|1|2806|40|-1|0|-1|0|0|0|0|0|0|0|0|0|0|0|0|0
193|#Ssraeshzian_Death_Priest|1|2806|40|-1|0|-1|0|0|0|0|0|0|0|0|0|0|0|0|0
194|#Ssraeshzian_Plague_Priest|1|2806|40|-1|0|-1|0|0|0|0|0|0|0|0|0|0|0|0|0
195|#Ssraeshzian_Terror_Priest|1|2806|40|-1|0|-1|0|0|0|0|0|0|0|0|0|0|0|0|0
196|#Vyzh`dra_the_Exiled|0|2811|20|-1|0|-1|0|0|0|0|0|0|0|0|0|0|0|0|0
197|#Vyzh`dra_the_Cursed|0|-1|6|-1|0|-1|0|0|0|0|0|0|0|0|0|0|0|0|0
198|#Yasiz_the_Devourer|0|2913|5|-1|0|-1|0|0|0|0|0|0|0|0|0|0|0|0|0
199|A_Bone_Spiked_Golem|0|-1|3|-1|0|-1|0|0|0|0|0|0|0|0|0|0|0|0|0
200|a_chapel_guard|9|2806|15|-1|0|-1|0|0|0|0|0|0|0|0|0|0|0|0|0
201|default cl|177|-1|3|-1|0|-1|0|0|0|0|0|0|0|0|0|0|0|0|0
202|High_Priest_of_Ssraeshza|1|2805|27|-1|0|-1|0|0|0|0|0|0|0|0|0|0|0|0|0
203|Xerkizh_The_Creator|6|2913|15|-1|0|-1|0|0|0|0|0|0|0|0|0|0|0|0|0
204|Thought_Horror_Overfiend|0|-1|3|-1|0|-1|0|0|0|0|0|0|0|0|0|0|0|0|0
205|a_boulderling|0|2804|15|-1|0|-1|0|0|0|0|0|0|0|0|0|0|0|0|0
206|a_timeless_golem|0|2827|15|-1|0|-1|0|0|0|0|0|0|0|0|0|0|0|0|0
207|A_Dark_Assassin|0|452|10|-1|0|-1|0|0|0|0|0|0|0|0|0|0|0|0|0
208|#Advisor_Zekuzh|2|-1|3|-1|0|-1|0|0|0|0|0|0|0|0|0|0|0|0|0
209|#Rhozth_Ssravizh|9|2913|15|-1|0|-1|0|0|0|0|0|0|0|0|0|0|0|0|0
210|#Rhozth_Ssrakezh|9|2913|15|-1|0|-1|0|0|0|0|0|0|0|0|0|0|0|0|0
211|enraged_dread_wolf|0|944|10|-1|0|-1|0|0|0|0|0|0|0|0|0|0|0|0|0
212|an_essence_carrier|0|-1|3|-1|0|-1|0|0|0|0|0|0|0|0|0|0|0|0|0
213|Master_Yael|2|-1|3|-1|0|-1|0|0|0|0|0|0|0|0|0|0|0|0|0
214|Gwan|0|793|10|-1|0|-1|0|0|0|0|0|0|0|0|0|0|0|0|0
215|#Praetorian_Myral|0|-1|4|-1|0|-1|0|0|0|0|0|0|0|0|0|0|0|0|0
216|#Servitor_of_Luclin|0|2814|20|-1|0|-1|0|0|0|0|0|0|0|0|0|0|0|0|0
217|#Stonemason_Galt|0|-1|3|-1|0|-1|0|0|0|0|0|0|0|0|0|0|0|0|0
218|a_phase_spider|0|354|10|-1|0|-1|0|0|0|0|0|0|0|0|0|0|0|0|0
219|FG_fungusbeast|0|2856|10|-1|0|-1|0|0|0|0|0|0|0|0|0|0|0|0|0
220|a_Chakta_Fungus_Healer|1|2856|5|-1|0|-1|0|0|0|0|0|0|0|0|0|0|0|0|0
221|a_Chakta_Fungus_Priest|6|2856|5|-1|0|-1|0|0|0|0|0|0|0|0|0|0|0|0|0
222|#Chakiza|1|2856|5|-1|0|-1|0|0|0|0|0|0|0|0|0|0|0|0|0
223|#Chakno|6|2856|5|-1|0|-1|0|0|0|0|0|0|0|0|0|0|0|0|0
224|a_Xakra_Sei|0|-1|0|-1|0|-1|0|0|0|0|0|0|0|0|0|0|0|0|0
226|Necro Epic 1.5 Proc|0|6303|5|-1|0|-1|0|0|0|0|0|0|0|0|0|0|0|0|0
227|#Emperor_Ssraeshza_|0|2981|4|-1|0|-1|0|0|0|0|0|0|0|0|0|0|0|0|0
228|#Lord_Inquisitor_Seru|0|1968|5|-1|0|-1|0|0|0|0|0|0|0|0|0|0|0|0|0
229|#Aten_Ha_Ra_DT|0|-1|15|-1|0|-1|0|0|0|0|0|0|0|0|0|0|0|0|0
230|#Kaas_Thox_Xi_Ans_Dyek|0|-1|15|-1|0|-1|0|0|0|0|0|0|0|0|0|0|0|0|0
231|#Kaas_Thox_Xi_Aten_Ha_Ra|0|2162|5|-1|0|-1|0|0|0|0|0|0|0|0|0|0|0|0|0
232|#Thall_Va_Kelun|0|2160|30|-1|0|-1|0|0|0|0|0|0|0|0|0|0|0|0|0
233|#Thall_Va_Xakra|0|2157|7|-1|0|-1|0|0|0|0|0|0|0|0|0|0|0|0|0
234|#Va_Xi_Aten_Ha_Ra|0|2162|10|-1|0|-1|0|0|0|0|0|0|0|0|0|0|0|0|0
235|#Zelnithak|0|-1|15|-1|0|-1|0|0|0|0|0|0|0|0|0|0|0|0|0
236|Akhevan_Warder|0|2140|100|-1|0|-1|0|0|0|0|0|0|0|0|0|0|0|0|0
237|#Diabo_Xi_Xin_Thall|0|2165|15|-1|0|-1|0|0|0|0|0|0|0|0|0|0|0|0|0
238|#Diabo_Xi_Va_Temariel|2|-1|3|-1|0|-1|0|0|0|0|0|0|0|0|0|0|0|0|0
239|#Diabo_Xi_Va|2|-1|15|-1|0|-1|0|0|0|0|0|0|0|0|0|0|0|0|0
241|Soulbinder_Karyin|0|-1|3|-1|0|-1|0|0|0|0|0|0|0|0|0|0|0|0|0
242|Captain_Varns|0|-1|3|-1|0|-1|0|0|0|0|0|0|0|0|0|0|0|0|0
243|Taskmaster_Luga|0|-1|3|-1|0|-1|0|0|0|0|0|0|0|0|0|0|0|0|0
244|Overlord_Ngrub|0|-1|3|-1|0|-1|0|0|0|0|0|0|0|0|0|0|0|0|0
245|#Spiritseeker_Nadox|0|-1|3|-1|0|-1|0|0|0|0|0|0|0|0|0|0|0|0|0
246|Greater_Corrupted_Pusling|0|1054|20|-1|0|-1|0|0|0|0|0|0|0|0|0|0|0|0|0
247|Greater_Foul_Pusling|0|1055|20|-1|0|-1|0|0|0|0|0|0|0|0|0|0|0|0|0
248|The_Seventh_Hammer|0|1109|10|-1|0|-1|0|0|0|0|0|0|0|0|0|0|0|0|0
249|Priest_of_Discord|0|-1|3|-1|0|-1|0|0|0|0|0|0|0|0|0|0|0|0|0
250|#Hobgoblin_Horrorfiend|0|-1|3|-1|0|-1|0|0|0|0|0|0|0|0|0|0|0|0|0
251|Mujaki_the_Devourer|0|3000|25|-1|0|-1|0|0|0|0|0|0|0|0|0|0|0|0|0
252|#Aramin_the_Spider_Guardian|0|1114|10|-1|0|-1|0|0|0|0|0|0|0|0|0|0|0|0|0
253|#Grummus|0|1112|10|-1|0|-1|0|0|0|0|0|0|0|0|0|0|0|0|0
254|#Gryme_the_Crypt_Guardian|0|-1|3|-1|0|-1|0|0|0|0|0|0|0|0|0|0|0|0|0
255|Manaetic_Behemoth|0|-1|3|-1|0|-1|0|0|0|0|0|0|0|0|0|0|0|0|0
256|Manaetic_Prototype_XI|0|-1|3|-1|0|-1|0|0|0|0|0|0|0|0|0|0|0|0|0
257|a_clockwork_device|0|-1|3|-1|0|-1|0|0|0|0|0|0|0|0|0|0|0|0|0
258|#a_greasy_clockwork|0|-1|3|-1|0|-1|0|0|0|0|0|0|0|0|0|0|0|0|0
259|#Junk_Beast|0|1085|5|-1|0|-1|0|0|0|0|0|0|0|0|0|0|0|0|0
261|A_blood_raven_hatchling|0|-1|3|-1|0|-1|0|0|0|0|0|0|0|0|0|0|0|0|0
262|A_Boruk_ravager|0|-1|3|-1|0|-1|0|0|0|0|0|0|0|0|0|0|0|0|0
263|A_Kaniz_ravager|0|-1|3|-1|0|-1|0|0|0|0|0|0|0|0|0|0|0|0|0
264|Saryrn|0|-1|3|-1|0|-1|0|0|0|0|0|0|0|0|0|0|0|0|0
265|A_Crystalline_Golem|0|3223|10|-1|0|-1|0|0|0|0|0|0|0|0|0|0|0|0|0
266|#Aerin`Dar|0|3226|20|-1|0|-1|0|0|0|0|0|0|0|0|0|0|0|0|0
267|A_Crystalline_Arachnae|0|3222|15|-1|0|-1|0|0|0|0|0|0|0|0|0|0|0|0|0
268|#Disciple_of_Tranquility|0|-1|3|-1|0|-1|0|0|0|0|0|0|0|0|0|0|0|0|0
269|Emmerik_Skyfury|0|1041|9|-1|0|-1|0|0|0|0|0|0|0|0|0|0|0|0|0
270|Torstien_Stoneskin|0|-1|3|-1|0|-1|0|0|0|0|0|0|0|0|0|0|0|0|0
271|Kuanbyr_Hailstorm|0|1031|4|-1|0|-1|0|0|0|0|0|0|0|0|0|0|0|0|0
272|A_firestorm_portal|0|-1|3|-1|0|-1|0|0|0|0|0|0|0|0|0|0|0|0|0
273|Agnarr_the_Storm_Lord|0|1045|10|-1|0|-1|0|0|0|0|0|0|0|0|0|0|0|0|0
275|Auliffe_Chaoswind|1441|1034|8|-1|0|-1|0|0|0|0|0|0|0|0|0|0|0|0|0
276|A_jord_skygge|0|-1|3|-1|0|-1|0|0|0|0|0|0|0|0|0|0|0|0|0
277|Evynd_Firestorm|0|1038|10|-1|0|-1|0|0|0|0|0|0|0|0|0|0|0|0|0
278|A_brann_kriger|0|1026|2|-1|0|-1|0|0|0|0|0|0|0|0|0|0|0|0|0
279|Brynju_Thunderclap|0|1026|13|-1|0|-1|0|0|0|0|0|0|0|0|0|0|0|0|0
280|Valbrand|0|-1|3|-1|0|-1|0|0|0|0|0|0|0|0|0|0|0|0|0
281|A_storm_guardian|0|-1|3|-1|0|-1|0|0|0|0|0|0|0|0|0|0|0|0|0
282|Eindride_Icestorm|0|1047|20|-1|0|-1|0|0|0|0|0|0|0|0|0|0|0|0|0
283|PoStorms forest giants|0|1046|8|-1|0|-1|0|0|0|0|0|0|0|0|0|0|0|0|0
284|a_spined_cactoric|0|3160|10|-1|0|-1|0|0|0|0|0|0|0|0|0|0|0|0|0
285|a_typhoon_lorok|0|3161|10|-1|0|-1|0|0|0|0|0|0|0|0|0|0|0|0|0
286|a_jotna_her_megir|0|3163|10|-1|0|-1|0|0|0|0|0|0|0|0|0|0|0|0|0
287|a_Krendic_slitherer|0|3158|10|-1|0|-1|0|0|0|0|0|0|0|0|0|0|0|0|0
288|A_Recuso_Degenerate|0|-1|3|-1|0|-1|0|0|0|0|0|0|0|0|0|0|0|0|0
289|Order_Elemental|0|-1|3|-1|0|-1|0|0|0|0|0|0|0|0|0|0|0|0|0
290|An_Undead_Inhabitant|9|-1|3|-1|0|-1|0|0|0|0|0|0|0|0|0|0|0|0|0
291|Rizlona Dragon|0|-1|3|-1|0|-1|0|0|0|0|0|0|0|0|0|0|0|0|0
292|#Instadis|0|-1|3|-1|0|-1|0|0|0|0|0|0|0|0|0|0|0|0|0
293|Deathly Fire|0|-1|3|-1|0|-1|0|0|0|0|0|0|0|0|0|0|0|0|0
294|Solusek_Ro|0|-1|3|-1|0|-1|0|0|0|0|0|0|0|0|0|0|0|0|0
295|a_flame_frog|0|239|13|-1|0|-1|0|0|0|0|0|0|0|0|0|0|0|0|0
296|Jiva|0|1643|20|-1|0|-1|0|0|0|0|0|0|0|0|0|0|0|0|0
297|Tallon_Zek|0|808|70|-1|0|-1|0|0|0|0|0|0|0|0|0|0|0|0|0
298|fake Vallon_Zek potimeb|0|-1|3|-1|0|-1|0|0|0|0|0|0|0|0|0|0|0|0|0
299|Rallos_Zek_the_Warlord|0|2445|15|-1|0|-1|0|0|0|0|0|0|0|0|0|0|0|0|0
300|#Shadow_Master_Vinta|0|-1|3|-1|0|-1|0|0|0|0|0|0|0|0|0|0|0|0|0
301|Glykus_Helmir|0|-1|3|-1|0|-1|0|0|0|0|0|0|0|0|0|0|0|0|0
302|Arch_Mage_Alchtonion|2|2263|15|-1|0|-1|0|0|0|0|0|0|0|0|0|0|0|0|0
303|#Queen_Silandria|0|2096|15|-1|0|-1|0|0|0|0|0|0|0|0|0|0|0|0|0
304|#A_Swirling_Elemental_Force|0|2263|15|-1|0|-1|0|0|0|0|0|0|0|0|0|0|0|0|0
305|High_Councilman_of_the_Queen|0|3154|15|-1|0|-1|0|0|0|0|0|0|0|0|0|0|0|0|0
306|#Rindaler_Egulrtan|0|-1|3|-1|0|-1|0|0|0|0|0|0|0|0|0|0|0|0|0
307|An_Elemental_Champion1|0|1162|15|-1|0|-1|0|0|0|0|0|0|0|0|0|0|0|0|0
308|#Avatar_of_Smoke|0|1032|15|-1|0|-1|0|0|0|0|0|0|0|0|0|0|0|0|0
309|#Xegony_the_Queen_of_Air|0|-1|3|-1|0|-1|0|0|0|0|0|0|0|0|0|0|0|0|0
310|#Sigismond_Windwalker|0|3154|15|-1|0|-1|0|0|0|0|0|0|0|0|0|0|0|0|0
311|#Calebgrothiel|0|1162|15|-1|0|-1|0|0|0|0|0|0|0|0|0|0|0|0|0
312|An_Elemental_Doomseeker|0|1126|15|-1|0|-1|0|0|0|0|0|0|0|0|0|0|0|0|0
313|Ofossaa_the_Enlightened|0|-1|3|-1|0|-1|0|0|0|0|0|0|0|0|0|0|0|0|0
314|Hydrotha|0|-1|3|-1|0|-1|0|0|0|0|0|0|0|0|0|0|0|0|0
315|Krziik_the_Mighty|0|-1|3|-1|0|-1|0|0|0|0|0|0|0|0|0|0|0|0|0
316|Coirnav_the_Avatar_of_Water|0|-1|3|-1|0|-1|0|0|0|0|0|0|0|0|0|0|0|0|0
317|Grioihin_the_Wise|0|-1|3|-1|0|-1|0|0|0|0|0|0|0|0|0|0|0|0|0
318|Babnoxis_the_Spider_Queen|0|-1|3|-1|0|-1|0|0|0|0|0|0|0|0|0|0|0|0|0
319|Criare_Sunmane|0|-1|3|-1|0|-1|0|0|0|0|0|0|0|0|0|0|0|0|0
320|Arch_Mage_Yozanni|0|-1|3|-1|0|-1|0|0|0|0|0|0|0|0|0|0|0|0|0
321|General_Reparm|0|3013|16|-1|0|-1|0|0|0|0|0|0|0|0|0|0|0|0|0
322|Pyronis|0|-1|3|-1|0|-1|0|0|0|0|0|0|0|0|0|0|0|0|0
323|Quavonis_Firetail|0|-1|3|-1|0|-1|0|0|0|0|0|0|0|0|0|0|0|0|0
324|Blazzax_the_Omnifiend|0|-1|3|-1|0|-1|0|0|0|0|0|0|0|0|0|0|0|0|0
325|A_Korascian_Warlord|0|3161|10|-1|0|-1|0|0|0|0|0|0|0|0|0|0|0|0|0
326|A_Gemmed_Guardian|0|3222|10|-1|0|-1|0|0|0|0|0|0|0|0|0|0|0|0|0
327|Peregrin_Rockskull|0|3164|10|-1|0|-1|0|0|0|0|0|0|0|0|0|0|0|0|0
328|Derugoak_Bloodwalker|0|2137|10|-1|0|-1|0|0|0|0|0|0|0|0|0|0|0|0|0
329|An_Unkempt_Arborean|0|1110|10|-1|0|-1|0|0|0|0|0|0|0|0|0|0|0|0|0
330|An_Animated_Earthwalker|0|2897|10|-1|0|-1|0|0|0|0|0|0|0|0|0|0|0|0|0
331|A_Monsterous_Mudwalker|0|3163|10|-1|0|-1|0|0|0|0|0|0|0|0|0|0|0|0|0
332|Rain of Terror proc|0|2137|10|-1|0|-1|0|0|0|0|0|0|0|0|0|0|0|0|0
333|A_Mystical_Arbitor_of_Earth|0|794|10|-1|0|-1|0|0|0|0|0|0|0|0|0|0|0|0|0
334|Stone Spider Stun Proc|0|916|10|-1|0|-1|0|0|0|0|0|0|0|0|0|0|0|0|0
335|#Lord_Mithaniel_Marr|0|3167|10|-1|0|-1|0|0|0|0|0|0|0|0|0|0|0|0|0
336|Anar_of_Water|0|-1|3|-1|0|-1|0|0|0|0|0|0|0|0|0|0|0|0|0
337|Magus_Pellen|0|-1|3|-1|0|-1|0|0|0|0|0|0|0|0|0|0|0|0|0
338|Galdorin_Visigothe|0|-1|3|-1|0|-1|0|0|0|0|0|0|0|0|0|0|0|0|0
339|a_ra`tuk_decapitator|0|4570|3|-1|0|-1|0|0|0|0|0|0|0|0|0|0|0|0|0
340|a_mastruq_warfiend|0|4575|3|-1|0|-1|0|0|0|0|0|0|0|0|0|0|0|0|0
341|A_Kyv_Runner|0|-1|3|-1|0|-1|0|0|0|0|0|0|0|0|0|0|0|0|0
342|a_kyv_heartpiercer|0|4570|3|-1|0|-1|0|0|0|0|0|0|0|0|0|0|0|0|0
343|Zun`Muram_Votal|0|-1|3|-1|0|-1|0|0|0|0|0|0|0|0|0|0|0|0|0
344|a_ukun_boneretriever|0|4570|3|-1|0|-1|0|0|0|0|0|0|0|0|0|0|0|0|0
345|a_mastruq_warfiend|0|4570|3|-1|0|-1|0|0|0|0|0|0|0|0|0|0|0|0|0
346|Packmaster_Skoiat_Pizak|0|4570|3|-1|0|-1|0|0|0|0|0|0|0|0|0|0|0|0|0
347|an_ukun_boneretriever|0|4570|3|-1|0|-1|0|0|0|0|0|0|0|0|0|0|0|0|0
348|Pixtt_Priest_Guardian|0|-1|3|-1|0|-1|0|0|0|0|0|0|0|0|0|0|0|0|0
349|a_turepta_cragwalker|0|4578|3|-1|0|-1|0|0|0|0|0|0|0|0|0|0|0|0|0
350|a_hynid_fleshripper|0|4574|3|-1|0|-1|0|0|0|0|0|0|0|0|0|0|0|0|0
351|#Kyv_Heartpiercer|0|-1|3|-1|0|-1|0|0|0|0|0|0|0|0|0|0|0|0|0
352|#Cragbeast_Queen|0|-1|3|-1|0|-1|0|0|0|0|0|0|0|0|0|0|0|0|0
353|a_shore_stonemite|0|4576|3|-1|0|-1|0|0|0|0|0|0|0|0|0|0|0|0|0
354|Magus_Wenla|0|-1|3|-1|0|-1|0|0|0|0|0|0|0|0|0|0|0|0|0
355|#Spiritlord_Body|0|-1|3|-1|0|-1|0|0|0|0|0|0|0|0|0|0|0|0|0
356|#Pixtt_Xictic_Krvne_|0|-1|3|-1|0|-1|0|0|0|0|0|0|0|0|0|0|0|0|0
357|#Mastruq_Commander_Gorlakt|0|-1|3|-1|0|-1|0|0|0|0|0|0|0|0|0|0|0|0|0
358|#Pixtt_Trext_Rexi|0|-1|3|-1|0|-1|0|0|0|0|0|0|0|0|0|0|0|0|0
359|#Spiritlord_Mind|0|-1|3|-1|0|-1|0|0|0|0|0|0|0|0|0|0|0|0|0
360|an_ikaav_fleshflare|2|-1|3|-1|0|-1|0|0|0|0|0|0|0|0|0|0|0|0|0
361|an_ukun_deathfang|0|-1|3|-1|0|-1|0|0|0|0|0|0|0|0|0|0|0|0|0
362|a_noc_havocblade|0|4570|3|-1|0|-1|0|0|0|0|0|0|0|0|0|0|0|0|0
363|a_flinty_cragbeast|0|4572|3|-1|0|-1|0|0|0|0|0|0|0|0|0|0|0|0|0
364|an_ukun_deathfang|0|4570|3|-1|0|-1|0|0|0|0|0|0|0|0|0|0|0|0|0
365|#Kragsmash|0|-1|3|-1|0|-1|0|0|0|0|0|0|0|0|0|0|0|0|0
366|The_Keeper|0|-1|3|-1|0|-1|0|0|0|0|0|0|0|0|0|0|0|0|0
367|#a_reclusive_girplan|0|-1|3|-1|0|-1|0|0|0|0|0|0|0|0|0|0|0|0|0
368|an_ukun_fleshhound|0|4570|3|-1|0|-1|0|0|0|0|0|0|0|0|0|0|0|0|0
369|a_dragorn_peon|0|-1|3|-1|0|-1|0|0|0|0|0|0|0|0|0|0|0|0|0
370|#Elite_Dragorn_Jekisia|0|-1|3|-1|0|-1|0|0|0|0|0|0|0|0|0|0|0|0|0
371|Tarlang|0|4570|3|-1|0|-1|0|0|0|0|0|0|0|0|0|0|0|0|0
372|a_dragorn_arch_prelate|0|-1|3|-1|0|-1|0|0|0|0|0|0|0|0|0|0|0|0|0
373|#Grinbar_the_Ancient|0|-1|3|-1|0|-1|0|0|0|0|0|0|0|0|0|0|0|0|0
374|Bazu_Hulk|0|-1|3|-1|0|-1|0|0|0|0|0|0|0|0|0|0|0|0|0
375|#Bone_Cracker|0|-1|3|-1|0|-1|0|0|0|0|0|0|0|0|0|0|0|0|0
376|a_murkglider_stinger|0|-1|3|-1|0|-1|0|0|0|0|0|0|0|0|0|0|0|0|0
377|#Drarakon_the_Mad|0|-1|3|-1|0|-1|0|0|0|0|0|0|0|0|0|0|0|0|0
378|#an_aggressive_murkglider|0|-1|3|-1|0|-1|0|0|0|0|0|0|0|0|0|0|0|0|0
379|#Slavedriver_Menlo|0|-1|3|-1|0|-1|0|0|0|0|0|0|0|0|0|0|0|0|0
380|Bazu_Smasher|0|-1|3|-1|0|-1|0|0|0|0|0|0|0|0|0|0|0|0|0
381|#a_fecund_murkglider|0|-1|3|-1|0|-1|0|0|0|0|0|0|0|0|0|0|0|0|0
382|#Bazu_Terror|0|-1|3|-1|0|-1|0|0|0|0|0|0|0|0|0|0|0|0|0
383|#Ridgerunner_Drunt|0|-1|3|-1|0|-1|0|0|0|0|0|0|0|0|0|0|0|0|0
384|#Murkglider_School_Leader|0|-1|3|-1|0|-1|0|0|0|0|0|0|0|0|0|0|0|0|0
385|a_dragorn_armsman|0|-1|3|-1|0|-1|0|0|0|0|0|0|0|0|0|0|0|0|0
386|#Bloated_Girplan|0|-1|3|-1|0|-1|0|0|0|0|0|0|0|0|0|0|0|0|0
387|#Kyv_Sharpshooter_Jaeth|0|-1|3|-1|0|-1|0|0|0|0|0|0|0|0|0|0|0|0|0
388|#Souldrainer|0|-1|3|-1|0|-1|0|0|0|0|0|0|0|0|0|0|0|0|0
389|a_dragorn_laborer|0|-1|3|-1|0|-1|0|0|0|0|0|0|0|0|0|0|0|0|0
390|#Discordling_Dark_Animist|0|-1|3|-1|0|-1|0|0|0|0|0|0|0|0|0|0|0|0|0
391|#Zun`Muram_Volklana|0|-1|3|-1|0|-1|0|0|0|0|0|0|0|0|0|0|0|0|0
392|Lirah_the_Bridgekeeper|0|-1|3|-1|0|-1|0|0|0|0|0|0|0|0|0|0|0|0|0
393|#Ukun_Fleshhunter|0|-1|3|-1|0|-1|0|0|0|0|0|0|0|0|0|0|0|0|0
394|#Ixt_Imnes_the_Ironhoof|0|-1|3|-1|0|-1|0|0|0|0|0|0|0|0|0|0|0|0|0
395|#Murkglider_Breeder|0|-1|3|-1|0|-1|0|0|0|0|0|0|0|0|0|0|0|0|0
396|#Battlemaster_Rhorious|0|-1|3|-1|0|-1|0|0|0|0|0|0|0|0|0|0|0|0|0
397|Krekk_Brimblade|0|1068|3|-1|0|-1|0|0|0|0|0|0|0|0|0|0|0|0|0
398|a_Dragorn_Prodigy|0|-1|3|-1|0|-1|0|0|0|0|0|0|0|0|0|0|0|0|0
399|#a_cracked_earthshaker|0|-1|3|-1|0|-1|0|0|0|0|0|0|0|0|0|0|0|0|0
400|#Sverins_Fireskin|0|-1|3|-1|0|-1|0|0|0|0|0|0|0|0|0|0|0|0|0
401|a_Shrewd_Dragorn|0|-1|3|-1|0|-1|0|0|0|0|0|0|0|0|0|0|0|0|0
402|Kyv_HeadHunter|0|-1|3|-1|0|-1|0|0|0|0|0|0|0|0|0|0|0|0|0
403|a_discordling_inventor|0|-1|3|-1|0|-1|0|0|0|0|0|0|0|0|0|0|0|0|0
404|Windrush|0|-1|3|-1|0|-1|0|0|0|0|0|0|0|0|0|0|0|0|0
405|a_girplan_rebuilder|0|-1|3|-1|0|-1|0|0|0|0|0|0|0|0|0|0|0|0|0
406|#Trainer_Dysarth|0|-1|3|-1|0|-1|0|0|0|0|0|0|0|0|0|0|0|0|0
407|a_dragorn_curate|0|-1|3|-1|0|-1|0|0|0|0|0|0|0|0|0|0|0|0|0
408|a_discordling_enchainer|0|-1|3|-1|0|-1|0|0|0|0|0|0|0|0|0|0|0|0|0
409|#Taskfiend_Caikap|0|-1|3|-1|0|-1|0|0|0|0|0|0|0|0|0|0|0|0|0
410|Girplan_Scavenger|0|-1|3|-1|0|-1|0|0|0|0|0|0|0|0|0|0|0|0|0
411|#Discordling_Enchainer_Kuroun|0|-1|3|-1|0|-1|0|0|0|0|0|0|0|0|0|0|0|0|0
412|#Lightningcaller_Vhalek|0|-1|3|-1|0|-1|0|0|0|0|0|0|0|0|0|0|0|0|0
413|an_elite_ikaav_binder|0|-1|3|-1|0|-1|0|0|0|0|0|0|0|0|0|0|0|0|0
414|#Coal|0|-1|3|-1|0|-1|0|0|0|0|0|0|0|0|0|0|0|0|0
415|a_pyrilen_fireblade|0|-1|3|-1|0|-1|0|0|0|0|0|0|0|0|0|0|0|0|0
416|a_pyrilen_guard|0|-1|3|-1|0|-1|0|0|0|0|0|0|0|0|0|0|0|0|0
417|#Pyrilen_Riftseeker|0|-1|3|-1|0|-1|0|0|0|0|0|0|0|0|0|0|0|0|0
418|#Feratha|0|-1|3|-1|0|-1|0|0|0|0|0|0|0|0|0|0|0|0|0
419|#Chailak|0|-1|3|-1|0|-1|0|0|0|0|0|0|0|0|0|0|0|0|0
420|a_gelidran_frostblade|0|-1|3|-1|0|-1|0|0|0|0|0|0|0|0|0|0|0|0|0
421|#Pyrilen_Researcher|0|-1|3|-1|0|-1|0|0|0|0|0|0|0|0|0|0|0|0|0
422|a_gelidran_iceskin|0|-1|3|-1|0|-1|0|0|0|0|0|0|0|0|0|0|0|0|0
423|#Companion_Prefect|0|-1|3|-1|0|-1|0|0|0|0|0|0|0|0|0|0|0|0|0
424|#Bazu_Destroyer|0|-1|3|-1|0|-1|0|0|0|0|0|0|0|0|0|0|0|0|0
425|#Discordling_Warfiend|0|-1|3|-1|0|-1|0|0|0|0|0|0|0|0|0|0|0|0|0
426|#Tarn_Icewind|0|-1|3|-1|0|-1|0|0|0|0|0|0|0|0|0|0|0|0|0
427|#Discordling_Chaosfiend|0|-1|3|-1|0|-1|0|0|0|0|0|0|0|0|0|0|0|0|0
428|#Shadowhunter|0|-1|3|-1|0|-1|0|0|0|0|0|0|0|0|0|0|0|0|0
429|a_murkglider_preystalker|0|-1|3|-1|0|-1|0|0|0|0|0|0|0|0|0|0|0|0|0
430|#Pyrique_Redwing|0|-1|3|-1|0|-1|0|0|0|0|0|0|0|0|0|0|0|0|0
431|a_ferocious_feran|0|-1|3|-1|0|-1|0|0|0|0|0|0|0|0|0|0|0|0|0
432|an_infernal_chimera|0|-1|3|-1|0|-1|0|0|0|0|0|0|0|0|0|0|0|0|0
433|#Herrian_Warfrost|0|-1|3|-1|0|-1|0|0|0|0|0|0|0|0|0|0|0|0|0
434|an_elite_kyv_hunter|0|4570|3|-1|0|-1|0|0|0|0|0|0|0|0|0|0|0|0|0
435|#Girplan_Guardian|0|-1|3|-1|0|-1|0|0|0|0|0|0|0|0|0|0|0|0|0
436|#Hulcror|0|-1|3|-1|0|-1|0|0|0|0|0|0|0|0|0|0|0|0|0
437|#Velitorkin|0|-1|3|-1|0|-1|0|0|0|0|0|0|0|0|0|0|0|0|0
438|Dragorn_Champion|0|-1|3|-1|0|-1|0|0|0|0|0|0|0|0|0|0|0|0|0
440|Administrator_Charial|0|4711|3|-1|0|-1|0|0|0|0|0|0|0|0|0|0|0|0|0
441|Overlord_Mata_Muram|0|-1|3|-1|0|-1|0|0|0|0|0|0|0|0|0|0|0|0|0
442|Venril_Sathir|0|993|10|-1|0|-1|0|0|0|0|0|0|0|0|0|0|0|0|0
443|Xenolixthilian|0|73|10|-1|0|-1|0|0|0|0|0|0|0|0|0|0|0|0|0
444|#Korucust|0|-1|3|-1|0|-1|0|0|0|0|0|0|0|0|0|0|0|0|0
445|TheCorpseMaker|0|982|100|-1|0|-1|0|0|0|0|0|0|0|0|0|0|0|0|0
446|Maestro_of_Rancor|0|993|3|-1|0|-1|0|0|0|0|0|0|0|0|0|0|0|0|0
447|#Culthor_the_Gatekeeper|0|-1|3|-1|0|-1|0|0|0|0|0|0|0|0|0|0|0|0|0
448|Eom_Centien_Xakra|0|-1|3|-1|0|-1|0|0|0|0|0|0|0|0|0|0|0|0|0
449|Bazzt_Zzzt|0|-1|3|-1|0|-1|0|0|0|0|0|0|0|0|0|0|0|0|0
450|Deep|0|795|10|-1|0|-1|0|0|0|0|0|0|0|0|0|0|0|0|0
451|Vorash|0|796|10|-1|0|-1|0|0|0|0|0|0|0|0|0|0|0|0|0
452|Xenevorash|0|846|10|-1|0|-1|0|0|0|0|0|0|0|0|0|0|0|0|0
453|Trunt|0|794|10|-1|0|-1|0|0|0|0|0|0|0|0|0|0|0|0|0
454|Eejag|0|792|10|-1|0|-1|0|0|0|0|0|0|0|0|0|0|0|0|0
455|Cauldron_Wizard_NPC|0|-1|10|-1|0|-1|0|0|0|0|0|0|0|0|0|0|0|0|0
456|Cauldron_Cleric_NPC|0|-1|10|-1|0|-1|0|0|0|0|0|0|0|0|0|0|0|0|0
457|Cauldron_Ranger_NPC|0|-1|3|-1|0|-1|0|0|0|0|0|0|0|0|0|0|0|0|0
458|Jen_Sapara|0|-1|3|-1|0|-1|0|0|0|0|0|0|0|0|0|0|0|0|0
459|#Cazic_Thule_potimeb|0|3070|5|-1|0|-1|0|0|0|0|0|0|0|0|0|0|0|0|0
460|#Rallos_Zek_potimeb|0|-1|3|-1|0|-1|0|0|0|0|0|0|0|0|0|0|0|0|0
461|#Bertoxxulous_potimeb|0|-1|3|-1|0|-1|0|0|0|0|0|0|0|0|0|0|0|0|0
462|#Innoruuk_potimeb|0|-1|3|-1|0|-1|0|0|0|0|0|0|0|0|0|0|0|0|0
463|Terris_Thule_potimeb|0|3071|5|-1|0|-1|0|0|0|0|0|0|0|0|0|0|0|0|0
464|Saryrn_potimeb|0|3072|5|-1|0|-1|0|0|0|0|0|0|0|0|0|0|0|0|0
465|Tallon_Zek_potimeb|0|-1|3|-1|0|-1|0|0|0|0|0|0|0|0|0|0|0|0|0
466|Vallon_Zek_potimeb|0|-1|3|-1|0|-1|0|0|0|0|0|0|0|0|0|0|0|0|0
467|A_Needletusk_Warboar|0|-1|3|-1|0|-1|0|0|0|0|0|0|0|0|0|0|0|0|0
468|Avatar_of_the_Elements|0|2390|8|-1|0|-1|0|0|0|0|0|0|0|0|0|0|0|0|0
469|Xerskel_Gerodnsal|1|-1|3|-1|0|-1|0|0|0|0|0|0|0|0|0|0|0|0|0
470|Ralthos_Enrok|1436|-1|3|-1|0|-1|0|0|0|0|0|0|0|0|0|0|0|0|0
471|Neimon_of_Air|0|-1|3|-1|0|-1|0|0|0|0|0|0|0|0|0|0|0|0|0
472|Kazrok_of_Fire|0|-1|3|-1|0|-1|0|0|0|0|0|0|0|0|0|0|0|0|0
473|Rythor_of_the_Undead|0|-1|3|-1|0|-1|0|0|0|0|0|0|0|0|0|0|0|0|0
474|AirPetAttack2|0|-1|3|-1|0|-1|0|0|0|0|0|0|0|0|0|0|0|0|0
475|EarthPetAttacks2|0|-1|3|-1|0|-1|0|0|0|0|0|0|0|0|0|0|0|0|0
476|EarthPetAttacks3|0|-1|3|-1|0|-1|0|0|0|0|0|0|0|0|0|0|0|0|0
477|WaterPetAttacks2|0|-1|3|-1|0|-1|0|0|0|0|0|0|0|0|0|0|0|0|0
478|muddite_mud|0|957|5|-1|0|-1|0|0|0|0|0|0|0|0|0|0|0|0|0
479|Fennin_Ro_the_Tyrant_of_Fire|0|-1|3|-1|0|-1|0|0|0|0|0|0|0|0|0|0|0|0|0
480|Javonn_the_Overlord|0|-1|3|-1|0|-1|0|0|0|0|0|0|0|0|0|0|0|0|0
481|Reaxnous_the_Chaoslord|0|-1|3|-1|0|-1|0|0|0|0|0|0|0|0|0|0|0|0|0
482|Azobian_the_Darklord|0|-1|3|-1|0|-1|0|0|0|0|0|0|0|0|0|0|0|0|0
483|Chancellor_Kirtra|0|-1|3|-1|0|-1|0|0|0|0|0|0|0|0|0|0|0|0|0
484|Chancellor_Traxom|0|-1|3|-1|0|-1|0|0|0|0|0|0|0|0|0|0|0|0|0
485|unrest_ghoul|0|901|3|-1|0|-1|0|0|0|0|0|0|0|0|0|0|0|0|0
486|King_Gragnar|0|-1|3|-1|0|-1|0|0|0|0|0|0|0|0|0|0|0|0|0
487|Stampeding_Pigs|0|-1|3|-1|0|-1|0|0|0|0|0|0|0|0|0|0|0|0|0
488|#Sorrowsong|0|-1|3|-1|0|-1|0|0|0|0|0|0|0|0|0|0|0|0|0
489|#Kerafyrm_|0|-1|1|-1|0|-1|0|0|0|0|0|0|0|0|0|0|0|0|0
490|Iron_Mike|0|-1|3|-1|0|-1|0|0|0|0|0|0|0|0|0|0|0|0|0
491|NPC_invis|0|-1|3|-1|0|-1|0|0|0|0|0|0|0|0|0|0|0|0|0
492|Lieutenant_Dagarok|9|-1|3|-1|0|-1|0|0|0|0|0|0|0|0|0|0|0|0|0
493|Punisher_Veshtaq|9|-1|3|-1|0|-1|0|0|0|0|0|0|0|0|0|0|0|0|0
494|a_stifling_nemesis|0|1809|3|-1|0|-1|0|0|0|0|0|0|0|0|0|0|0|0|0
495|Gallows_Master_Teion|5|-1|3|-1|0|-1|0|0|0|0|0|0|0|0|0|0|0|0|0
496|Furious_Phantasm|0|-1|3|-1|0|-1|0|0|0|0|0|0|0|0|0|0|0|0|0
514|Default  Pet  Wizard List|0|-1|10|-1|0|-1|0|0|0|0|0|0|0|0|0|0|0|0|0
515|Default  Pet  Necromancer List|0|-1|3|-1|0|-1|0|0|0|0|0|0|0|0|0|0|0|0|0
516|Default  Pet  Magician List|0|-1|3|-1|0|-1|0|0|0|0|0|0|0|0|0|0|0|0|0
517|Default  Pet  Enchanter List|0|-1|3|-1|0|-1|0|0|0|0|0|0|0|0|0|0|0|0|0
518|Default  Pet  Shaman List|0|-1|3|-1|0|-1|0|0|0|0|0|0|0|0|0|0|0|0|0
519|Default  Pet  Druid List|0|-1|3|-1|0|-1|0|0|0|0|0|0|0|0|0|0|0|0|0
520|Default  Pet  Paladin List|0|-1|3|-1|0|-1|0|0|0|0|0|0|0|0|0|0|0|0|0
521|Default  Pet  Shadowknight List|0|-1|5|-1|0|-1|0|0|0|0|0|0|0|0|0|0|0|0|0
522|Default  Pet  Ranger List|0|-1|3|-1|0|-1|0|0|0|0|0|0|0|0|0|0|0|0|0
523|Default  Pet  Bard List|0|-1|3|-1|0|-1|0|0|0|0|0|0|0|0|0|0|0|0|0
524|Default  Pet  Beastlord List|0|-1|3|-1|0|-1|0|0|0|0|0|0|0|0|0|0|0|0|0
525|a_tortured_soul|0|-1|20|-1|0|-1|0|0|0|0|0|0|0|0|0|0|0|0|0
526|a_bone_golem|0|-1|3|-1|0|-1|0|0|0|0|0|0|0|0|0|0|0|0|0
527|#Vulak`Aerr|0|-1|3|-1|0|-1|0|0|0|0|0|0|0|0|0|0|0|0|0
528|#Garudon|3|-1|3|-1|0|-1|0|0|0|0|0|0|0|0|0|0|0|0|0
529|a_wormspore|0|2985|50|-1|0|-1|0|0|0|0|0|0|0|0|0|0|0|0|0
530|The_Needlite_Queen|0|2989|10|-1|0|-1|0|0|0|0|0|0|0|0|0|0|0|0|0
531|a_cave_basilisk_genitor|0|926|10|-1|0|-1|0|0|0|0|0|0|0|0|0|0|0|0|0
532|#an_acidic_mass|0|2132|20|-1|0|-1|0|0|0|0|0|0|0|0|0|0|0|0|0
533|Necro_Pet44|0|918|10|-1|0|-1|0|0|0|0|0|0|0|0|0|0|0|0|0
534|Necro_Pet49|0|918|10|-1|0|-1|0|0|0|0|0|0|0|0|0|0|0|0|0
535|Necro_Pet59|0|918|10|-1|0|-1|0|0|0|0|0|0|0|0|0|0|0|0|0
536|Necro_Pet61|0|918|10|-1|0|-1|0|0|0|0|0|0|0|0|0|0|0|0|0
537|Necro_Pet65|0|918|10|-1|0|-1|0|0|0|0|0|0|0|0|0|0|0|0|0
538|a_pool_of_black_ooze|0|-1|3|-1|0|-1|0|0|0|0|0|0|0|0|0|0|0|0|0
539|Trunt|0|794|5|-1|0|-1|0|0|0|0|0|0|0|0|0|0|0|0|0
540|Aten_Ha_Ra|0|-1|3|-1|0|-1|0|0|0|0|0|0|0|0|0|0|0|0|0
541|#Arch_Magus_Vangl|0|-1|3|-1|0|-1|0|0|0|0|0|0|0|0|0|0|0|0|0
542|Prime_Executioner_Vathoch|0|-1|3|-1|0|-1|0|0|0|0|0|0|0|0|0|0|0|0|0
543|#Sister_of_the_Spire|0|-1|3|-1|0|-1|0|0|0|0|0|0|0|0|0|0|0|0|0
544|An_Impervious_Bloodbeast|0|-1|3|-1|0|-1|0|0|0|0|0|0|0|0|0|0|0|0|0
545|Ferocious_Goblin|0|-1|3|-1|0|-1|0|0|0|0|0|0|0|0|0|0|0|0|0
546|a_lesser_ice_shade|0|-1|3|-1|0|-1|0|0|0|0|0|0|0|0|0|0|0|0|0
547|Quarm_Fire|548|-1|3|-1|0|-1|0|0|0|0|0|0|0|0|0|0|0|0|0
548|Quarm|0|3936|1|-1|0|-1|0|0|0|0|0|0|0|0|0|0|0|0|0
549|Quarm_Ice|548|-1|3|-1|0|-1|0|0|0|0|0|0|0|0|0|0|0|0|0
550|Quarm_Poison|548|-1|3|-1|0|-1|0|0|0|0|0|0|0|0|0|0|0|0|0
551|Quarm_Disease|548|-1|3|-1|0|-1|0|0|0|0|0|0|0|0|0|0|0|0|0
552|a_time_vortex|0|1345|35|-1|0|-1|0|0|0|0|0|0|0|0|0|0|0|0|0
553|#Terris_Thule_Nightmareb|3|-1|3|-1|0|-1|0|0|0|0|0|0|0|0|0|0|0|0|0
554|#Xanamech_Nezmirthafen|0|-1|3|-1|0|-1|0|0|0|0|0|0|0|0|0|0|0|0|0
555|Thelin_Poxbourne|0|-1|1|-1|0|-1|0|0|0|0|0|0|0|0|0|0|0|0|0
556|#Avatar_of_Abhorrence|0|1318|3|-1|0|-1|0|0|0|0|0|0|0|0|0|0|0|0|0
557|a_dream_defiler|0|2847|7|-1|0|-1|0|0|0|0|0|0|0|0|0|0|0|0|0
558|a_cunning_lynx|0|-1|3|-1|0|-1|0|0|0|0|0|0|0|0|0|0|0|0|0
559|a_mystical_griffin|0|-1|3|-1|0|-1|0|0|0|0|0|0|0|0|0|0|0|0|0
560|a_mystical_snow_griffin|0|-1|3|-1|0|-1|0|0|0|0|0|0|0|0|0|0|0|0|0
561|a_shimmering_geonid|0|-1|3|-1|0|-1|0|0|0|0|0|0|0|0|0|0|0|0|0
562|an_agitated_ice_giant|0|-1|3|-1|0|-1|0|0|0|0|0|0|0|0|0|0|0|0|0
563|#_Carprin_Deatharn|0|1059|20|-1|0|-1|0|0|0|0|0|0|0|0|0|0|0|0|0
564|Avhi_Escron|0|1061|28|-1|0|-1|0|0|0|0|0|0|0|0|0|0|0|0|0
565|Vindor_Mawnil|0|1065|4|-1|0|-1|0|0|0|0|0|0|0|0|0|0|0|0|0
566|Lifeshock 10 percent|0|1065|10|-1|0|-1|0|0|0|0|0|0|0|0|0|0|0|0|0
567|High_Priest_Ultor_Szanvon|0|-1|3|-1|0|-1|0|0|0|0|0|0|0|0|0|0|0|0|0
568|#Xhut_Adan|0|1061|10|-1|0|-1|0|0|0|0|0|0|0|0|0|0|0|0|0
569|#Darwol_Adan|0|-1|3|-1|0|-1|0|0|0|0|0|0|0|0|0|0|0|0|0
570|#Zandal_Adan|0|-1|3|-1|0|-1|0|0|0|0|0|0|0|0|0|0|0|0|0
571|CoD #Bertoxxulous|0|-1|3|-1|0|-1|0|0|0|0|0|0|0|0|0|0|0|0|0
572|guano_harvester|2|-1|3|-1|0|-1|0|0|0|0|0|0|0|0|0|0|0|0|0
573|Gaukr_Sandstorm|1441|1031|10|-1|0|-1|0|0|0|0|0|0|0|0|0|0|0|0|0
574|Hreidar_Lynhillig|1441|1026|8|-1|0|-1|0|0|0|0|0|0|0|0|0|0|0|0|0
575|Laef_Windfall|1441|1033|10|-1|0|-1|0|0|0|0|0|0|0|0|0|0|0|0|0
576|Serang Vikch|4|-1|3|-1|0|-1|0|0|0|0|0|0|0|0|0|0|0|0|0
578|#Tunare|519|-1|3|-1|0|-1|0|0|0|0|0|0|0|0|0|0|0|0|0
579|#Rydda`Dar|0|3174|10|-1|0|-1|0|0|0|0|0|0|0|0|0|0|0|0|0
580|ServantRo|0|-1|0|-1|0|-1|0|0|0|0|0|0|0|0|0|0|0|0|0
581|Lcea_Katta|0|1707|10|-1|0|-1|0|0|0|0|0|0|0|0|0|0|0|0|0
582|SumDecoy|0|-1|6|-1|0|-1|0|0|0|0|0|0|0|0|0|0|0|0|0
583|Venril_Sathir_Druid|0|993|10|-1|0|-1|0|0|0|0|0|0|0|0|0|0|0|0|0
584|#Suled_Dar`s_Shade|0|-1|3|-1|0|-1|0|0|0|0|0|0|0|0|0|0|0|0|0
585|an elder frost protector|0|5184|3|-1|0|-1|0|0|0|0|0|0|0|0|0|0|0|0|0
586|a primevil azure skywing|0|5173|4|-1|0|-1|0|0|0|0|0|0|0|0|0|0|0|0|0
587|Qunard Ashenclaw|8|5174|5|-1|0|-1|0|0|0|0|0|0|0|0|0|0|0|0|0
588|Milyex Vloren|5|5173|5|-1|0|-1|0|0|0|0|0|0|0|0|0|0|0|0|0
589|a guardian of druushk|1|0|0|-1|0|-1|0|0|0|0|0|0|0|0|0|0|0|0|0
590|a primevil chromatic skywing|6|5176|4|-1|0|-1|0|0|0|0|0|0|0|0|0|0|0|0|0
591|a primevil cinder skywing|2|5172|3|-1|0|-1|0|0|0|0|0|0|0|0|0|0|0|0|0
592|a primevil onyx skywing|8|5175|4|-1|0|-1|0|0|0|0|0|0|0|0|0|0|0|0|0
593|guardian of veeshan|0|1111|4|-1|0|-1|0|0|0|0|0|0|0|0|0|0|0|0|0
594|a lava basilisk|0|5170|4|-1|0|-1|0|0|0|0|0|0|0|0|0|0|0|0|0
595|a frenzied racnar|0|5180|3|-1|0|-1|0|0|0|0|0|0|0|0|0|0|0|0|0
596|a primevil emerald skywing|0|5174|4|-1|0|-1|0|0|0|0|0|0|0|0|0|0|0|0|0
597|an elder flame wurm|1|5185|3|-1|0|-1|0|0|0|0|0|0|0|0|0|0|0|0|0
598|a greater sphinx|5|-1|0|-1|0|-1|0|0|0|0|0|0|0|0|0|0|0|0|0
599|Eye of Veeshan|0|995|60|-1|0|-1|0|0|0|0|0|0|0|0|0|0|0|0|0
600|Nanzata the Warder|0|-1|3|-1|0|-1|0|0|0|0|0|0|0|0|0|0|0|0|0
601|Ventani the Warder|0|-1|3|-1|0|-1|0|0|0|0|0|0|0|0|0|0|0|0|0
602|Tukaaraak the Warder|0|-1|3|-1|0|-1|0|0|0|0|0|0|0|0|0|0|0|0|0
603|Hraashna the Warder|0|-1|3|-1|0|-1|0|0|0|0|0|0|0|0|0|0|0|0|0
604|An_Earthen_Mudwalker|0|957|3|-1|0|-1|0|0|0|0|0|0|0|0|0|0|0|0|0
605|#Echo_of_Sebilis|0|3017|3|-1|0|-1|0|0|0|0|0|0|0|0|0|0|0|0|0
606|#Echo_of_Chardok|0|3057|3|-1|0|-1|0|0|0|0|0|0|0|0|0|0|0|0|0
607|a_wayward_wyvern|9|-1|3|-1|0|-1|0|0|0|0|0|0|0|0|0|0|0|0|0
608|a_mature_flame_protector|0|-1|3|-1|0|-1|0|0|0|0|0|0|0|0|0|0|0|0|0
609|The_Icebound_Spirit|0|2054|5|-1|0|-1|0|0|0|0|0|0|0|0|0|0|0|0|0
610|The_Spirit_of_Decay|0|-1|3|-1|0|-1|0|0|0|0|0|0|0|0|0|0|0|0|0
611|#Sevalak|8|-1|3|-1|0|-1|0|0|0|0|0|0|0|0|0|0|0|0|0
612|The_Spirit_of_Torment|0|2058|5|-1|0|-1|0|0|0|0|0|0|0|0|0|0|0|0|0
613|The_Spirit_of_Sorrow|0|-1|3|-1|0|-1|0|0|0|0|0|0|0|0|0|0|0|0|0
614|Tantisala_Jaggedtooth|0|1151|10|-1|0|-1|0|0|0|0|0|0|0|0|0|0|0|0|0
615|A_Perfected_Warder_of_Earth|0|794|10|-1|0|-1|0|0|0|0|0|0|0|0|0|0|0|0|0
616|Khati_Sha_the_Twisted|0|-1|3|-1|0|-1|0|0|0|0|0|0|0|0|0|0|0|0|0
617|Defiled_Minion|0|936|5|-1|0|-1|0|0|0|0|0|0|0|0|0|0|0|0|0
618|Bellowing Winds 15%|0|1478|15|-1|0|-1|0|0|0|0|0|0|0|0|0|0|0|0|0
619|A_Temple_Guardian|0|2999|15|-1|0|-1|0|0|0|0|0|0|0|0|0|0|0|0|0
620|A_Vengeful_Airspirit|0|943|3|-1|0|-1|0|0|0|0|0|0|0|0|0|0|0|0|0
621|An_Elemental_Arbitor|0|340|3|-1|0|-1|0|0|0|0|0|0|0|0|0|0|0|0|0
622|#Avatar_of_Dust|0|1045|15|-1|0|-1|0|0|0|0|0|0|0|0|0|0|0|0|0
623|#Avatar_of_Mist|0|1034|15|-1|0|-1|0|0|0|0|0|0|0|0|0|0|0|0|0
624|#Avatar_of_Wind|0|1033|15|-1|0|-1|0|0|0|0|0|0|0|0|0|0|0|0|0
625|#Baltaldor_the_Cursed|0|1032|15|-1|0|-1|0|0|0|0|0|0|0|0|0|0|0|0|0
626|Chamberlain Escalardian|0|2860|15|-1|0|-1|0|0|0|0|0|0|0|0|0|0|0|0|0
627|#Constable_Alranderisan|1|988|15|-1|0|-1|0|0|0|0|0|0|0|0|0|0|0|0|0
628|#Gakamenial_Fir`Disralsi|0|1043|15|-1|0|-1|0|0|0|0|0|0|0|0|0|0|0|0|0
629|#Muzlakh_the_Chosen|0|692|15|-1|0|-1|0|0|0|0|0|0|0|0|0|0|0|0|0
630|A_Rathe_Councilman|0|3074|3|-1|0|-1|0|0|0|0|0|0|0|0|0|0|0|0|0
631|#Avatar_of_Earth|0|-1|3|-1|0|-1|0|0|0|0|0|0|0|0|0|0|0|0|0
632|poeathb war chieftans|0|2823|10|-1|0|-1|0|0|0|0|0|0|0|0|0|0|0|0|0
633|#Warlord_Gintolaken|0|2823|10|-1|0|-1|0|0|0|0|0|0|0|0|0|0|0|0|0
634|#Ronaiar_Skullmoore |3|-1|3|-1|0|-1|0|0|0|0|0|0|0|0|0|0|0|0|0
635|#Shady_Bandit|0|-1|3|-1|0|-1|0|0|0|0|0|0|0|0|0|0|0|0|0
636|Queen_Klaknak|0|1009|3|-1|0|-1|0|0|0|0|0|0|0|0|0|0|0|0|0
637|a_diseased_rat|0|1007|6|-1|0|-1|0|0|0|0|0|0|0|0|0|0|0|0|0
638|a_mangy_rat|0|909|75|-1|0|-1|0|0|0|0|0|0|0|0|0|0|0|0|0
701|Cleric Bot|0|-1|3|-1|0|-1|0|0|0|0|0|0|0|0|0|0|0|0|0
702|Wizard Bot|0|-1|3|-1|0|-1|0|0|0|0|0|0|0|0|0|0|0|0|0
703|Necromancer Bot|0|-1|3|-1|0|-1|0|0|0|0|0|0|0|0|0|0|0|0|0
704|Magician Bot|0|-1|3|-1|0|-1|0|0|0|0|0|0|0|0|0|0|0|0|0
705|Enchanter Bot|0|-1|3|-1|0|-1|0|0|0|0|0|0|0|0|0|0|0|0|0
706|Shaman Bot|0|-1|3|-1|0|-1|0|0|0|0|0|0|0|0|0|0|0|0|0
707|Druid Bot|0|-1|3|-1|0|-1|0|0|0|0|0|0|0|0|0|0|0|0|0
708|Paladin Bot|0|-1|3|-1|0|-1|0|0|0|0|0|0|0|0|0|0|0|0|0
709|Shadowknight Bot|0|-1|3|-1|0|-1|0|0|0|0|0|0|0|0|0|0|0|0|0
710|Ranger Bot|0|-1|3|-1|0|-1|0|0|0|0|0|0|0|0|0|0|0|0|0
711|Bard Bot|0|-1|3|-1|0|-1|0|0|0|0|0|0|0|0|0|0|0|0|0
712|Beastlord Bot|0|-1|3|-1|0|-1|0|0|0|0|0|0|0|0|0|0|0|0|0
713|Insanity Crawler Trap|0|0|0|-1|0|-1|0|0|0|0|0|0|0|0|0|0|0|0|0
714|#Innoruuk_Nadox|0|-1|3|-1|0|-1|0|0|0|0|0|0|0|0|0|0|0|0|0
716|#Harbinger_Discord_named|0|-1|3|-1|0|-1|0|0|0|0|0|0|0|0|0|0|0|0|0
717|#Trainer_Dysarth|0|-1|3|-1|0|-1|0|0|0|0|0|0|0|0|0|0|0|0|0
718|#Harbingers_named_Dragorn|0|-1|3|-1|0|-1|0|0|0|0|0|0|0|0|0|0|0|0|0
719|#Harbingers_Girplan|0|-1|3|-1|0|-1|0|0|0|0|0|0|0|0|0|0|0|0|0
720|a_swirlspine_seahorse|1|-1|3|-1|0|-1|0|0|0|0|0|0|0|0|0|0|0|0|0
721|DefaultShamanSowList|0|-1|3|-1|0|-1|0|0|0|0|0|0|0|0|0|0|0|0|0
722|Silverwing 1.0|517|-1|0|-1|0|-1|0|0|0|0|0|0|0|0|0|0|0|0|0
723|Phara Dar 1.0|1|-1|0|-1|0|-1|0|0|0|0|0|0|0|0|0|0|0|0|0
724|Xygoz 1.0|0|-1|0|-1|0|-1|0|0|0|0|0|0|0|0|0|0|0|0|0
725|Druushk 1.0|10|-1|0|-1|0|-1|0|0|0|0|0|0|0|0|0|0|0|0|0
726|Nexona 1.0|521|-1|0|-1|0|-1|0|0|0|0|0|0|0|0|0|0|0|0|0
727|Hoshkar|518|-1|0|-1|0|-1|0|0|0|0|0|0|0|0|0|0|0|0|0
901|#The_Fabled_maggot_infested_flesh|0|-1|3|-1|0|-1|0|0|0|0|0|0|0|0|0|0|0|0|0
902|#The_Fabled_Coloth_Meadowgreen|0|-1|3|-1|0|-1|0|0|0|0|0|0|0|0|0|0|0|0|0
903|#The_Fabled_shardwurm_broodmother|0|-1|3|-1|0|-1|0|0|0|0|0|0|0|0|0|0|0|0|0
904|Death_Beetle|0|1016|10|-1|0|-1|0|0|0|0|0|0|0|0|0|0|0|0|0
905|#The_Fabled_Shardtooth|0|-1|3|-1|0|-1|0|0|0|0|0|0|0|0|0|0|0|0|0
906|#The_Fabled_Efreeti_Lord_Djarn|2|-1|3|-1|0|-1|0|0|0|0|0|0|0|0|0|0|0|0|0
907|#The_Fabled_Gorenaire|0|6798|3|-1|0|-1|0|0|0|0|0|0|0|0|0|0|0|0|0
955|#Constable_Belecohen|0|375|15|-1|0|-1|0|0|0|0|0|0|0|0|0|0|0|0|0
956|A_Spiritual_Arcanist|0|-1|3|-1|0|-1|0|0|0|0|0|0|0|0|0|0|0|0|0
957|#Ward_of_Death|0|-1|3|-1|0|-1|0|0|0|0|0|0|0|0|0|0|0|0|0
958|Netherbian_Swarmfiend|0|6111|3|-1|0|-1|0|0|0|0|0|0|0|0|0|0|0|0|0
959|Netherbian_Swarmfiend|0|5025|3|-1|0|-1|0|0|0|0|0|0|0|0|0|0|0|0|0
960|Jagged_Fang|0|1867|35|-1|0|-1|0|0|0|0|0|0|0|0|0|0|0|0|0
961|#Gnoll_Healer|1|-1|3|-1|0|-1|0|0|0|0|0|0|0|0|0|0|0|0|0
962|a_greater_sphinx|5|-1|0|-1|0|-1|0|0|0|0|0|0|0|0|0|0|0|0|0
963|a_sickly_mosquito|0|5688|3|-1|0|-1|0|0|0|0|0|0|0|0|0|0|0|0|0
964|Ralthazor, Champion of Marr|0|3168|10|-1|0|-1|0|0|0|0|0|0|0|0|0|0|0|0|0
965|#Isabele_Darnshift_Corathus|0|-1|3|-1|0|-1|0|0|0|0|0|0|0|0|0|0|0|0|0
966|Trixxrt-s_Guardsman|0|4570|3|-1|0|-1|0|0|0|0|0|0|0|0|0|0|0|0|0
967|#Pixtt_Tixxrt_Kvrok|0|4567|3|-1|0|-1|0|0|0|0|0|0|0|0|0|0|0|0|0
968|Kabeka_Kret|0|4664|10|-1|0|-1|0|0|0|0|0|0|0|0|0|0|0|0|0
969|Keeper_of_Souls|0|-1|3|-1|0|-1|0|0|0|0|0|0|0|0|0|0|0|0|0
970|Jaled_Dar`s_shade|1|-1|3|-1|0|-1|0|0|0|0|0|0|0|0|0|0|0|0|0
971|Prince_Thirneg|10|-1|3|-1|0|-1|0|0|0|0|0|0|0|0|0|0|0|0|0
972|a_crystalline_devourer|0|1497|5|-1|0|-1|0|0|0|0|0|0|0|0|0|0|0|0|0
973|The_Great_Saprophyte|2|2988|50|-1|0|-1|0|0|0|0|0|0|0|0|0|0|0|0|0
974|#The_Fabled_Severilous|0|-1|3|-1|0|-1|0|0|0|0|0|0|0|0|0|0|0|0|0
975|Stefan_Marsinger|0|-1|3|-1|0|-1|0|0|0|0|0|0|0|0|0|0|0|0|0
976|Wizard_spellset_pre_pop|0|-1|10|-1|0|-1|0|0|0|0|0|0|0|0|0|0|0|0|0
977|#An_Egg_Hunter|0|2391|3|-1|0|-1|0|0|0|0|0|0|0|0|0|0|0|0|0
978|Weapon_Master_Vtiink_Vzaan|0|-1|3|-1|0|-1|0|0|0|0|0|0|0|0|0|0|0|0|0
979|Master`s_Apprentice_Gauntlet|0|-1|3|-1|0|-1|0|0|0|0|0|0|0|0|0|0|0|0|0
980|Master`s_Apprentice_Flail|0|-1|3|-1|0|-1|0|0|0|0|0|0|0|0|0|0|0|0|0
981|Master`s_Apprentice_Blade|0|-1|3|-1|0|-1|0|0|0|0|0|0|0|0|0|0|0|0|0
982|Master`s_Apprentice_Axe|0|-1|3|-1|0|-1|0|0|0|0|0|0|0|0|0|0|0|0|0
983|a_mastruq_spiritbrute|6|4570|3|-1|0|-1|0|0|0|0|0|0|0|0|0|0|0|0|0
984|sonic_bat|0|915|15|-1|0|-1|0|0|0|0|0|0|0|0|0|0|0|0|0
985|a_mastruq_warmedic|0|-1|3|-1|0|-1|0|0|0|0|0|0|0|0|0|0|0|0|0
986|#Rav_Krixt_Tekrik|0|4570|3|-1|0|-1|0|0|0|0|0|0|0|0|0|0|0|0|0
987|#Shady_Bandit|0|5756|5|-1|0|-1|0|0|0|0|0|0|0|0|0|0|0|0|0
988|SoulwhisperPally|0|5757|6|-1|0|-1|0|0|0|0|0|0|0|0|0|0|0|0|0
989|#Viarglug|0|4748|5|-1|0|-1|0|0|0|0|0|0|0|0|0|0|0|0|0
990|PoN_Creepers|0|1118|3|-1|0|-1|0|0|0|0|0|0|0|0|0|0|0|0|0
991|#Taskmistress_Krisz|0|4573|3|-1|0|-1|0|0|0|0|0|0|0|0|0|0|0|0|0
992|Aneuk_default|1|4567|3|-1|0|-1|0|0|0|0|0|0|0|0|0|0|0|0|0
993|Pxet_Elite_Hammermaster|0|-1|3|-1|0|-1|0|0|0|0|0|0|0|0|0|0|0|0|0
994|#Constrained_Spiritscourge|6|-1|3|-1|0|-1|0|0|0|0|0|0|0|0|0|0|0|0|0
995|#Hexxt_Spiritpillager|6|-1|3|-1|0|-1|0|0|0|0|0|0|0|0|0|0|0|0|0
996|an_aneuk_fleshthreader|6|-1|3|-1|0|-1|0|0|0|0|0|0|0|0|0|0|0|0|0
997|#Malevolent_Priest|1|-1|3|-1|0|-1|0|0|0|0|0|0|0|0|0|0|0|0|0
998|Malevolent_Priest|0|-1|3|-1|0|-1|0|0|0|0|0|0|0|0|0|0|0|0|0
999|Constrained_Servitor|0|-1|3|-1|0|-1|0|0|0|0|0|0|0|0|0|0|0|0|0
1000|Pixtt_Grand_Summoner|0|-1|3|-1|0|-1|0|0|0|0|0|0|0|0|0|0|0|0|0
1001|an_ikaav_psychagonist|5|-1|3|-1|0|-1|0|0|0|0|0|0|0|0|0|0|0|0|0
1002|an_ikaav_irelette|4|-1|3|-1|0|-1|0|0|0|0|0|0|0|0|0|0|0|0|0
1003|Defender_of_Righteousness|0|4185|3|-1|0|-1|0|0|0|0|0|0|0|0|0|0|0|0|0
1004|Guardian_of_Righteousness|0|5001|3|-1|0|-1|0|0|0|0|0|0|0|0|0|0|0|0|0
1005|#Spirit_of_Tunik_Tamuik|0|-1|3|-1|0|-1|0|0|0|0|0|0|0|0|0|0|0|0|0
1006|Visionary_of_Glory|0|-1|3|-1|0|-1|0|0|0|0|0|0|0|0|0|0|0|0|0
1007|Pixtt_Condemner|1|-1|3|-1|0|-1|0|0|0|0|0|0|0|0|0|0|0|0|0
1008|Sentinel_of_Glorification|0|4185|3|-1|0|-1|0|0|0|0|0|0|0|0|0|0|0|0|0
1009|Guardian_of_Glorification|0|4185|3|-1|0|-1|0|0|0|0|0|0|0|0|0|0|0|0|0
1010|a_shadowed_stonemite|0|4576|3|-1|0|-1|0|0|0|0|0|0|0|0|0|0|0|0|0
1011|Vrex_Xalkak`s_Marauder|0|4661|3|-1|0|-1|0|0|0|0|0|0|0|0|0|0|0|0|0
1012|#Vrex_Xalkak_Nixki|4|-1|3|-1|0|-1|0|0|0|0|0|0|0|0|0|0|0|0|0
1013|an_ikaav_malignatist|4|-1|3|-1|0|-1|0|0|0|0|0|0|0|0|0|0|0|0|0
1014|an_ikaav_thoughtbender|5|-1|3|-1|0|-1|0|0|0|0|0|0|0|0|0|0|0|0|0
1015|#Altar_Warden|0|5001|3|-1|0|-1|0|0|0|0|0|0|0|0|0|0|0|0|0
1016|#Altar_Sentry|0|5010|3|-1|0|-1|0|0|0|0|0|0|0|0|0|0|0|0|0
1017|Altar_Overseer|0|5001|3|-1|0|-1|0|0|0|0|0|0|0|0|0|0|0|0|0
1018|Phantasmal_Priest_Guardian|0|5070|3|-1|0|-1|0|0|0|0|0|0|0|0|0|0|0|0|0
1019|Curate_Firetender|0|-1|3|-1|0|-1|0|0|0|0|0|0|0|0|0|0|0|0|0
1020|#Oracle_of_the_Altar|0|4851|3|-1|0|-1|0|0|0|0|0|0|0|0|0|0|0|0|0
1021|#Altar_Construct|0|-1|3|-1|0|-1|0|0|0|0|0|0|0|0|0|0|0|0|0
1022|#Keeper_of_the_Altar|0|-1|3|-1|0|-1|0|0|0|0|0|0|0|0|0|0|0|0|0
1023|Pixtt_Battlestrategist|0|4577|3|-1|0|-1|0|0|0|0|0|0|0|0|0|0|0|0|0
1024|an_aneuk_shaman|6|4567|3|-1|0|-1|0|0|0|0|0|0|0|0|0|0|0|0|0
1025|an_ikaav_wizard|2|-1|3|-1|0|-1|0|0|0|0|0|0|0|0|0|0|0|0|0
1026|an_ikaav_binder|2|-1|3|-1|0|-1|0|0|0|0|0|0|0|0|0|0|0|0|0
1027|an_ikaav_captor|5|-1|3|-1|0|-1|0|0|0|0|0|0|0|0|0|0|0|0|0
1028|an_ikaav_detainer|4|-1|3|-1|0|-1|0|0|0|0|0|0|0|0|0|0|0|0|0
1029|ixt_pets|0|4577|3|-1|0|-1|0|0|0|0|0|0|0|0|0|0|0|0|0
1030|Tqiv_Trusik|0|-1|3|-1|0|-1|0|0|0|0|0|0|0|0|0|0|0|0|0
1031|#Primal_Arachnid|0|-1|3|-1|0|-1|0|0|0|0|0|0|0|0|0|0|0|0|0
1032|#Primal_Insect|0|1239|3|-1|0|-1|0|0|0|0|0|0|0|0|0|0|0|0|0
1033|#Primal_Reptile|0|-1|3|-1|0|-1|0|0|0|0|0|0|0|0|0|0|0|0|0
1034|#Pixtt_Suir_Mindrider|0|-1|3|-1|0|-1|0|0|0|0|0|0|0|0|0|0|0|0|0
1035|#Hexxt_Chaos_Provoker|0|-1|3|-1|0|-1|0|0|0|0|0|0|0|0|0|0|0|0|0
1036|a_kyv_shadowstalker|0|-1|3|-1|0|-1|0|0|0|0|0|0|0|0|0|0|0|0|0
1037|#Aura_of_Destruction|0|-1|3|-1|0|-1|0|0|0|0|0|0|0|0|0|0|0|0|0
1038|a_cragbeast|0|4572|3|-1|0|-1|0|0|0|0|0|0|0|0|0|0|0|0|0
1039|UkunPet256|0|4579|3|-1|0|-1|0|0|0|0|0|0|0|0|0|0|0|0|0
1040|Uqua_Spirit|0|5052|3|-1|0|-1|0|0|0|0|0|0|0|0|0|0|0|0|0
1041|#Tqiv_Araxt_the_Enraged|0|-1|3|-1|0|-1|0|0|0|0|0|0|0|0|0|0|0|0|0
1042|#Tqiv_Qukret_the_Furious|0|-1|3|-1|0|-1|0|0|0|0|0|0|0|0|0|0|0|0|0
1043|#Guardian_of_Destruction|0|5053|3|-1|0|-1|0|0|0|0|0|0|0|0|0|0|0|0|0
1044|#Cynosure_Kvanjji|0|4567|3|-1|0|-1|0|0|0|0|0|0|0|0|0|0|0|0|0
1045|Servant_of_Kelekdrix|0|-1|3|-1|0|-1|0|0|0|0|0|0|0|0|0|0|0|0|0
1046|Qvic_Msha|0|4577|3|-1|0|-1|0|0|0|0|0|0|0|0|0|0|0|0|0
1047|Pixtt_Llan_Kvish|2|-1|3|-1|0|-1|0|0|0|0|0|0|0|0|0|0|0|0|0
1048|Flesh_Hunter|0|-1|3|-1|0|-1|0|0|0|0|0|0|0|0|0|0|0|0|0
1049|#Trap_Inkt_1|0|5722|100|-1|0|-1|0|0|0|0|0|0|0|0|0|0|0|0|0
1050|SumFireSwordProc|0|1638|9|-1|0|-1|0|0|0|0|0|0|0|0|0|0|0|0|0
1051|SumFireR15|0|-1|3|-1|0|-1|0|0|0|0|0|0|0|0|0|0|0|0|0
1052|Inktuta_cursebearer|0|2156|100|-1|0|-1|0|0|0|0|0|0|0|0|0|0|0|0|0
1053|Inktuta_Cursecallers|0|-1|3|-1|0|-1|0|0|0|0|0|0|0|0|0|0|0|0|0
1054|an_enslaved_destroyer|0|1384|3|-1|0|-1|0|0|0|0|0|0|0|0|0|0|0|0|0
1055|an_ikaav_binder_txe|0|-1|3|-1|0|-1|0|0|0|0|0|0|0|0|0|0|0|0|0
1056|a_kyv_hunter_txe|0|4570|3|-1|0|-1|0|0|0|0|0|0|0|0|0|0|0|0|0
1057|#Aneuk_Rilst_Uskst|0|-1|3|-1|0|-1|0|0|0|0|0|0|0|0|0|0|0|0|0
1058|#Aneuk_Nyrt_Ymosa|0|-1|3|-1|0|-1|0|0|0|0|0|0|0|0|0|0|0|0|0
1059|#Eashen_of_the_Sky|0|-1|3|-1|0|-1|0|0|0|0|0|0|0|0|0|0|0|0|0
1060|#Ixt_Kial_Ivesi|0|4577|3|-1|0|-1|0|0|0|0|0|0|0|0|0|0|0|0|0
1061|the_Kly_Overseer|2|184|75|-1|0|-1|0|0|0|0|0|0|0|0|0|0|0|0|0
1062|#The_Kly|2|732|20|-1|0|-1|0|0|0|0|0|0|0|0|0|0|0|0|0
1063|Pixtt_Xxeric_Kex|0|4577|3|-1|0|-1|0|0|0|0|0|0|0|0|0|0|0|0|0
1064|Pixtt_Riel_Tavas|0|-1|3|-1|0|-1|0|0|0|0|0|0|0|0|0|0|0|0|0
1065|FirePetR15p15|0|-1|3|-1|0|-1|0|0|0|0|0|0|0|0|0|0|0|0|0
1066|#Laskuth_the_Colossus|0|24948|5|-1|0|-1|0|0|0|0|0|0|0|0|0|0|0|0|0
1067|Marrow_the_Broken|0|-1|3|-1|0|-1|0|0|0|0|0|0|0|0|0|0|0|0|0
1068|Golem_Pulverize|0|4413|3|-1|0|-1|0|0|0|0|0|0|0|0|0|0|0|0|0
1069|Ytyrs_Reborn|3|-1|3|-1|0|-1|0|0|0|0|0|0|0|0|0|0|0|0|0
1070|Ghoul Wizard|2|901|5|-1|0|-1|0|0|0|0|0|0|0|0|0|0|0|0|0
1071|Ghoul Pet Shadowknight|521|901|5|-1|0|-1|0|0|0|0|0|0|0|0|0|0|0|0|0
1072|Ghoul Pet Enchanter|517|901|5|-1|0|-1|0|0|0|0|0|0|0|0|0|0|0|0|0
1073|Ghoul Cleric|1|901|5|-1|0|-1|0|0|0|0|0|0|0|0|0|0|0|0|0
1074|Ghoul Pet Necromancer|515|901|5|-1|0|-1|0|0|0|0|0|0|0|0|0|0|0|0|0
1075|Ghoul Shadowknight|9|901|5|-1|0|-1|0|0|0|0|0|0|0|0|0|0|0|0|0
1076|Deadly Poison Proc|0|1005|10|-1|0|-1|0|0|0|0|0|0|0|0|0|0|0|0|0
1077|death_beetle|0|1016|5|-1|0|-1|0|0|0|0|0|0|0|0|0|0|0|0|0
1078|lava_guardian|0|-1|3|-1|0|-1|0|0|0|0|0|0|0|0|0|0|0|0|0
1079|a_widow_hatchling|0|1000|10|-1|0|-1|0|0|0|0|0|0|0|0|0|0|0|0|0
1080|a_lava_basilisk|0|926|10|-1|0|-1|0|0|0|0|0|0|0|0|0|0|0|0|0
1081|Drake Breath nuke|0|-1|5|-1|0|-1|0|0|0|0|0|0|0|0|0|0|0|0|0
1082|a_fire_elemental|0|-1|3|-1|0|-1|0|0|0|0|0|0|0|0|0|0|0|0|0
1083|a_lava_crawler|0|910|5|-1|0|-1|0|0|0|0|0|0|0|0|0|0|0|0|0
1084|An Icy Terror|0|-1|3|-1|0|-1|0|0|0|0|0|0|0|0|0|0|0|0|0
1085|a_ghoul_assassin|0|901|5|-1|0|-1|0|0|0|0|0|0|0|0|0|0|0|0|0
1086|Quag_Maelstrom|0|-1|3|-1|0|-1|0|0|0|0|0|0|0|0|0|0|0|0|0
1087|a_fetid_fiend|0|1014|20|-1|0|-1|0|0|0|0|0|0|0|0|0|0|0|0|0
1088|Amygdalan_knight|521|980|10|-1|0|-1|0|0|0|0|0|0|0|0|0|0|0|0|0
1089|a_boogeyman|0|901|20|-1|0|-1|0|0|0|0|0|0|0|0|0|0|0|0|0
1090|a_thought_bleeder|0|-1|3|-1|0|-1|0|0|0|0|0|0|0|0|0|0|0|0|0
1091|a_crystaline_cloud|0|-1|3|-1|0|-1|0|0|0|0|0|0|0|0|0|0|0|0|0
1092|Jairnel_Marfury|0|-1|3|-1|0|-1|0|0|0|0|0|0|0|0|0|0|0|0|0
1093|a_tentacle_terror|0|-1|3|-1|0|-1|0|0|0|0|0|0|0|0|0|0|0|0|0
1094|mortuary_fungus|0|-1|3|-1|0|-1|0|0|0|0|0|0|0|0|0|0|0|0|0
1095|CWG_Model_CB|0|904|10|-1|0|-1|0|0|0|0|0|0|0|0|0|0|0|0|0
1096|CWG_Model_CC|0|908|10|-1|0|-1|0|0|0|0|0|0|0|0|0|0|0|0|0
1097|Gnashmaw|0|1014|10|-1|0|-1|0|0|0|0|0|0|0|0|0|0|0|0|0
1098|a_thunder_spirit|0|898|75|-1|0|-1|0|0|0|0|0|0|0|0|0|0|0|0|0
1099|Noble_Dojorn|0|995|5|-1|0|-1|0|0|0|0|0|0|0|0|0|0|0|0|0
1100|a_gorgalask|0|926|25|-1|0|-1|0|0|0|0|0|0|0|0|0|0|0|0|0
1101|a_sprited_harpie|9|986|25|-1|0|-1|0|0|0|0|0|0|0|0|0|0|0|0|0
1102|a_watchful_guard|517|-1|3|-1|0|-1|0|0|0|0|0|0|0|0|0|0|0|0|0
1103|a_blade_storm|0|962|18|-1|0|-1|0|0|0|0|0|0|0|0|0|0|0|0|0
1104|an_azarack|0|825|20|-1|0|-1|0|0|0|0|0|0|0|0|0|0|0|0|0
1105|an_avenging_gazer|2|-1|3|-1|0|-1|0|0|0|0|0|0|0|0|0|0|0|0|0
1106|heart_harpie|521|986|50|-1|0|-1|0|0|0|0|0|0|0|0|0|0|0|0|0
1107|Gorgalosk|0|926|40|-1|0|-1|0|0|0|0|0|0|0|0|0|0|0|0|0
1108|#The_Gale_Caller|0|-1|3|-1|0|-1|0|0|0|0|0|0|0|0|0|0|0|0|0
1109|Phinigel_Autropos|2|25|50|-1|0|-1|0|0|0|0|0|0|0|0|0|0|0|0|0
1110|Airplane Spiroc Druids|7|938|25|-1|0|-1|0|0|0|0|0|0|0|0|0|0|0|0|0
1111|Airplane Spiroc Rangers|10|938|25|-1|0|-1|0|0|0|0|0|0|0|0|0|0|0|0|0
1112|Airplane Bees Poison|0|-1|3|-1|0|-1|0|0|0|0|0|0|0|0|0|0|0|0|0
1113|a_Pickclaw_Foeseeker|0|-1|3|-1|0|-1|0|0|0|0|0|0|0|0|0|0|0|0|0
1114|The_Spiroc_Guardian|519|938|25|-1|0|-1|0|0|0|0|0|0|0|0|0|0|0|0|0
1115|a_samhain|0|901|20|-1|0|-1|0|0|0|0|0|0|0|0|0|0|0|0|0
1116|phoboplasm|0|976|28|-1|0|-1|0|0|0|0|0|0|0|0|0|0|0|0|0
1117|airplane drakes|2|826|25|-1|0|-1|0|0|0|0|0|0|0|0|0|0|0|0|0
1118|a_phantasm|0|977|10|-1|0|-1|0|0|0|0|0|0|0|0|0|0|0|0|0
1119|Wraith_of_a_Shissir|0|-1|3|-1|0|-1|0|0|0|0|0|0|0|0|0|0|0|0|0
1120|#Innoruuk|2|25|20|-1|0|-1|0|0|0|0|0|0|0|0|0|0|0|0|0
1121|a_barbed_bone_skeleton|0|-1|3|-1|0|-1|0|0|0|0|0|0|0|0|0|0|0|0|0
1122|a_greater_ice_bones|0|-1|3|-1|0|-1|0|0|0|0|0|0|0|0|0|0|0|0|0
1123|#Ioltos_V`ghera|521|995|10|-1|0|-1|0|0|0|0|0|0|0|0|0|0|0|0|0
1124|#Tasi_V`ghera|521|995|10|-1|0|-1|0|0|0|0|0|0|0|0|0|0|0|0|0
1125|a_basilisk|0|-1|3|-1|0|-1|0|0|0|0|0|0|0|0|0|0|0|0|0
1126|a_large_skunk|0|-1|3|-1|0|-1|0|0|0|0|0|0|0|0|0|0|0|0|0
1127|#Rathyl_reincarnate|0|-1|3|-1|0|-1|0|0|0|0|0|0|0|0|0|0|0|0|0
1128|a_shimmering_sailfin|0|-1|3|-1|0|-1|0|0|0|0|0|0|0|0|0|0|0|0|0
1129|a_rabid_wolf|0|1007|35|-1|0|-1|0|0|0|0|0|0|0|0|0|0|0|0|0
1130|an_ashenbone_drake|3|-1|3|-1|0|-1|0|0|0|0|0|0|0|0|0|0|0|0|0
1131|a_forsaken_revenant|5|913|20|-1|0|-1|0|0|0|0|0|0|0|0|0|0|0|0|0
1132|a_forsaken_revenant |4|913|20|-1|0|-1|0|0|0|0|0|0|0|0|0|0|0|0|0
1133|a_spite_golem|6|983|20|-1|0|-1|0|0|0|0|0|0|0|0|0|0|0|0|0
1134|a_kiraikuei|0|1014|20|-1|0|-1|0|0|0|0|0|0|0|0|0|0|0|0|0
1135|a_revultant_rat|0|1005|20|-1|0|-1|0|0|0|0|0|0|0|0|0|0|0|0|0
1136|#Corrupter_of_Life|2|913|10|-1|0|-1|0|0|0|0|0|0|0|0|0|0|0|0|0
1137|#Lord_of_Ire|9|1319|20|-1|0|-1|0|0|0|0|0|0|0|0|0|0|0|0|0
1138|#Avatar_of_Abhorrence|0|-1|3|-1|0|-1|0|0|0|0|0|0|0|0|0|0|0|0|0
1139|A_Very_Unpleasant_Hand|0|-1|3|-1|0|-1|0|0|0|0|0|0|0|0|0|0|0|0|0
1140|a_loathling_lich|2|-1|20|-1|0|-1|0|0|0|0|0|0|0|0|0|0|0|0|0
1141|#Coercer_T`vala|5|-1|3|-1|0|-1|0|0|0|0|0|0|0|0|0|0|0|0|0
1142|#Magi_P`tasa|4|-1|3|-1|0|-1|0|0|0|0|0|0|0|0|0|0|0|0|0
1143|#Grandmaster_R`tal|0|-1|3|-1|0|-1|0|0|0|0|0|0|0|0|0|0|0|0|0
1144|#Master_of_Spite|6|-1|3|-1|0|-1|0|0|0|0|0|0|0|0|0|0|0|0|0
1145|#Ashenbone_Broodmaster|3|-1|3|-1|0|-1|0|0|0|0|0|0|0|0|0|0|0|0|0
1146|#Lhranc|0|995|75|-1|0|-1|0|0|0|0|0|0|0|0|0|0|0|0|0
1147|Gwan|0|793|10|-1|0|-1|0|0|0|0|0|0|0|0|0|0|0|0|0
1148|Renux_Herkanor|0|1010|35|-1|0|-1|0|0|0|0|0|0|0|0|0|0|0|0|0
1149|Trunt|0|794|10|-1|0|-1|0|0|0|0|0|0|0|0|0|0|0|0|0
1150|Lord_Ghiosk|0|856|5|-1|0|-1|0|0|0|0|0|0|0|0|0|0|0|0|0
1151|#Neh`Ashiir|5|856|5|-1|0|-1|0|0|0|0|0|0|0|0|0|0|0|0|0
1152|General_V`ghera|521|995|15|-1|0|-1|0|0|0|0|0|0|0|0|0|0|0|0|0
1153|Captain_Rottgrime|0|-1|3|-1|0|-1|0|0|0|0|0|0|0|0|0|0|0|0|0
1154|Drusella_Sathir|515|692|27|-1|0|-1|0|0|0|0|0|0|0|0|0|0|0|0|0
1155|Miragul|3|993|10|-1|0|-1|0|0|0|0|0|0|0|0|0|0|0|0|0
1156|Dark Poison proc|0|-1|10|-1|0|-1|0|0|0|0|0|0|0|0|0|0|0|0|0
1157|Guardian Wurm skyfire|0|-1|3|-1|0|-1|0|0|0|0|0|0|0|0|0|0|0|0|0
1158|Tremor 5%|0|405|5|-1|0|-1|0|0|0|0|0|0|0|0|0|0|0|0|0
1159|The_Bridge_Keeper|0|406|10|-1|0|-1|0|0|0|0|0|0|0|0|0|0|0|0|0
1160|lava_drake|2|826|20|-1|0|-1|0|0|0|0|0|0|0|0|0|0|0|0|0
1161|Guardian Wurm VP 1|0|-1|10|-1|0|-1|0|0|0|0|0|0|0|0|0|0|0|0|0
1162|Guardian Wurm VP 2|0|786|25|-1|0|-1|0|0|0|0|0|0|0|0|0|0|0|0|0
1163|Guardian Wurm VP 3|0|-1|3|-1|0|-1|0|0|0|0|0|0|0|0|0|0|0|0|0
1164|Guardian Wurm VP 4|0|-1|3|-1|0|-1|0|0|0|0|0|0|0|0|0|0|0|0|0
1165|Guardian Wurm VP 5|0|788|20|-1|0|-1|0|0|0|0|0|0|0|0|0|0|0|0|0
1166|Kardakor|0|-1|3|-1|0|-1|0|0|0|0|0|0|0|0|0|0|0|0|0
1167|an_ancient_shardwurm|0|851|35|-1|0|-1|0|0|0|0|0|0|0|0|0|0|0|0|0
1168|shardwurm_cleric|1|851|35|-1|0|-1|0|0|0|0|0|0|0|0|0|0|0|0|0
1169|a_Frenzied_Velium_Stalker|0|1369|10|-1|0|-1|0|0|0|0|0|0|0|0|0|0|0|0|0
1170|Queen_Dracnia|0|1497|15|-1|0|-1|0|0|0|0|0|0|0|0|0|0|0|0|0
1171|the_Golem_Master|0|989|10|-1|0|-1|0|0|0|0|0|0|0|0|0|0|0|0|0
1172|#Amontehepna|1|-1|3|-1|0|-1|0|0|0|0|0|0|0|0|0|0|0|0|0
1173|#maggot_infested_flesh|0|902|10|-1|0|-1|0|0|0|0|0|0|0|0|0|0|0|0|0
1174|Priest_Majes_Medory|1|901|10|-1|0|-1|0|0|0|0|0|0|0|0|0|0|0|0|0
1175|a_shrouded_bat|0|-1|3|-1|0|-1|0|0|0|0|0|0|0|0|0|0|0|0|0
1176|#VhalSera|3|-1|3|-1|0|-1|0|0|0|0|0|0|0|0|0|0|0|0|0
1177|#Tserrina_Syl`Tor|515|-1|3|-1|0|-1|0|0|0|0|0|0|0|0|0|0|0|0|0
1179|a_holgresh_conjurer|4|-1|3|-1|0|-1|0|0|0|0|0|0|0|0|0|0|0|0|0
1180|Guardian_of_Tunare|0|-1|0|-1|0|-1|0|0|0|0|0|0|0|0|0|0|0|0|0
1181|Guardian_of_Tunare2|0|-1|3|-1|0|-1|0|0|0|0|0|0|0|0|0|0|0|0|0
1182|Ail_the_Elder|7|-1|3|-1|0|-1|0|0|0|0|0|0|0|0|0|0|0|0|0
1183|Kelorek`Dar|0|-1|3|-1|0|-1|0|0|0|0|0|0|0|0|0|0|0|0|0
1184|Velketor_the_Sorcerer|1206|-1|3|-1|0|-1|0|0|0|0|0|0|0|0|0|0|0|0|0
1185|Garzicor`s_Wraith|9|-1|3|-1|0|-1|0|0|0|0|0|0|0|0|0|0|0|0|0
1186|a_putrid_skeleton|0|-1|3|-1|0|-1|0|0|0|0|0|0|0|0|0|0|0|0|0
1187|an_ice_burrower|0|862|50|-1|0|-1|0|0|0|0|0|0|0|0|0|0|0|0|0
1188|Glati|6|-1|3|-1|0|-1|0|0|0|0|0|0|0|0|0|0|0|0|0
1189|Ionat|0|-1|3|-1|0|-1|0|0|0|0|0|0|0|0|0|0|0|0|0
1190|#Von|1|835|75|-1|0|-1|0|0|0|0|0|0|0|0|0|0|0|0|0
1191|Karkona|2|-1|3|-1|0|-1|0|0|0|0|0|0|0|0|0|0|0|0|0
1192|Entariz|8|-1|3|-1|0|-1|0|0|0|0|0|0|0|0|0|0|0|0|0
1193|#Mraaka|0|-1|3|-1|0|-1|0|0|0|0|0|0|0|0|0|0|0|0|0
1194|Jen_Sapara|1|835|25|-1|0|-1|0|0|0|0|0|0|0|0|0|0|0|0|0
1195|Guardian_Kozzalym|0|-1|3|-1|0|-1|0|0|0|0|0|0|0|0|0|0|0|0|0
1196|Veredenia|2|-1|3|-1|0|-1|0|0|0|0|0|0|0|0|0|0|0|0|0
1197|Harla_Dar|5|-1|3|-1|0|-1|0|0|0|0|0|0|0|0|0|0|0|0|0
1198|an_entropy_serpent|0|1005|20|-1|0|-1|0|0|0|0|0|0|0|0|0|0|0|0|0
1199|Arreken_Skyward|0|-1|3|-1|0|-1|0|0|0|0|0|0|0|0|0|0|0|0|0
1200|A_Lava_Defender|0|-1|3|-1|0|-1|0|0|0|0|0|0|0|0|0|0|0|0|0
1201|a_cerulean_sky_gazer|1|-1|3|-1|0|-1|0|0|0|0|0|0|0|0|0|0|0|0|0
1202|an_ancient_ice_wurm_defender|1|-1|3|-1|0|-1|0|0|0|0|0|0|0|0|0|0|0|0|0
1203|Yendilor_the_Cerulean_Wing|0|-1|3|-1|0|-1|0|0|0|0|0|0|0|0|0|0|0|0|0
1204|#Vulak`Aerr|0|-1|3|-1|0|-1|0|0|0|0|0|0|0|0|0|0|0|0|0
1205|Velious 60 Magician no pet|0|-1|3|-1|0|-1|0|0|0|0|0|0|0|0|0|0|0|0|0
1206|Velious 60 Wizard|0|-1|3|-1|0|-1|0|0|0|0|0|0|0|0|0|0|0|0|0
1207|Guard_Roses|0|906|10|-1|0|-1|0|0|0|0|0|0|0|0|0|0|0|0|0
1208|a_guardian_spirit|0|-1|3|-1|0|-1|0|0|0|0|0|0|0|0|0|0|0|0|0
1209|Vaniki|3|995|27|-1|0|-1|0|0|0|0|0|0|0|0|0|0|0|0|0
1210|Grizznot|0|1789|15|-1|0|-1|0|0|0|0|0|0|0|0|0|0|0|0|0
1211|an_exhumed_gnoll|0|1014|10|-1|0|-1|0|0|0|0|0|0|0|0|0|0|0|0|0
1212|#Strong_Horn|0|905|39|-1|0|-1|0|0|0|0|0|0|0|0|0|0|0|0|0
1213|Frost Breath 250 [id 1942]|0|-1|3|-1|0|-1|0|0|0|0|0|0|0|0|0|0|0|0|0
1214|#Zil_Sapara|0|835|75|-1|0|-1|0|0|0|0|0|0|0|0|0|0|0|0|0
1215|Draazak|1|-1|3|-1|0|-1|0|0|0|0|0|0|0|0|0|0|0|0|0
1216|a_dummy|0|13|15|-1|0|-1|0|0|0|0|0|0|0|0|0|0|0|0|0
1217|Narandi_the_Wretched|9|1588|35|-1|0|-1|0|0|0|0|0|0|0|0|0|0|0|0|0
1218|vulak ring onyx drakes|0|-1|3|-1|0|-1|0|0|0|0|0|0|0|0|0|0|0|0|0
1219|vulak ring crimson drakes|0|-1|3|-1|0|-1|0|0|0|0|0|0|0|0|0|0|0|0|0
1220|an_emerald_hatchling|1|-1|3|-1|0|-1|0|0|0|0|0|0|0|0|0|0|0|0|0
1221|a_cerulean_hatchling|0|-1|3|-1|0|-1|0|0|0|0|0|0|0|0|0|0|0|0|0
1222|a_cerulean_warden|0|-1|3|-1|0|-1|0|0|0|0|0|0|0|0|0|0|0|0|0
1223|a_molten_destroyer|0|2097|20|-1|0|-1|0|0|0|0|0|0|0|0|0|0|0|0|0
1224|a_cerulean_destroyer|0|2097|20|-1|0|-1|0|0|0|0|0|0|0|0|0|0|0|0|0
1225|an_onyx_destroyer|0|2097|20|-1|0|-1|0|0|0|0|0|0|0|0|0|0|0|0|0
1226|a_jade_destroyer|0|2097|20|-1|0|-1|0|0|0|0|0|0|0|0|0|0|0|0|0
1227|Zruk_the_Lifestealer|0|2095|25|-1|0|-1|0|0|0|0|0|0|0|0|0|0|0|0|0
1228|Vethrol_the_Skycaller|0|2096|15|-1|0|-1|0|0|0|0|0|0|0|0|0|0|0|0|0
1229|The_Herald_of_Vulak`Aerr|0|-1|3|-1|0|-1|0|0|0|0|0|0|0|0|0|0|0|0|0
1230|Roy|3|-1|3|-1|0|-1|0|0|0|0|0|0|0|0|0|0|0|0|0
1231|Essence_of_Veeshan|0|-1|3|-1|0|-1|0|0|0|0|0|0|0|0|0|0|0|0|0
1232|#Fireclaw|0|2878|10|-1|0|-1|0|0|0|0|0|0|0|0|0|0|0|0|0
1233|owlbear screech proc|0|1383|10|-1|0|-1|0|0|0|0|0|0|0|0|0|0|0|0|0
1234|a_grimling_chieftain|0|-1|3|-1|0|-1|0|0|0|0|0|0|0|0|0|0|0|0|0
1235|mischiefplane fungusmen|0|1005|10|-1|0|-1|0|0|0|0|0|0|0|0|0|0|0|0|0
1236|Ferjeneror|2|1246|5|-1|0|-1|0|0|0|0|0|0|0|0|0|0|0|0|0
1237|a_tribal_gatherer|0|-1|3|-1|0|-1|0|0|0|0|0|0|0|0|0|0|0|0|0
1238|black Lithiniath|5|-1|3|-1|0|-1|0|0|0|0|0|0|0|0|0|0|0|0|0
1239|mischief knockback|0|-1|3|-1|0|-1|0|0|0|0|0|0|0|0|0|0|0|0|0
1240|Treasure_Chest|5|-1|3|-1|0|-1|0|0|0|0|0|0|0|0|0|0|0|0|0
1241|Teriling|0|1007|5|-1|0|-1|0|0|0|0|0|0|0|0|0|0|0|0|0
1242|Tergus_Raslin|0|-1|3|-1|0|-1|0|0|0|0|0|0|0|0|0|0|0|0|0
1243|a_lightcrawler|0|2845|25|-1|0|-1|0|0|0|0|0|0|0|0|0|0|0|0|0
1244|a_cral_ligi_spiritward|0|-1|3|-1|0|-1|0|0|0|0|0|0|0|0|0|0|0|0|0
1245|Aqualan_Deepwaters|0|-1|3|-1|0|-1|0|0|0|0|0|0|0|0|0|0|0|0|0
1246|a_sun_reaver|3|2960|20|-1|0|-1|0|0|0|0|0|0|0|0|0|0|0|0|0
1247|The_Burning_Priest|1|2960|10|-1|0|-1|0|0|0|0|0|0|0|0|0|0|0|0|0
1248|Binpral_Rockfoot|0|2952|10|-1|0|-1|0|0|0|0|0|0|0|0|0|0|0|0|0
1249|#Kraen_Flameweaver|0|465|25|-1|0|-1|0|0|0|0|0|0|0|0|0|0|0|0|0
1250|#Nathyn_Illuminious|5|2705|15|-1|0|-1|0|0|0|0|0|0|0|0|0|0|0|0|0
1251|a_grol_baku_soldier|0|-1|10|-1|0|-1|0|0|0|0|0|0|0|0|0|0|0|0|0
1252|Xenithen_Sterbla|4|2705|15|-1|0|-1|0|0|0|0|0|0|0|0|0|0|0|0|0
1253|Renaldok_Masric|2|2705|20|-1|0|-1|0|0|0|0|0|0|0|0|0|0|0|0|0
1254|Trilexior_Aeridia|5|2705|20|-1|0|-1|0|0|0|0|0|0|0|0|0|0|0|0|0
1255|Gorelaz_Verilak|0|2705|20|-1|0|-1|0|0|0|0|0|0|0|0|0|0|0|0|0
1256|Kristov_Otto|9|2705|10|-1|0|-1|0|0|0|0|0|0|0|0|0|0|0|0|0
1257|Krellices|3|2705|10|-1|0|-1|0|0|0|0|0|0|0|0|0|0|0|0|0
1258|Veynar_Aeridia|5|2705|10|-1|0|-1|0|0|0|0|0|0|0|0|0|0|0|0|0
1259|#Heratius_Grolden|9|2705|30|-1|0|-1|0|0|0|0|0|0|0|0|0|0|0|0|0
1260|#Valdanov_Zevfeer|3|2689|15|-1|0|-1|0|0|0|0|0|0|0|0|0|0|0|0|0
1261|a_cral_ligi_lorekeeper|0|-1|10|-1|0|-1|0|0|0|0|0|0|0|0|0|0|0|0|0
1262|a_potameid_protector|0|2254|6|-1|0|-1|0|0|0|0|0|0|0|0|0|0|0|0|0
1263|a_potameid_wildling|0|2255|6|-1|0|-1|0|0|0|0|0|0|0|0|0|0|0|0|0
1264|a_potameid_maiden|0|2249|5|-1|0|-1|0|0|0|0|0|0|0|0|0|0|0|0|0
1265|a_deep_cavern_lotus|2|-1|3|-1|0|-1|0|0|0|0|0|0|0|0|0|0|0|0|0
1266|a_boulder_fiend|0|-1|0|-1|0|-1|0|0|0|0|0|0|0|0|0|0|0|0|0
1267|an_elemental_wizard|2|969|5|-1|0|-1|0|0|0|0|0|0|0|0|0|0|0|0|0
1268|#An_Age_Old_Rockhopper|0|2844|15|-1|0|-1|0|0|0|0|0|0|0|0|0|0|0|0|0
1269|#A_Rockhopper_|0|2844|5|-1|0|-1|0|0|0|0|0|0|0|0|0|0|0|0|0
1270|a_grol_baku_benefactor|0|2950|10|-1|0|-1|0|0|0|0|0|0|0|0|0|0|0|0|0
1271|a_tro_jeg_shaman|1244|465|10|-1|0|-1|0|0|0|0|0|0|0|0|0|0|0|0|0
1272|a_vas_ren_archon|0|2947|10|-1|0|-1|0|0|0|0|0|0|0|0|0|0|0|0|0
1273|a_vas_ren_shaman|1244|2947|10|-1|0|-1|0|0|0|0|0|0|0|0|0|0|0|0|0
1274|A_Possessed_Warmonger|9|2934|30|-1|0|-1|0|0|0|0|0|0|0|0|0|0|0|0|0
1275|A_Possessed_Warlord|9|2934|30|-1|0|-1|0|0|0|0|0|0|0|0|0|0|0|0|0
1276|A_Possessed_Warmaster|9|2934|45|-1|0|-1|0|0|0|0|0|0|0|0|0|0|0|0|0
1277|Melee Praesertums|0|-1|5|-1|0|-1|0|0|0|0|0|0|0|0|0|0|0|0|0
1278|#Praesertum_Matpa|5|-1|5|-1|0|-1|0|0|0|0|0|0|0|0|0|0|0|0|0
1279|A_Praetorian_Medicus|1|-1|3|-1|0|-1|0|0|0|0|0|0|0|0|0|0|0|0|0
1280|A_Praetorian_Peritus|0|-1|3|-1|0|-1|0|0|0|0|0|0|0|0|0|0|0|0|0
1281|A_Praetorian_Pius|8|-1|3|-1|0|-1|0|0|0|0|0|0|0|0|0|0|0|0|0
1282|The_Va`Dyn|0|2816|12|-1|0|-1|0|0|0|0|0|0|0|0|0|0|0|0|0
1283|#Rhag`Zhezum|0|2787|50|-1|0|-1|0|0|0|0|0|0|0|0|0|0|0|0|0
1284|ME_Ranger|0|-1|3|-1|0|-1|0|0|0|0|0|0|0|0|0|0|0|0|0
1285|Luclin_Shaman|0|-1|3|-1|0|-1|0|0|0|0|0|0|0|0|0|0|0|0|0
1286|Umbral_Druid|0|-1|3|-1|0|-1|0|0|0|0|0|0|0|0|0|0|0|0|0
1287|A_Shadowy_Assassin|0|452|5|-1|0|-1|0|0|0|0|0|0|0|0|0|0|0|0|0
1288|Archmage_Gorraferg|0|2038|5|-1|0|-1|0|0|0|0|0|0|0|0|0|0|0|0|0
1289|Foreman_Gworknop|0|2082|20|-1|0|-1|0|0|0|0|0|0|0|0|0|0|0|0|0
1290|a_grimling_possessor|0|-1|3|-1|0|-1|0|0|0|0|0|0|0|0|0|0|0|0|0
1291|A_Possessed_Underking|9|2934|60|-1|0|-1|0|0|0|0|0|0|0|0|0|0|0|0|0
1292|a_grimling_summoner|0|-1|3|-1|0|-1|0|0|0|0|0|0|0|0|0|0|0|0|0
1293|a_grimling_apprentice|0|2081|7|-1|0|-1|0|0|0|0|0|0|0|0|0|0|0|0|0
1294|#Witchdoctor_Gnorgtarg|0|-1|3|-1|0|-1|0|0|0|0|0|0|0|0|0|0|0|0|0
1295|a_grimling_warder|0|-1|3|-1|0|-1|0|0|0|0|0|0|0|0|0|0|0|0|0
1296|a_grimling_high_commander|0|-1|10|-1|0|-1|0|0|0|0|0|0|0|0|0|0|0|0|0
1297|a_grimling_battlepriest|0|-1|3|-1|0|-1|0|0|0|0|0|0|0|0|0|0|0|0|0
1298|a_grimling_corpsemaster|0|-1|3|-1|0|-1|0|0|0|0|0|0|0|0|0|0|0|0|0
1299|a_grimling_deathdealer|0|-1|3|-1|0|-1|0|0|0|0|0|0|0|0|0|0|0|0|0
1300|a_grimling_manaweaver|0|-1|3|-1|0|-1|0|0|0|0|0|0|0|0|0|0|0|0|0
1301|a_grimling_possessor|0|-1|3|-1|0|-1|0|0|0|0|0|0|0|0|0|0|0|0|0
1302|#a_glyph_covered_serpent|0|2810|20|-1|0|-1|0|0|0|0|0|0|0|0|0|0|0|0|0
1303|#The_Spirit_of_Malevolence|0|2053|50|-1|0|-1|0|0|0|0|0|0|0|0|0|0|0|0|0
1304|twilight shades|0|524|20|-1|0|-1|0|0|0|0|0|0|0|0|0|0|0|0|0
1305|An_Imperial_Golem|0|2829|15|-1|0|-1|0|0|0|0|0|0|0|0|0|0|0|0|0
1306|Xin`Xakra|0|2993|10|-1|0|-1|0|0|0|0|0|0|0|0|0|0|0|0|0
1307|Xin`Xakri|9|2994|10|-1|0|-1|0|0|0|0|0|0|0|0|0|0|0|0|0
1308|Xin`Xakre|0|2991|10|-1|0|-1|0|0|0|0|0|0|0|0|0|0|0|0|0
1309|kithicor necros|515|-1|3|-1|0|-1|0|0|0|0|0|0|0|0|0|0|0|0|0
1310|Ssraezsha|0|-1|3|-1|0|-1|0|0|0|0|0|0|0|0|0|0|0|0|0
1311|#Blood_of_Ssraeshza|0|955|2|-1|0|-1|0|0|0|0|0|0|0|0|0|0|0|0|0
1312|#Advisor_Zekuzh|2|-1|3|-1|0|-1|0|0|0|0|0|0|0|0|0|0|0|0|0
1313|high priest Zels|9|1618|35|-1|0|-1|0|0|0|0|0|0|0|0|0|0|0|0|0
1314|Thall_Xundraux_Diabo|0|2167|3|-1|0|-1|0|0|0|0|0|0|0|0|0|0|0|0|0
1315|A_Dark_Sending|0|2832|10|-1|0|-1|0|0|0|0|0|0|0|0|0|0|0|0|0
1316|#Stonemason_Galt|0|-1|10|-1|0|-1|0|0|0|0|0|0|0|0|0|0|0|0|0
1317|grieg NPCs shadow fog|0|-1|3|-1|0|-1|0|0|0|0|0|0|0|0|0|0|0|0|0
1318|necro Sending|3|2832|10|-1|0|-1|0|0|0|0|0|0|0|0|0|0|0|0|0
1319|cleric Sending_|1|2832|10|-1|0|-1|0|0|0|0|0|0|0|0|0|0|0|0|0
1320|SK Sending_|9|2832|10|-1|0|-1|0|0|0|0|0|0|0|0|0|0|0|0|0
1321|Eom Wizards|2|-1|3|-1|0|-1|0|0|0|0|0|0|0|0|0|0|0|0|0
1322|Pli Zethons|2|-1|3|-1|0|-1|0|0|0|0|0|0|0|0|0|0|0|0|0
1323|Zun Zethons|2|-1|3|-1|0|-1|0|0|0|0|0|0|0|0|0|0|0|0|0
1324|Qua and Zov Zethons|2|-1|3|-1|0|-1|0|0|0|0|0|0|0|0|0|0|0|0|0
1325|#Eom_Thall|1|2165|19|-1|0|-1|0|0|0|0|0|0|0|0|0|0|0|0|0
1326|Eom_Thall_Xakra|1|2165|8|-1|0|-1|0|0|0|0|0|0|0|0|0|0|0|0|0
1327|Pli_Thall|1|2165|15|-1|0|-1|0|0|0|0|0|0|0|0|0|0|0|0|0
1328|Pli_Thall_Xakra|1|2165|3|-1|0|-1|0|0|0|0|0|0|0|0|0|0|0|0|0
1329|Zun Thalls|1|2165|5|-1|0|-1|0|0|0|0|0|0|0|0|0|0|0|0|0
1330|Zov_Thall|1|2157|4|-1|0|-1|0|0|0|0|0|0|0|0|0|0|0|0|0
1331|Zov_Thall_Xakra|1|2165|5|-1|0|-1|0|0|0|0|0|0|0|0|0|0|0|0|0
1332|Qua Thalls|1|2157|2|-1|0|-1|0|0|0|0|0|0|0|0|0|0|0|0|0
1333|Eom and Pli Senshali|0|2160|15|-1|0|-1|0|0|0|0|0|0|0|0|0|0|0|0|0
1334|Qua Zov Sun Senshali|0|2159|15|-1|0|-1|0|0|0|0|0|0|0|0|0|0|0|0|0
1335|Kaas_Thox_Xi_Ans_Dyek|0|2165|10|-1|0|-1|0|0|0|0|0|0|0|0|0|0|0|0|0
1336|Beholder EvilEyes|517|916|10|-1|0|-1|0|0|0|0|0|0|0|0|0|0|0|0|0
1337|Lord_Soptyvr|517|-1|3|-1|0|-1|0|0|0|0|0|0|0|0|0|0|0|0|0
1338|King_Xorbb|2|912|40|-1|0|-1|0|0|0|0|0|0|0|0|0|0|0|0|0
1339|#Yymp_the_Infernal|0|1002|40|-1|0|-1|0|0|0|0|0|0|0|0|0|0|0|0|0
1340|Spinflint|0|899|25|-1|0|-1|0|0|0|0|0|0|0|0|0|0|0|0|0
1341|Qlei|0|957|45|-1|0|-1|0|0|0|0|0|0|0|0|0|0|0|0|0
1342|A_Warped_Sending_|2|2832|20|-1|0|-1|0|0|0|0|0|0|0|0|0|0|0|0|0
1343|A_Shadow_Master|9|-1|3|-1|0|-1|0|0|0|0|0|0|0|0|0|0|0|0|0
1344|enchanter Sending|5|2832|10|-1|0|-1|0|0|0|0|0|0|0|0|0|0|0|0|0
1345|A_Writhing_Vision|7|2832|10|-1|0|-1|0|0|0|0|0|0|0|0|0|0|0|0|0
1346|A_Creeping_Visage|519|2832|10|-1|0|-1|0|0|0|0|0|0|0|0|0|0|0|0|0
1347|Default Outdoor Shadowknight|9|-1|3|-1|0|-1|0|0|0|0|0|0|0|0|0|0|0|0|0
1348|Default Outdoor Pet Shadowknight|521|-1|3|-1|0|-1|0|0|0|0|0|0|0|0|0|0|0|0|0
1349|a_Chakta_Fungus_Priest|0|-1|3|-1|0|-1|0|0|0|0|0|0|0|0|0|0|0|0|0
1350|#Chakno|1349|2856|10|-1|0|-1|0|0|0|0|0|0|0|0|0|0|0|0|0
1351|a_Chakta_Fungus_Healer|1|2856|10|-1|0|-1|0|0|0|0|0|0|0|0|0|0|0|0|0
1352|an_ancient_shrieker|0|-1|3|-1|0|-1|0|0|0|0|0|0|0|0|0|0|0|0|0
1353|Tavuel_Tatrua|0|2992|10|-1|0|-1|0|0|0|0|0|0|0|0|0|0|0|0|0
1354|akheva Xi_Xaui|5|2818|20|-1|0|-1|0|0|0|0|0|0|0|0|0|0|0|0|0
1355|Xi_Vius|1|2818|20|-1|0|-1|0|0|0|0|0|0|0|0|0|0|0|0|0
1356|Xin`Xekra|9|2991|10|-1|0|-1|0|0|0|0|0|0|0|0|0|0|0|0|0
1357|Xin`Xokra|9|2992|10|-1|0|-1|0|0|0|0|0|0|0|0|0|0|0|0|0
1358|A_wailing_shade|9|2818|20|-1|0|-1|0|0|0|0|0|0|0|0|0|0|0|0|0
1359|a_Shissar_Revenant|0|328|10|-1|0|-1|0|0|0|0|0|0|0|0|0|0|0|0|0
1360|a_Shissar_Stalker|0|328|10|-1|0|-1|0|0|0|0|0|0|0|0|0|0|0|0|0
1361|a_pestilence_rat|0|31|7|-1|0|-1|0|0|0|0|0|0|0|0|0|0|0|0|0
1362|Cazic Thule Shamans|6|2134|3|-1|0|-1|0|0|0|0|0|0|0|0|0|0|0|0|0
1363|a_Gorgon|0|2096|25|-1|0|-1|0|0|0|0|0|0|0|0|0|0|0|0|0
1364|a_Spinechill_Spider|0|979|10|-1|0|-1|0|0|0|0|0|0|0|0|0|0|0|0|0
1365|a_Tentacle_Terror|0|905|10|-1|0|-1|0|0|0|0|0|0|0|0|0|0|0|0|0
1366|an_acidic_mass|0|-1|3|-1|0|-1|0|0|0|0|0|0|0|0|0|0|0|0|0
1367|Avatar_of_Dread|0|1589|40|-1|0|-1|0|0|0|0|0|0|0|0|0|0|0|0|0
1368|Avatar_of_Fright|0|806|40|-1|0|-1|0|0|0|0|0|0|0|0|0|0|0|0|0
1369|Avatar_of_Fear|0|2115|25|-1|0|-1|0|0|0|0|0|0|0|0|0|0|0|0|0
1370|a_lifestealer_mosquito|0|2705|6|-1|0|-1|0|0|0|0|0|0|0|0|0|0|0|0|0
1371|cazicthule clerics|1|2136|1|-1|0|-1|0|0|0|0|0|0|0|0|0|0|0|0|0
1372|cazicthule necros|3|-1|3|-1|0|-1|0|0|0|0|0|0|0|0|0|0|0|0|0
1373|strong poison|0|1003|10|-1|0|-1|0|0|0|0|0|0|0|0|0|0|0|0|0
1374|a_horror_construct|0|2130|10|-1|0|-1|0|0|0|0|0|0|0|0|0|0|0|0|0
1375|a_Thul_Tae_Ew_Warder|0|-1|3|-1|0|-1|0|0|0|0|0|0|0|0|0|0|0|0|0
1376|Zahal_the_Vile|0|901|5|-1|0|-1|0|0|0|0|0|0|0|0|0|0|0|0|0
1377|#a_burning_nemesis|9|2103|15|-1|0|-1|0|0|0|0|0|0|0|0|0|0|0|0|0
1378|a_fierce_nemesis|0|506|10|-1|0|-1|0|0|0|0|0|0|0|0|0|0|0|0|0
1379|#a_fiery_aggressor|6|792|25|-1|0|-1|0|0|0|0|0|0|0|0|0|0|0|0|0
1380|#a_ruthless_grinder|2|926|15|-1|0|-1|0|0|0|0|0|0|0|0|0|0|0|0|0
1381|a_scourge_of_honor|0|2653|15|-1|0|-1|0|0|0|0|0|0|0|0|0|0|0|0|0
1382|a_shadow_grinder|0|926|10|-1|0|-1|0|0|0|0|0|0|0|0|0|0|0|0|0
1383|a_stifling_nemesis|0|1809|15|-1|0|-1|0|0|0|0|0|0|0|0|0|0|0|0|0
1384|#herald_of_destruction|0|506|15|-1|0|-1|0|0|0|0|0|0|0|0|0|0|0|0|0
1385|#Lashman_Azakal|0|-1|3|-1|0|-1|0|0|0|0|0|0|0|0|0|0|0|0|0
1386|#nemesis_of_despair|6|452|20|-1|0|-1|0|0|0|0|0|0|0|0|0|0|0|0|0
1387|nemesis_of_pain|0|452|15|-1|0|-1|0|0|0|0|0|0|0|0|0|0|0|0|0
1388|#Prime_Executioner_Vathoch|0|-1|3|-1|0|-1|0|0|0|0|0|0|0|0|0|0|0|0|0
1389|#Punisher_of_Flame|2|-1|3|-1|0|-1|0|0|0|0|0|0|0|0|0|0|0|0|0
1390|#Punisher_Veshtaq|9|-1|3|-1|0|-1|0|0|0|0|0|0|0|0|0|0|0|0|0
1391|spirit_of_flame|0|2103|15|-1|0|-1|0|0|0|0|0|0|0|0|0|0|0|0|0
1392|spirit_of_suffocation ench|5|185|20|-1|0|-1|0|0|0|0|0|0|0|0|0|0|0|0|0
1393|spirit_of_suffocation nec|3|185|20|-1|0|-1|0|0|0|0|0|0|0|0|0|0|0|0|0
1394|spirit_of_suffocation mag|4|185|20|-1|0|-1|0|0|0|0|0|0|0|0|0|0|0|0|0
1395|#Yurae_Zhaleem|9|-1|3|-1|0|-1|0|0|0|0|0|0|0|0|0|0|0|0|0
1396|The_Tribunal|0|-1|3|-1|0|-1|0|0|0|0|0|0|0|0|0|0|0|0|0
1397|fiend_of_flame|0|792|20|-1|0|-1|0|0|0|0|0|0|0|0|0|0|0|0|0
1398|wraith_of_agony|9|1616|20|-1|0|-1|0|0|0|0|0|0|0|0|0|0|0|0|0
1399|#Mayong_Mistmoore|0|1707|10|-1|0|-1|0|0|0|0|0|0|0|0|0|0|0|0|0
1400|#Prince_Kloxx|0|3767|5|-1|0|-1|0|0|0|0|0|0|0|0|0|0|0|0|0
1401|#Megalodon|0|-1|3|-1|0|-1|0|0|0|0|0|0|0|0|0|0|0|0|0
1402|#Ithiosar|9|993|5|-1|0|-1|0|0|0|0|0|0|0|0|0|0|0|0|0
1403|#Atulinae`Ishinaer|1|2165|5|-1|0|-1|0|0|0|0|0|0|0|0|0|0|0|0|0
1404|A_gargantuan_arachnae|0|-1|3|-1|0|-1|0|0|0|0|0|0|0|0|0|0|0|0|0
1405|Terris_Thule|0|1618|10|-1|0|-1|0|0|0|0|0|0|0|0|0|0|0|0|0
1406|a_dream_defiler|0|2847|20|-1|0|-1|0|0|0|0|0|0|0|0|0|0|0|0|0
1407|Thelin_Poxbourne|0|-1|3|-1|0|-1|0|0|0|0|0|0|0|0|0|0|0|0|0
1408|#Terror_Matriarch|0|1118|10|-1|0|-1|0|0|0|0|0|0|0|0|0|0|0|0|0
1409|a_fiendish_consort|9|1118|8|-1|0|-1|0|0|0|0|0|0|0|0|0|0|0|0|0
1410|an_infernal_consort|0|1118|5|-1|0|-1|0|0|0|0|0|0|0|0|0|0|0|0|0
1411|Vhaksiz_the_Shade|9|2441|5|-1|0|-1|0|0|0|0|0|0|0|0|0|0|0|0|0
1412|#a_malevolent_mephit|10|-1|3|-1|0|-1|0|0|0|0|0|0|0|0|0|0|0|0|0
1413|#a_fearsome_bat|6|-1|3|-1|0|-1|0|0|0|0|0|0|0|0|0|0|0|0|0
1414|#The_Sleep_Walker|0|3224|20|-1|0|-1|0|0|0|0|0|0|0|0|0|0|0|0|0
1415|a_festering_rat|0|-1|3|-1|0|-1|0|0|0|0|0|0|0|0|0|0|0|0|0
1416|hollowshade_shamen|0|-1|3|-1|0|-1|0|0|0|0|0|0|0|0|0|0|0|0|0
1417|a_blazing_mephit|0|985|8|-1|0|-1|0|0|0|0|0|0|0|0|0|0|0|0|0
1418|a_fannsk|0|3162|10|-1|0|-1|0|0|0|0|0|0|0|0|0|0|0|0|0
1419|a_floral_amalgam|1431|505|15|-1|0|-1|0|0|0|0|0|0|0|0|0|0|0|0|0
1420|a_wandering_grezlan|0|216|10|-1|0|-1|0|0|0|0|0|0|0|0|0|0|0|0|0
1421|Gurebk,_Lord_of_Krendic|0|1031|12|-1|0|-1|0|0|0|0|0|0|0|0|0|0|0|0|0
1422|Jeplak,_Lord_of_Srerendi|0|3162|13|-1|0|-1|0|0|0|0|0|0|0|0|0|0|0|0|0
1423|Neffiken,_Lord_of_Kelek`Vor|0|1046|10|-1|0|-1|0|0|0|0|0|0|0|0|0|0|0|0|0
1424|a_roving_scorpioco|0|3159|10|-1|0|-1|0|0|0|0|0|0|0|0|0|0|0|0|0
1425|a_storm_gruezok|1431|216|5|-1|0|-1|0|0|0|0|0|0|0|0|0|0|0|0|0
1426|Falto,_Lord_of_Thunder|0|3323|15|-1|0|-1|0|0|0|0|0|0|0|0|0|0|0|0|0
1427|Drornok_Tok_Vo`Lok|0|3164|17|-1|0|-1|0|0|0|0|0|0|0|0|0|0|0|0|0
1428|Wizard no buffs no gate|0|-1|3|-1|0|-1|0|0|0|0|0|0|0|0|0|0|0|0|0
1429|a_hleyta_menn|1428|3162|10|-1|0|-1|0|0|0|0|0|0|0|0|0|0|0|0|0
1430|Cleric no buffs no gate|0|-1|3|-1|0|-1|0|0|0|0|0|0|0|0|0|0|0|0|0
1431|Druid no buffs no gate|0|-1|3|-1|0|-1|0|0|0|0|0|0|0|0|0|0|0|0|0
1432|a_waterlogged_floran|1434|505|15|-1|0|-1|0|0|0|0|0|0|0|0|0|0|0|0|0
1433|a_typhoon_floraling|0|505|15|-1|0|-1|0|0|0|0|0|0|0|0|0|0|0|0|0
1434|Shaman no buffs no gate|0|-1|3|-1|0|-1|0|0|0|0|0|0|0|0|0|0|0|0|0
1435|an_irmin_fannsk|1434|1046|8|-1|0|-1|0|0|0|0|0|0|0|0|0|0|0|0|0
1436|Shadowknight no buffs|0|-1|3|-1|0|-1|0|0|0|0|0|0|0|0|0|0|0|0|0
1437|a_jotna_fannsk|1436|3163|10|-1|0|-1|0|0|0|0|0|0|0|0|0|0|0|0|0
1438|Necromancer no buffs no gate|0|-1|3|-1|0|-1|0|0|0|0|0|0|0|0|0|0|0|0|0
1439|Wizard no buffs|0|-1|3|-1|0|-1|0|0|0|0|0|0|0|0|0|0|0|0|0
1440|Necromancer no buffs|0|-1|3|-1|0|-1|0|0|0|0|0|0|0|0|0|0|0|0|0
1441|Cleric no buffs|0|-1|3|-1|0|-1|0|0|0|0|0|0|0|0|0|0|0|0|0
1442|shaman no buffs|0|-1|3|-1|0|-1|0|0|0|0|0|0|0|0|0|0|0|0|0
1443|Akkapan_Adan|0|1068|8|-1|0|-1|0|0|0|0|0|0|0|0|0|0|0|0|0
1444|Bhaly_Adan|0|1071|6|-1|0|-1|0|0|0|0|0|0|0|0|0|0|0|0|0
1445|#Bishop_Toluwon|0|-1|3|-1|0|-1|0|0|0|0|0|0|0|0|0|0|0|0|0
1446|Bubonian_Great_Mystic|1442|-1|3|-1|0|-1|0|0|0|0|0|0|0|0|0|0|0|0|0
1447|Corrupted_Pusling|0|1051|10|-1|0|-1|0|0|0|0|0|0|0|0|0|0|0|0|0
1448|Death_Knight|1436|1053|20|-1|0|-1|0|0|0|0|0|0|0|0|0|0|0|0|0
1449|Corrupted_Knight|0|1053|20|-1|0|-1|0|0|0|0|0|0|0|0|0|0|0|0|0
1450|Eviscerator_Fwexar|0|-1|3|-1|0|-1|0|0|0|0|0|0|0|0|0|0|0|0|0
1451|Feig_Adan|0|1059|8|-1|0|-1|0|0|0|0|0|0|0|0|0|0|0|0|0
1452|Foul_Pusling|0|1052|5|-1|0|-1|0|0|0|0|0|0|0|0|0|0|0|0|0
1453|High_Mystic_Qucosp|1442|-1|3|-1|0|-1|0|0|0|0|0|0|0|0|0|0|0|0|0
1454|Knight_of_Decay|1436|1053|30|-1|0|-1|0|0|0|0|0|0|0|0|0|0|0|0|0
1455|Meedo_Adan|0|1058|20|-1|0|-1|0|0|0|0|0|0|0|0|0|0|0|0|0
1456|#Overlord_Banord_Paffa|0|1058|15|-1|0|-1|0|0|0|0|0|0|0|0|0|0|0|0|0
1457|Plague_Lord_Hetral|1436|-1|3|-1|0|-1|0|0|0|0|0|0|0|0|0|0|0|0|0
1458|War_Chieftain_Dorwikak|0|1071|15|-1|0|-1|0|0|0|0|0|0|0|0|0|0|0|0|0
1459|Witchdoctor_Orxkra|1442|-1|3|-1|0|-1|0|0|0|0|0|0|0|0|0|0|0|0|0
1460|Hendin_Assassin|0|-1|3|-1|0|-1|0|0|0|0|0|0|0|0|0|0|0|0|0
1461|Hendin_Deathbringer|0|-1|3|-1|0|-1|0|0|0|0|0|0|0|0|0|0|0|0|0
1462|A_Rabid_Wrulon|0|-1|3|-1|0|-1|0|0|0|0|0|0|0|0|0|0|0|0|0
1463|Halon_of_Marr|0|3172|5|-1|0|-1|0|0|0|0|0|0|0|0|0|0|0|0|0
1464|Edium,_Guardian_of_Marr|0|3173|5|-1|0|-1|0|0|0|0|0|0|0|0|0|0|0|0|0
1465|Amnquetil_Brynjulffr|0|1024|5|-1|0|-1|0|0|0|0|0|0|0|0|0|0|0|0|0
1466|Atle_Cloudburst|1439|1024|5|-1|0|-1|0|0|0|0|0|0|0|0|0|0|0|0|0
1467|A_vann_militis|0|1047|2|-1|0|-1|0|0|0|0|0|0|0|0|0|0|0|0|0
1468|A_brann_militis|0|1024|2|-1|0|-1|0|0|0|0|0|0|0|0|0|0|0|0|0
1469|A_comet|0|133|8|-1|0|-1|0|0|0|0|0|0|0|0|0|0|0|0|0
1470|A_firestorm_elemental|0|57|6|-1|0|-1|0|0|0|0|0|0|0|0|0|0|0|0|0
1471|A_firestorm_portal|0|-1|3|-1|0|-1|0|0|0|0|0|0|0|0|0|0|0|0|0
1472|A_jord_kriger|0|1031|2|-1|0|-1|0|0|0|0|0|0|0|0|0|0|0|0|0
1473|A_jord_militis|0|1030|2|-1|0|-1|0|0|0|0|0|0|0|0|0|0|0|0|0
1474|A_storm_cloud|0|-1|3|-1|0|-1|0|0|0|0|0|0|0|0|0|0|0|0|0
1475|A_storm_guardian|0|57|17|-1|0|-1|0|0|0|0|0|0|0|0|0|0|0|0|0
1476|A_vann_geistlig|1441|-1|3|-1|0|-1|0|0|0|0|0|0|0|0|0|0|0|0|0
1477|A_vann_hellig|0|1047|2|-1|0|-1|0|0|0|0|0|0|0|0|0|0|0|0|0
1478|A_vann_stav|1439|-1|3|-1|0|-1|0|0|0|0|0|0|0|0|0|0|0|0|0
1479|A_vind_druid|1480|-1|3|-1|0|-1|0|0|0|0|0|0|0|0|0|0|0|0|0
1480|Druid no buffs|0|-1|3|-1|0|-1|0|0|0|0|0|0|0|0|0|0|0|0|0
1481|A_vind_geistlig|1441|-1|3|-1|0|-1|0|0|0|0|0|0|0|0|0|0|0|0|0
1482|A_vind_prest|1441|-1|3|-1|0|-1|0|0|0|0|0|0|0|0|0|0|0|0|0
1483|Bordir_Bjomolf|1441|1026|10|-1|0|-1|0|0|0|0|0|0|0|0|0|0|0|0|0
1484|Eindride_Icestorm|0|1047|8|-1|0|-1|0|0|0|0|0|0|0|0|0|0|0|0|0
1485|Elif_Whitewind|1442|1033|15|-1|0|-1|0|0|0|0|0|0|0|0|0|0|0|0|0
1486|Erech_Eyford|0|1033|10|-1|0|-1|0|0|0|0|0|0|0|0|0|0|0|0|0
1487|Galm_Snowdrift|1480|1047|8|-1|0|-1|0|0|0|0|0|0|0|0|0|0|0|0|0
1488|Riodhr_Torrentwind|1441|1047|8|-1|0|-1|0|0|0|0|0|0|0|0|0|0|0|0|0
1489|Rorek_Steelthorn|0|1030|8|-1|0|-1|0|0|0|0|0|0|0|0|0|0|0|0|0
1490|Thorolf_Sutherland|1441|1030|8|-1|0|-1|0|0|0|0|0|0|0|0|0|0|0|0|0
1491|Torstien_Stoneskin|1442|1024|5|-1|0|-1|0|0|0|0|0|0|0|0|0|0|0|0|0
1492|Ymir_Stormseer|1442|1030|8|-1|0|-1|0|0|0|0|0|0|0|0|0|0|0|0|0
1493|a_potameid_temptress|0|2257|4|-1|0|-1|0|0|0|0|0|0|0|0|0|0|0|0|0
1494|a_potameid_matriarch|0|2258|3|-1|0|-1|0|0|0|0|0|0|0|0|0|0|0|0|0
1495|a_potameid_bewilder|0|2257|7|-1|0|-1|0|0|0|0|0|0|0|0|0|0|0|0|0
1496|a_potameid_guardian|0|2250|5|-1|0|-1|0|0|0|0|0|0|0|0|0|0|0|0|0
1497|Baraguj_Szuul|0|1132|75|-1|0|-1|0|0|0|0|0|0|0|0|0|0|0|0|0
1498|A_blood_raven|0|-1|3|-1|0|-1|0|0|0|0|0|0|0|0|0|0|0|0|0
1499|A_Boruk_ravager|0|-1|3|-1|0|-1|0|0|0|0|0|0|0|0|0|0|0|0|0
1500|A_Boruk_skin_harvester|0|-1|3|-1|0|-1|0|0|0|0|0|0|0|0|0|0|0|0|0
1501|A_Boruk_tormentor|0|1140|2|-1|0|-1|0|0|0|0|0|0|0|0|0|0|0|0|0
1502|A_Horrifying_Vision|0|-1|3|-1|0|-1|0|0|0|0|0|0|0|0|0|0|0|0|0
1503|A_Kaniz_hide_collector|0|-1|3|-1|0|-1|0|0|0|0|0|0|0|0|0|0|0|0|0
1504|A_Kaniz_hopedefiler|0|-1|3|-1|0|-1|0|0|0|0|0|0|0|0|0|0|0|0|0
1505|A_Kaniz_tormentor|0|1140|2|-1|0|-1|0|0|0|0|0|0|0|0|0|0|0|0|0
1506|A_parylyx_hookcaster|0|-1|3|-1|0|-1|0|0|0|0|0|0|0|0|0|0|0|0|0
1507|A_parylyx_limb_binder|0|-1|3|-1|0|-1|0|0|0|0|0|0|0|0|0|0|0|0|0
1508|A_parylyx_painweaver|0|-1|3|-1|0|-1|0|0|0|0|0|0|0|0|0|0|0|0|0
1509|A_parylyx_widow|0|-1|3|-1|0|-1|0|0|0|0|0|0|0|0|0|0|0|0|0
1510|A_servant_of_Saryrn boar|0|-1|3|-1|0|-1|0|0|0|0|0|0|0|0|0|0|0|0|0
1511|A_servant_of_Saryrn wolf|0|-1|3|-1|0|-1|0|0|0|0|0|0|0|0|0|0|0|0|0
1512|#The_Avatar_of_Agony|0|-1|3|-1|0|-1|0|0|0|0|0|0|0|0|0|0|0|0|0
1513|#The_Avatar_of_Anguish|0|-1|3|-1|0|-1|0|0|0|0|0|0|0|0|0|0|0|0|0
1514|#The_Avatar_of_Pain|0|-1|3|-1|0|-1|0|0|0|0|0|0|0|0|0|0|0|0|0
1515|#The_Avatar_of_Suffering|0|-1|3|-1|0|-1|0|0|0|0|0|0|0|0|0|0|0|0|0
1516|outdoor shadowknight pets|521|-1|3|-1|0|-1|0|0|0|0|0|0|0|0|0|0|0|0|0
1517|Xuzl|0|-1|3|-1|0|-1|0|0|0|0|0|0|0|0|0|0|0|0|0
1518|Unity of Fire|0|-1|3|-1|0|-1|0|0|0|0|0|0|0|0|0|0|0|0|0
1519|Ball of Lava|0|-1|3|-1|0|-1|0|0|0|0|0|0|0|0|0|0|0|0|0
1520|Enchanter no buffs no gate|0|-1|3|-1|0|-1|0|0|0|0|0|0|0|0|0|0|0|0|0
1521|#a_pumice_collector|1520|-1|3|-1|0|-1|0|0|0|0|0|0|0|0|0|0|0|0|0
1522|#a_runed_giant|1523|3004|18|-1|0|-1|0|0|0|0|0|0|0|0|0|0|0|0|0
1523|Magician no buffs no gate|0|-1|3|-1|0|-1|0|0|0|0|0|0|0|0|0|0|0|0|0
1524|#a_sweltering_mephit|1523|-1|3|-1|0|-1|0|0|0|0|0|0|0|0|0|0|0|0|0
1525|#Balrezu|1438|-1|3|-1|0|-1|0|0|0|0|0|0|0|0|0|0|0|0|0
1526|#Grezou|1436|-1|3|-1|0|-1|0|0|0|0|0|0|0|0|0|0|0|0|0
1527|Beastlord no buffs|0|-1|3|-1|0|-1|0|0|0|0|0|0|0|0|0|0|0|0|0
1528|#Quazlith|1527|-1|3|-1|0|-1|0|0|0|0|0|0|0|0|0|0|0|0|0
1529|#Veleroth|1520|-1|3|-1|0|-1|0|0|0|0|0|0|0|0|0|0|0|0|0
1530|#Zrexul|1434|-1|3|-1|0|-1|0|0|0|0|0|0|0|0|0|0|0|0|0
1531|an_efreeti_amir|0|-1|3|-1|0|-1|0|0|0|0|0|0|0|0|0|0|0|0|0
1532|Ranger no buffs|0|-1|3|-1|0|-1|0|0|0|0|0|0|0|0|0|0|0|0|0
1533|a_lava_giant|0|3004|5|-1|0|-1|0|0|0|0|0|0|0|0|0|0|0|0|0
1534|a_lava_mephit|1523|-1|3|-1|0|-1|0|0|0|0|0|0|0|0|0|0|0|0|0
1535|a_smoldering_magmin|0|3004|7|-1|0|-1|0|0|0|0|0|0|0|0|0|0|0|0|0
1536|Rizlona half elf|0|-1|3|-1|0|-1|0|0|0|0|0|0|0|0|0|0|0|0|0
1537|The_Protector_of_Dresolik|0|3004|10|-1|0|-1|0|0|0|0|0|0|0|0|0|0|0|0|0
1538|A_Vekerchiki_Warrior|0|1030|10|-1|0|-1|0|0|0|0|0|0|0|0|0|0|0|0|0
1539|An_Earthen_Mudslinger|0|2860|10|-1|0|-1|0|0|0|0|0|0|0|0|0|0|0|0|0
1540|An_Earthen_Stonejumper|0|3161|20|-1|0|-1|0|0|0|0|0|0|0|0|0|0|0|0|0
1541|A_Fearsome_Earthcrafter|1434|916|10|-1|0|-1|0|0|0|0|0|0|0|0|0|0|0|0|0
1542|A_Crystalline_Formation|0|3221|10|-1|0|-1|0|0|0|0|0|0|0|0|0|0|0|0|0
1543|A_Deadly_Earth_Armadillo|0|2453|10|-1|0|-1|0|0|0|0|0|0|0|0|0|0|0|0|0
1544|A_Korascian_Hunter|0|1493|10|-1|0|-1|0|0|0|0|0|0|0|0|0|0|0|0|0
1545|A_Needlescale_Basilisk|0|1151|10|-1|0|-1|0|0|0|0|0|0|0|0|0|0|0|0|0
1546|A_Rotting_Arborean|0|-1|3|-1|0|-1|0|0|0|0|0|0|0|0|0|0|0|0|0
1547|gravel rain proc 10%|0|2823|10|-1|0|-1|0|0|0|0|0|0|0|0|0|0|0|0|0
1548|A_Rathe_Councilman|0|-1|3|-1|0|-1|0|0|0|0|0|0|0|0|0|0|0|0|0
1549|Stop_Cheating|0|-1|3|-1|0|-1|0|0|0|0|0|0|0|0|0|0|0|0|0
1550|Greater Spiroc 15%|0|988|15|-1|0|-1|0|0|0|0|0|0|0|0|0|0|0|0|0
1551|#Inlokher_the_Warlord|8|977|10|-1|0|-1|0|0|0|0|0|0|0|0|0|0|0|0|0
1552|#Lossenmachar|0|2267|15|-1|0|-1|0|0|0|0|0|0|0|0|0|0|0|0|0
1553|#Rinturion_Windblade|0|3153|15|-1|0|-1|0|0|0|0|0|0|0|0|0|0|0|0|0
1554|Drain Mana 15%|0|2648|15|-1|0|-1|0|0|0|0|0|0|0|0|0|0|0|0|0
1555|An_Air_Phoenix_Noble|2|861|15|-1|0|-1|0|0|0|0|0|0|0|0|0|0|0|0|0
1556|A_Confused_Air_Elemental|0|1126|15|-1|0|-1|0|0|0|0|0|0|0|0|0|0|0|0|0
1557|An_Elemental_Arbitor|0|943|15|-1|0|-1|0|0|0|0|0|0|0|0|0|0|0|0|0
1558|An_Elemental_Champion2|0|1033|15|-1|0|-1|0|0|0|0|0|0|0|0|0|0|0|0|0
1559|An_Elemental_Champion3|0|1035|15|-1|0|-1|0|0|0|0|0|0|0|0|0|0|0|0|0
1560|An_Elemental_Champion4|0|2096|15|-1|0|-1|0|0|0|0|0|0|0|0|0|0|0|0|0
1561|An_Elemental_Masterpiece|0|1045|15|-1|0|-1|0|0|0|0|0|0|0|0|0|0|0|0|0
1562|Ice Breath 15%|0|1949|15|-1|0|-1|0|0|0|0|0|0|0|0|0|0|0|0|0
1563|A_Castellan_of_Air|8|1454|15|-1|0|-1|0|0|0|0|0|0|0|0|0|0|0|0|0
1564|A_Djinn_Temple_Scholar|2|2059|15|-1|0|-1|0|0|0|0|0|0|0|0|0|0|0|0|0
1565|A_Djinn_Temple_Scholar2|0|2059|15|-1|0|-1|0|0|0|0|0|0|0|0|0|0|0|0|0
1566|Shackles 15%|0|2860|15|-1|0|-1|0|0|0|0|0|0|0|0|0|0|0|0|0
1567|A_Firewing_Imitor|518|861|15|-1|0|-1|0|0|0|0|0|0|0|0|0|0|0|0|0
1568|A_Nilborien_Noble|2|980|15|-1|0|-1|0|0|0|0|0|0|0|0|0|0|0|0|0
1569|A_Nilborien_Scholar|517|980|15|-1|0|-1|0|0|0|0|0|0|0|0|0|0|0|0|0
1570|A_Nilborien_Servant|0|980|15|-1|0|-1|0|0|0|0|0|0|0|0|0|0|0|0|0
1571|Lava Breath 15%|0|861|15|-1|0|-1|0|0|0|0|0|0|0|0|0|0|0|0|0
1572|Huridaf_Vorgaasna|0|1478|15|-1|0|-1|0|0|0|0|0|0|0|0|0|0|0|0|0
1573|Melernil_Faal`Armanna|0|988|15|-1|0|-1|0|0|0|0|0|0|0|0|0|0|0|0|0
1574|Nuquernal_Belegrodian|0|2648|15|-1|0|-1|0|0|0|0|0|0|0|0|0|0|0|0|0
1575|Pherlondien_Clawpike|0|2883|15|-1|0|-1|0|0|0|0|0|0|0|0|0|0|0|0|0
1576|Weruis_Herfadban|0|988|15|-1|0|-1|0|0|0|0|0|0|0|0|0|0|0|0|0
1577|Wesreh_Galleantan|0|2860|15|-1|0|-1|0|0|0|0|0|0|0|0|0|0|0|0|0
1578|General_Druav_Flamesinger|0|3013|10|-1|0|-1|0|0|0|0|0|0|0|0|0|0|0|0|0
1579|Hebabbilys_the_Ragelord|0|-1|3|-1|0|-1|0|0|0|0|0|0|0|0|0|0|0|0|0
1580|Omni_Magus_Crato|0|-1|3|-1|0|-1|0|0|0|0|0|0|0|0|0|0|0|0|0
1581|triloun gatherer PoTime|1520|-1|3|-1|0|-1|0|0|0|0|0|0|0|0|0|0|0|0|0
1582|Deathbringer_Blackheart|0|3176|5|-1|0|-1|0|0|0|0|0|0|0|0|0|0|0|0|0
1583|A_Ferocious_Warboar|0|1968|5|-1|0|-1|0|0|0|0|0|0|0|0|0|0|0|0|0
1584|Kraksmaal_Fir`Dethsin|0|1073|5|-1|0|-1|0|0|0|0|0|0|0|0|0|0|0|0|0
1585|Xeroan_Xi`Geruonask|0|3012|5|-1|0|-1|0|0|0|0|0|0|0|0|0|0|0|0|0
1586|Deathbringer_Skullsmash|0|3757|5|-1|0|-1|0|0|0|0|0|0|0|0|0|0|0|0|0
1587|A_Deadly_Warboar|0|3071|5|-1|0|-1|0|0|0|0|0|0|0|0|0|0|0|0|0
1588|Herlsoakian|0|3643|5|-1|0|-1|0|0|0|0|0|0|0|0|0|0|0|0|0
1589|Sinrunal_Gorgedreal|0|3968|5|-1|0|-1|0|0|0|0|0|0|0|0|0|0|0|0|0
1590|Deathbringer_Rianit|0|3970|5|-1|0|-1|0|0|0|0|0|0|0|0|0|0|0|0|0
1591|A_Needletusk_Warboar|0|3965|5|-1|0|-1|0|0|0|0|0|0|0|0|0|0|0|0|0
1592|Xerskel_Gerodnsal|1|2046|5|-1|0|-1|0|0|0|0|0|0|0|0|0|0|0|0|0
1593|Dersool_Fal`Giersnaol|0|3964|5|-1|0|-1|0|0|0|0|0|0|0|0|0|0|0|0|0
1594|Undead_Squad_Leader|0|2095|5|-1|0|-1|0|0|0|0|0|0|0|0|0|0|0|0|0
1595|Dark_Knight_of_Terris|0|1486|5|-1|0|-1|0|0|0|0|0|0|0|0|0|0|0|0|0
1596|Champion_of_Torment|0|1107|5|-1|0|-1|0|0|0|0|0|0|0|0|0|0|0|0|0
1597|Dreamwarp|0|3177|5|-1|0|-1|0|0|0|0|0|0|0|0|0|0|0|0|0
1598|A_Zek_Bloodtusk|0|2446|5|-1|0|-1|0|0|0|0|0|0|0|0|0|0|0|0|0
1599|A_Warlord_of_Zek|0|2655|5|-1|0|-1|0|0|0|0|0|0|0|0|0|0|0|0|0
1600|A_Ferocious_Cube_Formation|0|1803|5|-1|0|-1|0|0|0|0|0|0|0|0|0|0|0|0|0
1601|Battlemaster_of_the_Faceless|0|2689|5|-1|0|-1|0|0|0|0|0|0|0|0|0|0|0|0|0
1602|A_Minion_of_the_Warlord|0|2454|5|-1|0|-1|0|0|0|0|0|0|0|0|0|0|0|0|0
1603|Dark_Priest_of_Innoruuk|1|2906|5|-1|0|-1|0|0|0|0|0|0|0|0|0|0|0|0|0
1604|Knight_of_Nightmare|521|2912|5|-1|0|-1|0|0|0|0|0|0|0|0|0|0|0|0|0
1605|A_Hobgoblin_Servant|0|3972|5|-1|0|-1|0|0|0|0|0|0|0|0|0|0|0|0|0
1606|Warbeast_of_Saryrn|0|3674|5|-1|0|-1|0|0|0|0|0|0|0|0|0|0|0|0|0
1607|A_Nightmare_Knight_of_Terris|0|-1|3|-1|0|-1|0|0|0|0|0|0|0|0|0|0|0|0|0
1608|A_Mouth_of_Dementia|1428|-1|3|-1|0|-1|0|0|0|0|0|0|0|0|0|0|0|0|0
1609|A_Phantasm_of_Terris|1428|-1|3|-1|0|-1|0|0|0|0|0|0|0|0|0|0|0|0|0
1610|A_Twisted_Tormentor|0|-1|3|-1|0|-1|0|0|0|0|0|0|0|0|0|0|0|0|0
1611|#The_Sleeper|0|841|25|-1|0|-1|0|0|0|0|0|0|0|0|0|0|0|0|0
1612|#An_Ancient_Shissar_Servitor|0|2827|5|-1|0|-1|0|0|0|0|0|0|0|0|0|0|0|0|0
1613|lava_beetle|0|860|25|-1|0|-1|0|0|0|0|0|0|0|0|0|0|0|0|0
1614|infected rat|0|920|5|-1|0|-1|0|0|0|0|0|0|0|0|0|0|0|0|0
1615|Queen_Klicnik|0|1009|50|-1|0|-1|0|0|0|0|0|0|0|0|0|0|0|0|0
1616|a_dread_corpse|0|947|20|-1|0|-1|0|0|0|0|0|0|0|0|0|0|0|0|0
1617|a_venomous_spikefish|0|-1|3|-1|0|-1|0|0|0|0|0|0|0|0|0|0|0|0|0
1618|#The_Sporali_Moldmaster|7|933|50|-1|0|-1|0|0|0|0|0|0|0|0|0|0|0|0|0
1619|Drachnids|10|1002|20|-1|0|-1|0|0|0|0|0|0|0|0|0|0|0|0|0
1620|a_dread_widow|9|1002|20|-1|0|-1|0|0|0|0|0|0|0|0|0|0|0|0|0
1621|tro jeg non caster|0|465|10|-1|0|-1|0|0|0|0|0|0|0|0|0|0|0|0|0
1622|grol baku shaman|1244|2950|10|-1|0|-1|0|0|0|0|0|0|0|0|0|0|0|0|0
1623|vas ren twilight melee|0|2948|10|-1|0|-1|0|0|0|0|0|0|0|0|0|0|0|0|0
1624|ghoul root cleric|1|901|5|-1|0|-1|0|0|0|0|0|0|0|0|0|0|0|0|0
1625|Kith Melee Disease proc|0|1008|5|-1|0|-1|0|0|0|0|0|0|0|0|0|0|0|0|0
1626|kith necro Disease proc|515|1008|5|-1|0|-1|0|0|0|0|0|0|0|0|0|0|0|0|0
1627|Rungupp|6|-1|3|-1|0|-1|0|0|0|0|0|0|0|0|0|0|0|0|0
1628|Weak Poison 25%|0|1001|25|-1|0|-1|0|0|0|0|0|0|0|0|0|0|0|0|0
1629|#Amontehepna|1|1007|5|-1|0|-1|0|0|0|0|0|0|0|0|0|0|0|0|0
1630|Rabies 5%|0|1007|5|-1|0|-1|0|0|0|0|0|0|0|0|0|0|0|0|0
1631|Heart Flutter 10%|0|367|10|-1|0|-1|0|0|0|0|0|0|0|0|0|0|0|0|0
1632|Lord_Grimrot|521|944|50|-1|0|-1|0|0|0|0|0|0|0|0|0|0|0|0|0
1633|a_lesser_nightmare|0|-1|3|-1|0|-1|0|0|0|0|0|0|0|0|0|0|0|0|0
1634|plagueratdisease5|0|909|5|-1|0|-1|0|0|0|0|0|0|0|0|0|0|0|0|0
1635|Poison25|0|1002|25|-1|0|-1|0|0|0|0|0|0|0|0|0|0|0|0|0
1636|lizardman_mystic|6|1001|50|-1|0|-1|0|0|0|0|0|0|0|0|0|0|0|0|0
1637|Giant_Werewolf|377|-1|3|-1|0|-1|0|0|0|0|0|0|0|0|0|0|0|0|0
1638|sonic_bat|0|-1|3|-1|0|-1|0|0|0|0|0|0|0|0|0|0|0|0|0
1639|an_icy_servant|0|-1|3|-1|0|-1|0|0|0|0|0|0|0|0|0|0|0|0|0
1640|a_lava_keeper|0|-1|3|-1|0|-1|0|0|0|0|0|0|0|0|0|0|0|0|0
1641|a_watery_servant|0|-1|3|-1|0|-1|0|0|0|0|0|0|0|0|0|0|0|0|0
1642|Scarecrow Fear|0|900|3|-1|0|-1|0|0|0|0|0|0|0|0|0|0|0|0|0
1644|a_fungus_mutant|10|-1|3|-1|0|-1|0|0|0|0|0|0|0|0|0|0|0|0|0
1645|Cazic_Thule|9|956|33|-1|0|-1|0|0|0|0|0|0|0|0|0|0|0|0|0
1646|#Innoruuk|2|955|10|-1|0|-1|0|0|0|0|0|0|0|0|0|0|0|0|0
1647|a_dracoliche|3|-1|3|-1|0|-1|0|0|0|0|0|0|0|0|0|0|0|0|0
1648|Estrella - Ink Jet + Druid Spellset|519|-1|3|-1|0|-1|0|0|0|0|0|0|0|0|0|0|0|0|0
1649|Borxx|2|-1|0|-1|0|-1|0|0|0|0|0|0|0|0|0|0|0|0|0
1650|#Lord_Rak`Ashiir|2|-1|3|-1|0|-1|0|0|0|0|0|0|0|0|0|0|0|0|0
1651|a_scorpikis|9|1003|15|-1|0|-1|0|0|0|0|0|0|0|0|0|0|0|0|0
1652|Drixiv_Arcut|0|1003|15|-1|0|-1|0|0|0|0|0|0|0|0|0|0|0|0|0
1653|Avatar_of_Fear|521|900|5|-1|0|-1|0|0|0|0|0|0|0|0|0|0|0|0|0
1654|Korocust|0|856|10|-1|0|-1|0|0|0|0|0|0|0|0|0|0|0|0|0
1656|#VhalSera|3|-1|0|-1|0|-1|0|0|0|0|0|0|0|0|0|0|0|0|0
1657|Velium Poison Proc|0|1962|3|-1|0|-1|0|0|0|0|0|0|0|0|0|0|0|0|0
