RaceID|Gender|Variant|RaceName|Anim|Anim2|Temp|Lift|ModelScale|Height|SpawnSizeMod|BoundRadius|BoundHeight|WOWType|WOWFamily|CanHoldWeapons|SndLoop|SndIdle1|SndIdle2|SndJump|SndGetHit1|SndGetHit2|SndGetHit3|SndGetHit4|SndGasp1|SndGasp2|SndDeath|SndDrown|SndWalking|SndRunning|SndAttack|SndSAttack|SndTAttack|CamPosModX|CamPosModY|CamPosModZ|CamTarModX|CamTarModY|CamTarModZ|GeoboxInradius|NamePlateHeightAdd
1|0|0|Human|HUM|ELM||3|1|6|0.2|5.56961|7.44|7|0|1|null24.wav|null24.wav|null24.wav|JumpM_1.WAV|GetHit1M.WAV|GetHit2M.WAV|GetHit3M.WAV|GetHit4M.WAV|Gasp1M.WAV|Gasp2M.WAV|Death_M.WAV|Drown_M.WAV|Walk_Lp.wav|runlp.wav|Punch1.WAV|LeftAtk.WAV|null24.wav|1.538982|-1.037|-0.25|0|-0.25|-0.25|1.96078|0.4
1|1|0|Human|HUF|ELF|1|2.8|1|6|0.2|5.56961|7.44|7|0|1|null24.wav|null24.wav|null24.wav|JumpF_1.WAV|GetHit1F.WAV|GetHit2F.WAV|GetHit3F.WAV|GetHit4F.WAV|Gasp1F.WAV|Gasp2F.WAV|Death_F.WAV|Drown_F.WAV|Walk_Lp.wav|runlp.wav|Punch1.WAV|LeftAtk.WAV|null24.wav|1.038982|-1.037|-0.25|0|-0.4|-0.25|1.96078|0.4
1|2|0|Human|HUM|ELM||3|1|6|0.2|5.56961|7.44|7|0|1|null24.wav|null24.wav|null24.wav|JumpM_1.WAV|GetHit1M.WAV|GetHit2M.WAV|GetHit3M.WAV|GetHit4M.WAV|Gasp1M.WAV|Gasp2M.WAV|Death_M.WAV|Drown_M.WAV|Walk_Lp.wav|runlp.wav|Punch1.WAV|LeftAtk.WAV|null24.wav|1.538982|-1.037|-0.25|0|-0.25|-0.25|1.96078|0.4
2|0|0|Barbarian|BAM|ELM||3|1|7|0.2|5.4499|8.68|7|0|1|null24.wav|null24.wav|null24.wav|JumpM_1B.WAV|GetHit1MB.WAV|GetHit2MB.WAV|GetHit3MB.WAV|GetHit4MB.WAV|Gasp1MB.WAV|Gasp2MB.WAV|Death_MB.WAV|Drown_MB.WAV|Walk_Lp.wav|runlp.wav|Punch1.WAV|LeftAtk.WAV|null24.wav|1.538982|-1.037|-0.25|0|-0.25|-0.25|1.96078|0
2|1|0|Barbarian|BAF|ELF|1|2.8|1|7|0.2|5.4499|8.68|7|0|1|null24.wav|null24.wav|null24.wav|JumpF_1B.WAV|GetHit1FB.WAV|GetHit2FB.WAV|GetHit3FB.WAV|GetHit4FB.WAV|Gasp1FB.WAV|Gasp2FB.WAV|Death_FB.WAV|Drown_FB.WAV|Walk_Lp.wav|runlp.wav|Punch1.WAV|LeftAtk.WAV|null24.wav|1.038982|-1.037|-0.6|0|-0.4|-0.6|1.96078|0
3|0|0|Erudite|ERM|ELM||3|1|6|0.2|5.08699|7.44|7|0|0|null24.wav|null24.wav|null24.wav|JumpM_1.WAV|GetHit1M.WAV|GetHit2M.WAV|GetHit3M.WAV|GetHit4M.WAV|Gasp1M.WAV|Gasp2M.WAV|Death_M.WAV|Drown_M.WAV|Walk_Lp.wav|runlp.wav|Punch1.WAV|LeftAtk.WAV|null24.wav|1.538982|-1.037|-0.25|0|-0.25|-0.25|1.96078|0
3|1|0|Erudite|ERF|ELF|1|2.8|1|6|0.2|5.08699|7.44|7|0|0|null24.wav|null24.wav|null24.wav|JumpF_1.WAV|GetHit1F.WAV|GetHit2F.WAV|GetHit3F.WAV|GetHit4F.WAV|Gasp1F.WAV|Gasp2F.WAV|Death_F.WAV|Drown_F.WAV|Walk_Lp.wav|runlp.wav|Punch1.WAV|LeftAtk.WAV|null24.wav|1.038982|-1.037|-0.25|0|-0.4|-0.25|1.96078|0
4|0|0|Wood Elf|ELM|||3|1|5|0.2|5.56961|6.2|7|0|0|null24.wav|null24.wav|null24.wav|JumpM_1.WAV|GetHit1M.WAV|GetHit2M.WAV|GetHit3M.WAV|GetHit4M.WAV|Gasp1M.WAV|Gasp2M.WAV|Death_M.WAV|Drown_M.WAV|Walk_Lp.wav|runlp.wav|Punch1.WAV|LeftAtk.WAV|null24.wav|1.538982|-1.037|-0.25|0|-0.25|-0.25|1.96078|0
4|1|0|Wood Elf|ELF||1|2.8|1|5|0.2|5.56961|6.2|7|0|0|null24.wav|null24.wav|null24.wav|JumpF_1.WAV|GetHit1F.WAV|GetHit2F.WAV|GetHit3F.WAV|GetHit4F.WAV|Gasp1F.WAV|Gasp2F.WAV|Death_F.WAV|Drown_F.WAV|Walk_Lp.wav|runlp.wav|Punch1.WAV|LeftAtk.WAV|null24.wav|1.038982|-1.037|-0.25|0|-0.4|-0.25|1.96078|0
5|0|0|High Elf|HIM|ELM||3|1|6|0.2|5.08699|7.44|7|0|0|null24.wav|null24.wav|null24.wav|JumpM_1.WAV|GetHit1M.WAV|GetHit2M.WAV|GetHit3M.WAV|GetHit4M.WAV|Gasp1M.WAV|Gasp2M.WAV|Death_M.WAV|Drown_M.WAV|Walk_Lp.wav|runlp.wav|Punch1.WAV|LeftAtk.WAV|null24.wav|1.538982|-1.037|-0.25|0|-0.25|-0.25|1.96078|0
5|1|0|High Elf|HIF|ELF|1|2.8|1|6|0.2|5.08699|7.44|7|0|0|null24.wav|null24.wav|null24.wav|JumpF_1.WAV|GetHit1F.WAV|GetHit2F.WAV|GetHit3F.WAV|GetHit4F.WAV|Gasp1F.WAV|Gasp2F.WAV|Death_F.WAV|Drown_F.WAV|Walk_Lp.wav|runlp.wav|Punch1.WAV|LeftAtk.WAV|null24.wav|1.038982|-1.037|-0.25|0|-0.4|-0.25|1.96078|0
6|0|0|Dark Elf|DAM|ELM||3|1|5|0.2|5.58334|6.2|7|0|0|null24.wav|null24.wav|null24.wav|JumpM_1.WAV|GetHit1M.WAV|GetHit2M.WAV|GetHit3M.WAV|GetHit4M.WAV|Gasp1M.WAV|Gasp2M.WAV|Death_M.WAV|Drown_M.WAV|Walk_Lp.wav|runlp.wav|Punch1.WAV|LeftAtk.WAV|null24.wav|1.538982|-1.037|-0.25|0|-0.25|-0.25|1.96078|0
6|1|0|Dark Elf|DAF|ELF|1|2.8|1|5|0.2|5.58334|6.2|7|0|0|null24.wav|null24.wav|null24.wav|JumpF_1.WAV|GetHit1F.WAV|GetHit2F.WAV|GetHit3F.WAV|GetHit4F.WAV|Gasp1F.WAV|Gasp2F.WAV|Death_F.WAV|Drown_F.WAV|Walk_Lp.wav|runlp.wav|Punch1.WAV|LeftAtk.WAV|null24.wav|1.038982|-1.037|-0.25|0|-0.4|-0.25|1.96078|0
7|0|0|Half Elf|HAM|ELM||3|1|5.5|0.2|5.44665|6.82|7|0|0|null24.wav|null24.wav|null24.wav|JumpM_1.WAV|GetHit1M.WAV|GetHit2M.WAV|GetHit3M.WAV|GetHit4M.WAV|Gasp1M.WAV|Gasp2M.WAV|Death_M.WAV|Drown_M.WAV|Walk_Lp.wav|runlp.wav|Punch1.WAV|LeftAtk.WAV|null24.wav|1.538982|-1.037|-0.25|0|-0.25|-0.25|1.96078|0
7|1|0|Half Elf|HAF|ELF|1|2.8|1|5.5|0.2|5.44665|6.82|7|0|0|null24.wav|null24.wav|null24.wav|JumpF_1.WAV|GetHit1F.WAV|GetHit2F.WAV|GetHit3F.WAV|GetHit4F.WAV|Gasp1F.WAV|Gasp2F.WAV|Death_F.WAV|Drown_F.WAV|Walk_Lp.wav|runlp.wav|Punch1.WAV|LeftAtk.WAV|null24.wav|1.038982|-1.037|-0.25|0|-0.4|-0.25|1.96078|0
8|0|0|Dwarf|DWM|||3|1|4|0.2|5.25813|4.96|7|0|0|null24.wav|null24.wav|null24.wav|JumpM_1B.WAV|GetHit1MB.WAV|GetHit2MB.WAV|GetHit3MB.WAV|GetHit4MB.WAV|Gasp1MB.WAV|Gasp2MB.WAV|Death_MB.WAV|Drown_MB.WAV|Walk_Lp.wav|runlp.wav|Punch1.WAV|LeftAtk.WAV|null24.wav|3.738982|-1.037|-0.15|0|0|-0.15|1.96078|0
8|1|0|Dwarf|DWF|||3|1|4|0.2|5.25813|4.96|7|0|0|null24.wav|null24.wav|null24.wav|JumpF_1B.WAV|GetHit1FB.WAV|GetHit2FB.WAV|GetHit3FB.WAV|GetHit4FB.WAV|Gasp1FB.WAV|Gasp2FB.WAV|Death_FB.WAV|Drown_FB.WAV|Walk_Lp.wav|runlp.wav|Punch1.WAV|LeftAtk.WAV|null24.wav|2.738982|-1.037|-0.35|0|0.1|-0.35|1.96078|0
9|0|0|Troll|TRM|OGF||3|1|8|0.2|7.5179|9.92|7|0|0|null24.wav|null24.wav|null24.wav|JumpM_1B.WAV|GetHit1MB.WAV|GetHit2MB.WAV|GetHit3MB.WAV|GetHit4MB.WAV|Gasp1MB.WAV|Gasp2MB.WAV|Death_MB.WAV|Drown_MB.WAV|Walk_Lp.wav|runlp.wav|Punch1.WAV|LeftAtk.WAV|null24.wav|2.788982|-1.037|-0.6|0|0.15|-0.6|3.36078|0
9|1|0|Troll|TRF|OGF||3|1|8|0.2|7.5179|9.92|7|0|0|null24.wav|null24.wav|null24.wav|JumpF_1B.WAV|GetHit1FB.WAV|GetHit2FB.WAV|GetHit3FB.WAV|GetHit4FB.WAV|Gasp1FB.WAV|Gasp2FB.WAV|Death_FB.WAV|Drown_FB.WAV|Walk_Lp.wav|runlp.wav|Punch1.WAV|LeftAtk.WAV|null24.wav|2.788982|-1.037|-0.6|0|0.15|-0.6|3.36078|0
10|0|0|Ogre|OGM|OGF||3|1|9|0.2|7.32333|11.16|7|0|0|null24.wav|null24.wav|null24.wav|JumpM_1B.WAV|GetHit1MB.WAV|GetHit2MB.WAV|GetHit3MB.WAV|GetHit4MB.WAV|Gasp1MB.WAV|Gasp2MB.WAV|Death_MB.WAV|Drown_MB.WAV|Walk_Lp.wav|runlp.wav|Punch1.WAV|LeftAtk.WAV|null24.wav|2.788982|-1.037|-0.6|0|0.15|-0.6|3.36078|0
10|1|0|Ogre|OGF|OGF||3|1|9|0.2|7.32333|11.16|7|0|0|null24.wav|null24.wav|null24.wav|JumpF_1B.WAV|GetHit1FB.WAV|GetHit2FB.WAV|GetHit3FB.WAV|GetHit4FB.WAV|Gasp1FB.WAV|Gasp2FB.WAV|Death_FB.WAV|Drown_FB.WAV|Walk_Lp.wav|runlp.wav|Punch1.WAV|LeftAtk.WAV|null24.wav|2.788982|-1.037|-0.3|0|0.15|-0.3|3.36078|0.4
11|0|0|Halfling|HOM|DWM||3|1|3.5|0.2|5.12248|4.34|7|0|0|null24.wav|null24.wav|null24.wav|JumpM_1L.WAV|GetHit1ML.WAV|GetHit2ML.WAV|GetHit3ML.WAV|GetHit4ML.WAV|Gasp1ML.WAV|Gasp2ML.WAV|Death_ML.WAV|Drown_ML.WAV|Walk_Lp.wav|runlp.wav|Punch1.WAV|LeftAtk.WAV|null24.wav|3.738982|-1.037|0|0|0|0|1.96078|0
11|1|0|Halfling|HOF|DWF||3|1|3.5|0.2|5.12248|4.34|7|0|0|null24.wav|null24.wav|null24.wav|JumpF_1L.WAV|GetHit1FL.WAV|GetHit2FL.WAV|GetHit3FL.WAV|GetHit4FL.WAV|Gasp1FL.WAV|Gasp2FL.WAV|Death_FL.WAV|Drown_FL.WAV|Walk_Lp.wav|runlp.wav|Punch1.WAV|LeftAtk.WAV|null24.wav|2.738982|-1.037|0.25|0|0.1|0.25|1.96078|0
12|0|0|Gnome|GNM|DWM||3|1|3|0.2|4.26706|3.72|7|0|0|null24.wav|null24.wav|null24.wav|JumpM_1L.WAV|GetHit1ML.WAV|GetHit2ML.WAV|GetHit3ML.WAV|GetHit4ML.WAV|Gasp1ML.WAV|Gasp2ML.WAV|Death_ML.WAV|Drown_ML.WAV|Walk_Lp.wav|runlp.wav|Punch1.WAV|LeftAtk.WAV|null24.wav|3.738982|-1.037|0|0|0|0|1.96078|0
12|1|0|Gnome|GNF|DWF||3|1|3|0.2|4.26706|3.72|7|0|0|null24.wav|null24.wav|null24.wav|JumpF_1L.WAV|GetHit1FL.WAV|GetHit2FL.WAV|GetHit3FL.WAV|GetHit4FL.WAV|Gasp1FL.WAV|Gasp2FL.WAV|Death_FL.WAV|Drown_FL.WAV|Walk_Lp.wav|runlp.wav|Punch1.WAV|LeftAtk.WAV|null24.wav|2.738982|-1.037|0.25|0|0.1|0.25|1.96078|0
13|2|0|Aviak|AVI|||3|1|6|0.2|6.02622|7.44|7|0|0|null24.wav|BirdIdl.wav|BirdIdl.wav|null24.wav|AviakHit.wav|AviakHit.wav|AviakHit.wav|AviakHit.wav|null24.wav|null24.wav|BirdDie.wav|null24.wav|Walk_Lp.wav|runlp.wav|AviakAtt.wav|AviakSAt.wav|null24.wav|2.758982|-1.037|0|0|0|0|2.96078|0.6
14|2|0|Werewolf|WER|||3|1|6|0.2|6.20092|7.44|7|0|0|null24.wav|WereWIdl.wav|WereWIdl.wav|null24.wav|WereWHit.wav|WereWHit.wav|WereWHit.wav|WereWHit.wav|null24.wav|null24.wav|WereWDie.wav|null24.wav|Walk_Lp.wav|runlp.wav|WereWAtt.wav|null24.wav|null24.wav|2.258982|-1.037|-0.3|0|0|-0.3|2.96078|0.6
15|0|0|Brownie|BRM|ELM||3|1|6|0.2|5.4499|7.44|7|0|0|null24.wav|null24.wav|null24.wav|null24.wav|BrownHit.wav|BrownHit.wav|BrownHit.wav|BrownHit.wav|null24.wav|null24.wav|BrownDie.wav|null24.wav|Walk_Lp.wav|runlp.wav|BrownAtt.wav|null24.wav|null24.wav|1.538982|-1.037|-0.25|0|-0.25|-0.25|1.96078|0
15|1|0|Brownie|BRF|ELF|1|3|1|6|0.2|5.4499|7.44|7|0|0|null24.wav|null24.wav|null24.wav|null24.wav|BrownHit.wav|BrownHit.wav|BrownHit.wav|BrownHit.wav|null24.wav|null24.wav|BrownDie.wav|null24.wav|Walk_Lp.wav|runlp.wav|BrownAtt.wav|null24.wav|null24.wav|1.288982|-1.037|0.2|0|-0.4|0.2|1.96078|0
16|2|0|Centaur|CEN|||3|1|6|0.2|8.12494|7.44|7|0|0|null24.wav|null24.wav|null24.wav|JumpM_1.WAV|GetHit1M.WAV|GetHit2M.WAV|GetHit3M.WAV|GetHit4M.WAV|Gasp1M.WAV|Gasp2M.WAV|Death_M.WAV|null24.wav|Hor_Wlk.wav|Hor_Run.wav|Club.WAV|Stab.WAV|null24.wav|1.788982|-1.037|-0.2|0|0|-0.2|2.96078|0
17|0|0|Golem|GOM|GIA||3|1|6|0.2|5.59691|7.44|4|0|0|null24.wav|GolumIdl.wav|GolumIdl.wav|null24.wav|GolumHit.wav|GolumHit.wav|GolumHit.wav|GolumHit.wav|null24.wav|null24.wav|GolumDie.wav|null24.wav|Walk_Lp.wav|runlp.wav|GolumAtt.wav|null24.wav|null24.wav|3.788982|-1.037|-0.4|0|0|-0.4|2.36078|0
17|2|0|Golem|GOL|GIA||3|1|6|0.2|5.59691|7.44|4|0|0|null24.wav|GolumIdl.wav|GolumIdl.wav|null24.wav|GolumHit.wav|GolumHit.wav|GolumHit.wav|GolumHit.wav|null24.wav|null24.wav|GolumDie.wav|null24.wav|Walk_Lp.wav|runlp.wav|GolumAtt.wav|null24.wav|null24.wav|3.788982|-1.037|-0.4|0|0|-0.4|2.36078|0
18|2|0|Giant / Cyclops|GIA|||3|1|6|0.2|8.11092|7.44|5|0|0|null24.wav|GiantIdl.wav|GiantIdl.wav|null24.wav|GiantHit.wav|GiantHit.wav|GiantHit.wav|GiantHit.wav|null24.wav|null24.wav|GiantDie.wav|null24.wav|GiantWlk.wav|GiantRun.wav|GiantAtt.wav|null24.wav|null24.wav|2.888982|-1.037|-0.4|0|0|-0.4|4.96078|0.8
19|2|0|Trakanon|TRK|||3|1|6|0.2|41.5857|7.44|2|0|0|null24.wav|DragIIdl.wav|DragIIdl.wav|null24.wav|Drag_Hit.wav|Drag_Hit.wav|Drag_Hit.wav|Drag_Hit.wav|null24.wav|null24.wav|Drag_Die.wav|null24.wav|GiantWlk.wav|GiantWlk.wav|Drag_Att.wav|DragISAt.wav|null24.wav|6|-2.037|-0.5|0|0|-0.5|12|3
20|0|0|Doppleganger|VST|||3|1|6|0.2|7.69592|7.44|6|0|0|null24.wav|null24.wav|null24.wav|JumpM_1B.WAV|null24.wav|VampKHit.wav|VampKHit.wav|VampKHit.wav|null24.wav|null24.wav|VampKDie.wav|GetHit2FB.WAV|Walk_Lp.wav|runlp.wav|Stab.WAV|null24.wav|Club.WAV|1.788982|-1.037|0|0|0|0|1.96078|0
20|1|0|Doppleganger|VST|||3|1|6|0.2|7.69592|7.44|6|0|0|null24.wav|null24.wav|null24.wav|JumpM_1B.WAV|null24.wav|VampKHit.wav|VampKHit.wav|VampKHit.wav|null24.wav|null24.wav|VampKDie.wav|GetHit2FB.WAV|Walk_Lp.wav|runlp.wav|Stab.WAV|null24.wav|Club.WAV|1.788982|-1.037|0|0|0|0|1.96078|0
20|2|0|Doppleganger|VST|||3|1|6|0.2|7.69592|7.44|6|0|0|null24.wav|null24.wav|null24.wav|JumpM_1B.WAV|null24.wav|VampKHit.wav|VampKHit.wav|VampKHit.wav|null24.wav|null24.wav|VampKDie.wav|GetHit2FB.WAV|Walk_Lp.wav|runlp.wav|Stab.WAV|null24.wav|Club.WAV|1.788982|-1.037|0|0|0|0|1.96078|0
21|2|0|Evil Eye|BEH|||3|1|6|0.2|11.113|7.44|10|0|0|BehlLoop.wav|BeholIdl.wav|BeholIdl.wav|null24.wav|BehldHit.wav|BehldHit.wav|BehldHit.wav|BehldHit.wav|null24.wav|null24.wav|BehdDie.wav|null24.wav|null24.wav|null24.wav|BehdAtt.wav|null24.wav|null24.wav|10.788982|-1.037|0.2|0|0.15|0.2|3|4.25
22|2|0|Beetle|BET|SPI||3|1|6|0.2|26.611|7.44|1|20|0|null24.wav|null24.wav|null24.wav|null24.wav|BeetlHit.wav|BeetlHit.wav|BeetlHit.wav|BeetlHit.wav|null24.wav|null24.wav|BeetlDie.wav|null24.wav|BeetlWlk.wav|BeetlWlk.wav|BeetlAtt.wav|null24.wav|null24.wav|3.788982|1.037|0|0|0|0|5.96078|0.8
23|0|0|Kerra|CPM|GNN||3|1|6|0.2|6.22859|7.44|7|0|0|null24.wav|CatM_Idl.wav|CatM_Idl.wav|null24.wav|CatM_Hit.wav|CatM_Hit.wav|CatM_Hit.wav|CatM_Hit.wav|null24.wav|null24.wav|CatM_Die.wav|null24.wav|Walk_Lp.wav|runlp.wav|CatM_Att.wav|CatMSAtt.wav|null24.wav|2.788982|-1.037|-0.3|0|0|-0.3|1.96078|0.6
23|1|0|Kerra|CPF|CPM||3|1|6|0.2|6.22859|7.44|7|0|0|null24.wav|CatF_Idl.wav|CatF_Idl.wav|null24.wav|CatF_Hit.wav|CatF_Hit.wav|CatF_Hit.wav|CatF_Hit.wav|null24.wav|null24.wav|CatF_Die.wav|null24.wav|Walk_Lp.wav|runlp.wav|CatF_Att.wav|CatFSAtt.wav|null24.wav|2.788982|-1.037|0.15|0|0|0.15|1.96078|0.6
24|2|0|Fish|FIS|||1|1|6|0.2|1.25|7.44|1|0|0|null24.wav|null24.wav|null24.wav|null24.wav|SwF_Hit.wav|SwF_Hit.wav|SwF_Hit.wav|SwF_Hit.wav|null24.wav|null24.wav|SwF_Die.wav|null24.wav|null24.wav|null24.wav|SwF_Att.wav|null24.wav|null24.wav|1.288982|-1.037|1|0|0|1|1.96078|1
25|1|0|Fairy|FAF|||3|1|6|0.2|13.1853|7.44|7|0|0|Fairy_Lp.wav|null24.wav|null24.wav|null24.wav|FairyHit.wav|FairyHit.wav|FairyHit.wav|FairyHit.wav|null24.wav|null24.wav|FairyDie.wav|null24.wav|null24.wav|null24.wav|FairyAtt.wav|FairySAt.wav|null24.wav|1.488982|-1.037|0.2|0|0|0.2|1.96078|0.5
26|2|0|Froglok|FRO|||3|1|6|0.2|5.34445|7.44|7|0|0|null24.wav|Frog_Idl.wav|Frog_Idl.wav|null24.wav|Frog_Hit.wav|Frog_Hit.wav|Frog_Hit.wav|Frog_Hit.wav|null24.wav|null24.wav|Frog_Die.wav|null24.wav|Frog_Wlk.wav|Frog_Run.wav|Frog_Att.wav|Frog_SAt.wav|Frog_TAt.wav|4.858982|-1.037|-0.5|0|0|-0.5|1.96078|0
27|2|0|Froglok Ghoul|FRG|FRO||3|1|6|0.2|5.20999|7.44|6|0|0|null24.wav|FrogGIdl.wav|FrogGIdl.wav|null24.wav|FrogGHit.wav|FrogGHit.wav|FrogGHit.wav|FrogGHit.wav|null24.wav|null24.wav|FrogGDie.wav|null24.wav|Frog_Wlk.wav|Frog_Run.wav|FrogGAtt.wav|FrogGSAt.wav|FrogGTAt.wav|4.858982|-1.037|-0.5|0|0|-0.5|1.96078|0
28|2|0|Fungusman|FUN|||3|1|6|0.2|4.92871|7.44|7|0|0|null24.wav|Fung_Idl.wav|Fung_Idl.wav|null24.wav|Fung_Hit.wav|Fung_Hit.wav|Fung_Hit.wav|Fung_Hit.wav|null24.wav|null24.wav|Fung_Die.wav|null24.wav|Walk_Lp.wav|runlp.wav|Fung_Att.wav|Fung_SAtt.wav|null24.wav|5.788982|-1.037|0|0|0|0|2.56078|1
29|0|0|Gargoyle|GAM|GAR||3|1|6|0.2|6.11814|7.44|4|0|0|Imp_Lp.wav|Garg_Idl.wav|Garg_Idl.wav|null24.wav|Garg_Hit.wav|Garg_Hit.wav|Garg_Hit.wav|Garg_Hit.wav|null24.wav|null24.wav|Garg_Die.wav|null24.wav|null24.wav|null24.wav|Garg_Att.wav|null24.wav|null24.wav|3.015|-1.037|-0.2|0|0|-0.2|2.46078|0
29|2|0|Gargoyle|GAR|GAM||3|1|6|0.2|6.11814|7.44|4|0|0|Imp_Lp.wav|Garg_Idl.wav|Garg_Idl.wav|null24.wav|Garg_Hit.wav|Garg_Hit.wav|Garg_Hit.wav|Garg_Hit.wav|null24.wav|null24.wav|Garg_Die.wav|null24.wav|null24.wav|null24.wav|Garg_Att.wav|null24.wav|null24.wav|3.015|-1.037|-0.2|0|0|-0.2|2.46078|0
30|2|0|Gasbag|BEH|||3|1|6|0.2|11.113|7.44|10|0|0|BehlLoop.wav|BeholIdl.wav|BeholIdl.wav|null24.wav|BehldHit.wav|BehldHit.wav|BehldHit.wav|BehldHit.wav|null24.wav|null24.wav|BehdDie.wav|null24.wav|null24.wav|null24.wav|BehdAtt.wav|null24.wav|null24.wav|10.788982|-1.037|0.2|0|0.15|0.2|5|3.25
31|2|0|Gelatinous Cube|CUB|||3|1|6|0.2|12.3038|7.44|10|0|0|null24.wav|CubeIdl1.wav|CubeIdl2.wav|null24.wav|Cube_Hit.wav|Cube_Hit.wav|Cube_Hit.wav|Cube_Hit.wav|null24.wav|null24.wav|Cube_Die.wav|null24.wav|Cube_Wlk.wav|Cube_Wlk.wav|Cube_Att.wav|null24.wav|null24.wav|6.788982|-1.037|0|0|0|0|2.56078|4
33|2|0|Ghoul|GHU|GOB||3|1|6|0.2|6.25323|7.44|6|0|0|null24.wav|GhoulIdl.wav|GhoulIdl.wav|null24.wav|GhoulHit.wav|GhoulHit.wav|GhoulHit.wav|GhoulHit.wav|null24.wav|null24.wav|GhoulDie.wav|null24.wav|Walk_Lp.wav|runlp.wav|GhoulAtt.wav|GhoulSAt.wav|null24.wav|1.788982|-1.037|-0.2|0|0|-0.2|1.96078|0.1
34|2|0|Giant Bat|BAT|||3|1|6|0.2|34.5998|7.44|1|24|0|Bat_Fly.wav|Bat_Idl1.wav|Bat_idl2.wav|null24.wav|Bat_Hit.wav|Bat_Hit.wav|Bat_Hit.wav|Bat_Hit.wav|null24.wav|null24.wav|Bat_Die.wav|null24.wav|null24.wav|null24.wav|Bat_Att.wav|null24.wav|null24.wav|5.288982|-1.037|0.9|0|0|0.9|8.96078|0.8
36|2|0|Giant Rat|RAT|||3|1|6|0.2|5.32326|7.44|1|0|0|null24.wav|Rat_Idl.wav|Rat_Idl.wav|null24.wav|Rat_Hit.wav|Rat_Hit.wav|Rat_Hit.wav|Rat_Hit.wav|null24.wav|null24.wav|Rat_Die.wav|null24.wav|Walk_Lp.wav|runlp.wav|Rat_Att.wav|null24.wav|null24.wav|1.788982|-1.037|-0.2|0|0|-0.2|1.96078|0.8
37|2|0|Giant Snake|SNA|||3|1|6|0.2|11.9915|7.44|1|0|0|null24.wav|SnakeIdl.wav|SnakeIdl.wav|null24.wav|SnakeHit.wav|SnakeHit.wav|SnakeHit.wav|SnakeHit.wav|null24.wav|null24.wav|SnakeDie.wav|null24.wav|null24.wav|null24.wav|SnakeAtt.wav|null24.wav|null24.wav|3.188982|-1.037|0|0|0|0|3.56078|0.2
38|2|0|Giant Spider|SPI|||3|1|6|0.2|26.611|7.44|1|3|0|null24.wav|SpidIdl.wav|SpidIdl.wav|null24.wav|Spid_Hit.wav|Spid_Hit.wav|Spid_Hit.wav|Spid_Hit.wav|null24.wav|null24.wav|Spid_Die.wav|null24.wav|Spid_Wlk.wav|Spid_Wlk.wav|Spid_Att.wav|null24.wav|null24.wav|3.788982|1.037|0|0|0|0|5.96078|0.8
38|2|3|Giant Spider|SPI|||3|1|6|0.2|26.611|7.44|1|3|0|ClokLoop.wav|Clok_Idl.wav|Clok_Idl.wav|null24.wav|Clok_Hit.wav|Clok_Hit.wav|Clok_Hit.wav|Clok_Hit.wav|null24.wav|null24.wav|Clok_Die.wav|null24.wav|null24.wav|null24.wav|null24.wav|null24.wav|null24.wav|3.788982|1.037|0|0|0|0|5.96078|0.8
39|2|0|Gnoll|GNN|||3|1|6|0.2|5.84785|7.44|7|0|0|null24.wav|GnollIdl.wav|GnollIdl.wav|null24.wav|GnollHit.wav|GnollHit.wav|GnollHit.wav|GnollHit.wav|null24.wav|null24.wav|GnollDie.wav|null24.wav|Walk_Lp.wav|runlp.wav|GnollAtt.wav|GnollSAt.wav|null24.wav|2.788982|-1.037|-0.4|0|0|-0.4|2.96078|0
39|2|3|Gnoll|GNN|||3|1|6|0.2|5.84785|7.44|7|0|0|null24.wav|GhoulIdl.wav|GhoulIdl.wav|null24.wav|GhoulHit.wav|GhoulHit.wav|GhoulHit.wav|GhoulHit.wav|null24.wav|null24.wav|GhoulDie.wav|null24.wav|Walk_Lp.wav|runlp.wav|GhoulAtt.wav|GhoulSAt.wav|null24.wav|2.788982|-1.037|-0.4|0|0|-0.4|2.96078|0
40|2|0|Goblin|GOB|||3|1|6|0.2|6.25323|7.44|7|0|0|null24.wav|Gob_Idl.wav|Gob_Idl.wav|null24.wav|Gob_Hit.wav|Gob_Hit.wav|Gob_Hit.wav|Gob_Hit.wav|null24.wav|null24.wav|Gob_Die.wav|null24.wav|Walk_Lp.wav|runlp.wav|Gob_Att.wav|Gob_SAt.wav|null24.wav|1.788982|-1.037|-0.2|0|0|-0.2|1.96078|0.1
41|2|0|Gorilla|GOR|||3|1|6|0.2|9.57382|7.44|1|9|0|GoriLp.wav|GorilIdl.wav|GorilIdl.wav|null24.wav|GorilHit.wav|GorilHit.wav|GorilHit.wav|GorilHit.wav|null24.wav|null24.wav|GorilDie.wav|null24.wav|null24.wav|null24.wav|GorilAtt.wav|null24.wav|null24.wav|3.088982|-1.037|-0.2|0|0|-0.2|2.96078|0.4
42|2|0|Wolf|WOL|||2.9|1|6|0.2|5.35338|3.9|1|1|0|null24.wav|Wolf_Idl.wav|Wolf_Idl.wav|null24.wav|Wolf_Hit.wav|Wolf_Hit.wav|Wolf_Hit.wav|Wolf_Hit.wav|null24.wav|null24.wav|Wolf_Die.wav|null24.wav|Walk_Lp.wav|runlp.wav|Wolf_Att.wav|null24.wav|null24.wav|1.788982|-1.037|0|0|0|0|1.96078|0
42|1|0|Wolf|WOL|||2.9|1|6|0.2|5.35338|3.9|1|1|0|null24.wav|Wolf_Idl.wav|Wolf_Idl.wav|null24.wav|Wolf_Hit.wav|Wolf_Hit.wav|Wolf_Hit.wav|Wolf_Hit.wav|null24.wav|null24.wav|Wolf_Die.wav|null24.wav|Walk_Lp.wav|runlp.wav|Wolf_Att.wav|null24.wav|null24.wav|1.788982|-1.037|0|0|0|0|1.96078|0
43|2|0|Bear|BEA|||3|1|4.7|0.2|15.2727|5.828|1|4|0|null24.wav|Bear_Idl.wav|Bear_Idl.wav|null24.wav|Bear_Hit.wav|Bear_Hit.wav|Bear_Hit.wav|Bear_Hit.wav|null24.wav|null24.wav|Bear_Die.wav|null24.wav|Walk_Lp.wav|runlp.wav|Bear_Att.wav|null24.wav|null24.wav|5.788982|-1.037|0|0|0|0|4.25078|0.8
44|0|0|Freeport Guards|FPM|ELM||3|1|6|0.2|5.4499|7.44|7|0|0|null24.wav|null24.wav|null24.wav|JumpM_1.WAV|GetHit1M.WAV|GetHit2M.WAV|GetHit3M.WAV|GetHit4M.WAV|Gasp1M.WAV|Gasp2M.WAV|Death_M.WAV|Drown_M.WAV|Walk_Lp.wav|runlp.wav|Punch1.WAV|LeftAtk.WAV|null24.wav|1.538982|-1.037|-0.25|0|-0.25|-0.25|1.96078|0.4
45|2|0|Demi Lich|DML|||3|1|6|0.2|4.32734|7.44|6|0|0|Der_Lp.wav|dervish_idle.wav|dervish_idle.wav|null24.wav|dervish_dam.wav|dervish_dam.wav|dervish_dam.wav|dervish_dam.wav|null24.wav|null24.wav|dervish_dth.wav|null24.wav|null24.wav|null24.wav|dervish_atk.wav|null24.wav|null24.wav|2.488982|-1.037|-0.2|0|0|-0.2|2.46078|0.4
46|2|0|Imp|IMP|GAR||3|1|6|0.2|11.5|7.44|3|0|0|Imp_Lp.wav|Garg_Idl.wav|Garg_Idl.wav|null24.wav|Imp_Hit.wav|Imp_Hit.wav|Imp_Hit.wav|Imp_Hit.wav|null24.wav|null24.wav|Imp_Die.wav|null24.wav|null24.wav|null24.wav|Imp_Att.wav|null24.wav|null24.wav|3.015|-1.037|-0.2|0|0|-0.2|2.46078|0
47|2|0|Griffin|GRI|DRK||3|1|6|0.2|8.26987|7.44|1|0|0|GrifLoop.wav|Grif_Idl.wav|Grif_Idl.wav|null24.wav|Grif_Hit.wav|Grif_Hit.wav|Grif_Hit.wav|Grif_Hit.wav|null24.wav|null24.wav|Grif_Die.wav|null24.wav|null24.wav|null24.wav|Grif_Att.wav|Grif_SAt.wav|null24.wav|1.788982|-1.037|0|0|0|0|3.46078|0.6
48|2|0|Kobold|KOB|WER||3|1|6|0.2|6.20092|7.44|7|0|0|null24.wav|Kobo_Idl.wav|Kobo_Idl.wav|null24.wav|Kobo_Hit.wav|Kobo_Hit.wav|Kobo_Hit.wav|Kobo_Hit.wav|null24.wav|null24.wav|Kobo_Die.wav|null24.wav|Walk_Lp.wav|runlp.wav|Kobo_Att.wav|null24.wav|null24.wav|3.258982|-1.037|0|0|0|0|2.96078|0.6
48|2|1|Kobold|KOB|WER||3|1|6|0.2|6.20092|7.44|7|0|0|null24.wav|WereBIdl.wav|WereBIdl.wav|null24.wav|WereBHit.wav|WereBHit.wav|WereBHit.wav|WereBHit.wav|null24.wav|null24.wav|WereBDie.wav|null24.wav|Walk_Lp.wav|runlp.wav|WereBAtt.wav|null24.wav|null24.wav|3.258982|-1.037|0|0|0|0|2.96078|0.6
49|2|0|Lava Dragon|DRA|||19.8|1|6|0.2|116.3|34.5|2|0|0|null24.wav|DragIIdl.wav|DragIIdl.wav|null24.wav|Drag_Hit.wav|Drag_Hit.wav|Drag_Hit.wav|Drag_Hit.wav|null24.wav|null24.wav|Drag_Die.wav|null24.wav|GiantWlk.wav|GiantWlk.wav|Drag_Att.wav|DragFSAt.wav|null24.wav|21|-6.037|-2|0|0|-2|18|3
49|2|1|Lava Dragon|DRA|||19.8|1|6|0.2|116.3|34.5|2|0|0|null24.wav|DragFIdl.wav|DragFIdl.wav|null24.wav|Drag_Hit.wav|Drag_Hit.wav|Drag_Hit.wav|Drag_Hit.wav|null24.wav|null24.wav|Drag_Die.wav|null24.wav|GiantWlk.wav|GiantWlk.wav|Drag_Att.wav|DragISAt.wav|null24.wav|21|-6.037|-2|0|0|-2|18|3
50|0|0|Lion|LIM|||3|1|6|0.2|5.77437|7.44|1|2|0|null24.wav|Lion_Idl.wav|Lion_Idl.wav|null24.wav|Lion_Hit.wav|Lion_Hit.wav|Lion_Hit.wav|Lion_Hit.wav|null24.wav|null24.wav|Lion_Die.wav|null24.wav|Walk_Lp.wav|runlp.wav|Lion_Att.wav|null24.wav|null24.wav|2.788982|-1.037|-0.2|0|0.4|-0.2|1.96078|0.8
50|1|0|Lion|LIF|LIM||3|1|6|0.2|5.77437|7.44|1|2|0|null24.wav|Lion_Idl.wav|Lion_Idl.wav|null24.wav|Lion_Hit.wav|Lion_Hit.wav|Lion_Hit.wav|Lion_Hit.wav|null24.wav|null24.wav|Lion_Die.wav|null24.wav|Walk_Lp.wav|runlp.wav|Lion_Att.wav|null24.wav|null24.wav|2.788982|-1.037|-0.2|0|0.4|-0.2|1.96078|0.8
51|2|0|Lizard Man|LIZ|||3|1|6|0.2|7.7232|7.44|7|0|0|null24.wav|Liza_Idl.wav|Liza_Idl.wav|null24.wav|Liza_Hit.wav|Liza_Hit.wav|Liza_Hit.wav|Liza_Hit.wav|null24.wav|null24.wav|Liza_Die.wav|null24.wav|Walk_Lp.wav|runlp.wav|Liza_Att.wav|LizaSAtt.wav|null24.wav|3.588982|-1.037|-0.2|0|0|-0.2|1.96078|0
52|0|0|Mimic|MIM|||3|1|6|0.2|7.95907|7.44|10|0|0|null24.wav|null24.wav|null24.wav|null24.wav|MimicHit.wav|MimicHit.wav|MimicHit.wav|MimicHit.wav|null24.wav|null24.wav|MimicDie.wav|null24.wav|Mimic_Lp.wav|Mimic_Lp.wav|MimicAtt.wav|null24.wav|null24.wav|11.788982|-1.037|2.6|0|0.4|2.6|3.26078|5
52|2|0|Mimic|MIM|||3|1|6|0.2|7.95907|7.44|10|0|0|null24.wav|null24.wav|null24.wav|null24.wav|MimicHit.wav|MimicHit.wav|MimicHit.wav|MimicHit.wav|null24.wav|null24.wav|MimicDie.wav|null24.wav|Mimic_Lp.wav|Mimic_Lp.wav|MimicAtt.wav|null24.wav|null24.wav|11.788982|-1.037|2.6|0|0.4|2.6|3.26078|5
53|2|0|Minotaur|MIN|GNN||3|1|6|0.2|5.84785|7.44|7|0|0|null24.wav|Mino_Idl.wav|Mino_Idl.wav|null24.wav|Mino_Hit.wav|Mino_Hit.wav|Mino_Hit.wav|Mino_Hit.wav|null24.wav|null24.wav|Mino_Die.wav|null24.wav|Walk_Lp.wav|runlp.wav|Mino_Att.wav|Mino_SAt.wav|null24.wav|3.238982|-1.037|-0.5|0|0|-0.5|4.96078|0
54|2|0|Orc|ORC|||3|1|6|0.2|6.37399|7.44|7|0|0|null24.wav|Orc_Idl.wav|Orc_Idl.wav|null24.wav|Orc_Hit.wav|Orc_Hit.wav|Orc_Hit.wav|Orc_Hit.wav|null24.wav|null24.wav|Orc_Die.wav|null24.wav|Walk_Lp.wav|runlp.wav|Orc_Att.wav|OrcSAtt.wav|null24.wav|1.788982|-1.037|-0.2|0|0|-0.2|2.46078|0.4
55|0|0|Human Beggar|BGM|ELM||3|1|6|0.2|5.56961|7.44|7|0|1|null24.wav|null24.wav|null24.wav|JumpM_1.WAV|GetHit1M.WAV|GetHit2M.WAV|GetHit3M.WAV|GetHit4M.WAV|Gasp1M.WAV|Gasp2M.WAV|Death_M.WAV|Drown_M.WAV|Walk_Lp.wav|runlp.wav|Punch1.WAV|LeftAtk.WAV|null24.wav|1.538982|-1.037|-0.25|0|-0.25|-0.25|1.96078|0.4
56|1|0|Pixie|PIF|FAF||3|1|6|0.2|13.123|7.44|7|0|0|PixiLoop.wav|null24.wav|null24.wav|null24.wav|PixieHit.wav|PixieHit.wav|PixieHit.wav|PixieHit.wav|null24.wav|null24.wav|PixieDie.wav|null24.wav|null24.wav|null24.wav|PixieSAt.wav|null24.wav|null24.wav|1.488982|-1.037|0.3|0|0|0.3|1.96078|0.5
57|0|0|Dracnid|DRM|||3|1|6|0.2|17.0433|7.44|7|0|0|null24.wav|drakm_wool_idle.wav|drakm_wool_idle.wav|null24.wav|drakm_wool_dam.wav|drakm_wool_dam.wav|drakm_wool_dam.wav|drakm_wool_dam.wav|null24.wav|null24.wav|drakm_wool_dth.wav|null24.wav|Spid_Wlk.wav|Spid_Wlk.wav|drakm_wool_atk.wav|Spid_Wlk.wav|Spid_Wlk.wav|2.088982|-1.037|0|0|0.15|0|6.26078|0.15
57|1|0|Dracnid|DRF|||3|1|6|0.2|17.0433|7.44|7|0|0|null24.wav|drakf_wool_idle.wav|drakf_wool_idle.wav|null24.wav|drakf_wool_dam.wav|drakf_wool_dam.wav|drakf_wool_dam.wav|drakf_wool_dam.wav|null24.wav|null24.wav|drakf_wool_dth.wav|null24.wav|Spid_Wlk.wav|Spid_Wlk.wav|drakf_wool_atk.wav|Spid_Wlk.wav|Spid_Wlk.wav|2.088982|-1.037|-0.15|0|0.15|-0.15|6.26078|0.15
58|2|0|Solusek Ro|SOL|||3|1|6|0.2|5.87495|7.44|7|0|0|null24.wav|null24.wav|null24.wav|JumpM_1.WAV|GetHit1M.WAV|GetHit2M.WAV|GetHit3M.WAV|GetHit4M.WAV|Gasp1M.WAV|Gasp2M.WAV|Death_M.WAV|Drown_M.WAV|Walk_Lp.wav|runlp.wav|Punch1.WAV|LeftAtk.WAV|null24.wav|2.288982|-1.037|-0.2|0|0|-0.2|1.96078|0
59|2|0|Bloodgills|BGG|KGO||3|1|6|0.2|6.72638|7.44|7|0|0|null24.wav|Gob_Idl.wav|Gob_Idl.wav|null24.wav|Gob_Hit.wav|Gob_Hit.wav|Gob_Hit.wav|Gob_Hit.wav|null24.wav|null24.wav|Gob_Die.wav|null24.wav|Walk_Lp.wav|runlp.wav|Gob_Att.wav|Gob_SAt.wav|null24.wav|2.288982|-1.037|-0.2|0|0|-0.2|2.46078|0.2
60|2|0|Skeleton|SKE|ELM||3|1|6|0.2|5.4499|7.44|6|0|0|null24.wav|null24.wav|null24.wav|null24.wav|Skel_Hit.wav|Skel_Hit.wav|Skel_Hit.wav|Skel_Hit.wav|null24.wav|null24.wav|Skel_Die.wav|null24.wav|Walk_Lp.wav|runlp.wav|SkelAtt1.wav|Skel_Std.wav|SkelAtt2.wav|1.538982|-1.037|-0.25|0|-0.25|-0.25|1.96078|0
61|2|0|Shark|SHA|||1.4|1|6|0.2|5.14074|7.44|1|0|0|null24.wav|null24.wav|null24.wav|null24.wav|Shrk_Die.wav|Shrk_Die.wav|Shrk_Die.wav|Shrk_Die.wav|null24.wav|null24.wav|Shrk_Die.wav|null24.wav|null24.wav|null24.wav|Shrk_Att.wav|null24.wav|null24.wav|2.788982|-1.037|0|0|0|0|3.46078|0.5
62|2|0|Tunare|TUN|||3|1|6|0.2|5.08699|7.44|7|0|0|null24.wav|null24.wav|null24.wav|JumpF_1.WAV|GetHit1F.WAV|GetHit2F.WAV|GetHit3F.WAV|GetHit4F.WAV|Gasp1F.WAV|Gasp2F.WAV|Death_F.WAV|Drown_F.WAV|Walk_Lp.wav|runlp.wav|Punch1.WAV|LeftAtk.WAV|null24.wav|1.088982|-1.037|-0.2|0|0|-0.2|2.36078|0.6
63|2|0|Tiger|TIG|LIM||3|1|6|0.2|5.77437|7.44|1|2|0|null24.wav|Lion_Idl.wav|Lion_Idl.wav|null24.wav|Lion_Hit.wav|Lion_Hit.wav|Lion_Hit.wav|Lion_Hit.wav|null24.wav|null24.wav|Lion_Die.wav|null24.wav|Walk_Lp.wav|runlp.wav|Lion_Att.wav|null24.wav|null24.wav|2.788982|-1.037|-0.2|0|0.4|-0.2|1.96078|0.8
64|2|0|Treant|TRE|||3|1|6|0.2|8.66169|7.44|4|0|0|null24.wav|Trea_Idl.wav|Trea_Idl.wav|null24.wav|Trea_Hit.wav|Trea_Hit.wav|Trea_Hit.wav|Trea_Hit.wav|null24.wav|null24.wav|Trea_Die.wav|null24.wav|Trea_Wlk.wav|Trea_Wlk.wav|Trea_Att.wav|Trea_SAt.wav|null24.wav|1.788982|-1.037|0|0|0|0|2.26078|0.4
65|0|0|Vampire|DVM|||3|1|6|0.2|5.56961|7.44|6|0|0|VampK_Lp.wav|VampKIdle.wav|VampKIdle.wav|null24.wav|VampKHit.wav|VampKHit.wav|VampKHit.wav|VampKHit.wav|null24.wav|null24.wav|VampKDie.wav|null24.wav|null24.wav|null24.wav|VampKAtt.wav|VampKSAt.wav|null24.wav|1.788982|-1.037|-0.15|0|0|-0.15|3.96078|0.4
66|2|0|Rallos Zek|RAL|||3|1|6|0.2|5.63879|7.44|7|0|0|null24.wav|null24.wav|null24.wav|JumpM_1.WAV|GetHit1M.WAV|GetHit2M.WAV|GetHit3M.WAV|GetHit4M.WAV|Gasp1M.WAV|Gasp2M.WAV|Death_M.WAV|Drown_M.WAV|Walk_Lp.wav|runlp.wav|Punch1.WAV|LeftAtk.WAV|null24.wav|1.788982|-1.037|0|0|0|0|3.46078|0.6
67|0|0|Highpass Citizen|HHM|ELM||3|1|6|0.2|5.4499|7.44|7|0|0|null24.wav|null24.wav|null24.wav|JumpM_1.WAV|GetHit1M.WAV|GetHit2M.WAV|GetHit3M.WAV|GetHit4M.WAV|Gasp1M.WAV|Gasp2M.WAV|Death_M.WAV|Drown_M.WAV|Walk_Lp.wav|runlp.wav|Punch1.WAV|LeftAtk.WAV|null24.wav|1.538982|-1.037|-0.25|0|-0.25|-0.25|1.96078|0
68|2|0|Tentacle|TEN|||3|1|6|0.2|12.4755|7.44|10|0|0|null24.wav|Tent_Idl.wav|Tent_Idl.wav|null24.wav|Tent_Hit.wav|Tent_Hit.wav|Tent_Hit.wav|Tent_Hit.wav|null24.wav|null24.wav|Tent_Die.wav|null24.wav|Tent_Wlk.wav|Tent_Wlk.wav|Tent_Att.wav|null24.wav|null24.wav|5.788982|-1.037|0|0|0|0|1.96078|4
69|2|0|Will O Wisp|WIL|||5|1|6|0.2|20|7.44|10|0|0|WiloLoop.wav|null24.wav|null24.wav|null24.wav|Wilo_Hit.wav|Wilo_Hit.wav|Wilo_Hit.wav|Wilo_Hit.wav|null24.wav|null24.wav|Wilo_Die.wav|null24.wav|null24.wav|null24.wav|Wilo_Att.wav|null24.wav|null24.wav|1.788982|-1.037|0|0|0|0|1.96078|5.6
70|0|0|Zombie|ZOM|ELM||3|1|6|0.2|5.4499|7.44|6|0|0|null24.wav|Zom_Idl1.wav|Zom_Idl1.wav|null24.wav|FlshHit2.WAV|FlshHit2.WAV|FlshHit2.WAV|FlshHit2.WAV|null24.wav|null24.wav|Zom_Die.wav|null24.wav|Walk_Lp.wav|runlp.wav|Zom_Att.wav|null24.wav|null24.wav|1.538982|-1.037|-0.25|0|-0.25|-0.25|1.96078|0
70|1|0|Zombie|ZOF|ELF|1|3|1|6|0.2|5.4499|7.44|6|0|0|null24.wav|Zom_Idl2.wav|Zom_Idl2.wav|null24.wav|FlshHit2.WAV|FlshHit2.WAV|FlshHit2.WAV|FlshHit2.WAV|null24.wav|null24.wav|ZomF_Die.wav|null24.wav|Walk_Lp.wav|runlp.wav|ZomF_Att.wav|null24.wav|null24.wav|1.038982|-1.037|-0.25|0|-0.4|-0.25|1.96078|0
71|0|0|Qeynos Citizen|QCM|ELM||3|1|6|0.2|5.4499|7.44|7|0|0|null24.wav|null24.wav|null24.wav|JumpM_1.WAV|GetHit1M.WAV|GetHit2M.WAV|GetHit3M.WAV|GetHit4M.WAV|Gasp1M.WAV|Gasp2M.WAV|Death_M.WAV|Drown_M.WAV|Walk_Lp.wav|runlp.wav|Punch1.WAV|LeftAtk.WAV|null24.wav|1.538982|-1.037|-0.25|0|-0.25|-0.25|1.96078|0.4
71|1|0|Qeynos Citizen|QCF|ELF|1|2.8|1|6|0.2|5.4499|7.44|7|0|0|null24.wav|null24.wav|null24.wav|JumpF_1.WAV|GetHit1F.WAV|GetHit2F.WAV|GetHit3F.WAV|GetHit4F.WAV|Gasp1F.WAV|Gasp2F.WAV|Death_F.WAV|Drown_F.WAV|Walk_Lp.wav|runlp.wav|Punch1.WAV|LeftAtk.WAV|null24.wav|1.038982|-1.037|0.4|0|-0.4|0.4|1.96078|0.4
72|0|0|Ship||||3|1|6|0.2|146.11|1|10|0|0|null24.wav|null24.wav|null24.wav|null24.wav|null24.wav|null24.wav|null24.wav|null24.wav|null24.wav|null24.wav|null24.wav|null24.wav|BoatLoop.wav|BoatLoop.wav|null24.wav|null24.wav|null24.wav|1.788982|-1.037|0|0|0|0|1.96078|0
72|2|0|Ship||||3|1|6|0.2|146.11|1|10|0|0|null24.wav|null24.wav|null24.wav|null24.wav|null24.wav|null24.wav|null24.wav|null24.wav|null24.wav|null24.wav|null24.wav|null24.wav|BoatLoop.wav|BoatLoop.wav|null24.wav|null24.wav|null24.wav|1.788982|-1.037|0|0|0|0|1.96078|0
73|0|0|Launch||||3|1|6|0.2|73.5643|1|10|0|0|null24.wav|null24.wav|null24.wav|null24.wav|null24.wav|null24.wav|null24.wav|null24.wav|null24.wav|null24.wav|null24.wav|null24.wav|null24.wav|null24.wav|null24.wav|null24.wav|null24.wav|1.788982|-1.037|0|0|0|0|1.96078|0
73|2|0|Launch||||3|1|6|0.2|73.5643|1|10|0|0|null24.wav|null24.wav|null24.wav|null24.wav|null24.wav|null24.wav|null24.wav|null24.wav|null24.wav|null24.wav|null24.wav|null24.wav|null24.wav|null24.wav|null24.wav|null24.wav|null24.wav|1.788982|-1.037|0|0|0|0|1.96078|0
74|2|0|Piranha|PIR|||3|1|6|0.2|8.7411|7.44|1|0|0|null24.wav|null24.wav|null24.wav|null24.wav|Pira_Hit.wav|Pira_Hit.wav|Pira_Hit.wav|Pira_Hit.wav|null24.wav|null24.wav|Pira_Die.wav|null24.wav|null24.wav|null24.wav|Pira_Att.wav|null24.wav|null24.wav|7.288982|-4.037|0|0|0|0|2.26078|0.5
75|2|0|Elemental|ELE|||3|1|6|0.2|5.65334|7.44|4|0|0|null24.wav|null24.wav|null24.wav|null24.wav|Elem_Hit.wav|Elem_Hit.wav|Elem_Hit.wav|Elem_Hit.wav|null24.wav|null24.wav|Elem_Die.wav|null24.wav|null24.wav|null24.wav|Elem_Att.wav|null24.wav|null24.wav|2.488982|-1.037|-0.2|0|0|-0.2|1.96078|0
76|2|0|Puma|PUM|LIM||3|1|6|0.2|5.77437|7.44|1|2|0|null24.wav|Puma_Idl.wav|Puma_Idl.wav|null24.wav|Puma_Hit.wav|Puma_Hit.wav|Puma_Hit.wav|Puma_Hit.wav|null24.wav|null24.wav|Puma_Die.wav|null24.wav|Walk_Lp.wav|runlp.wav|Puma_Att.wav|null24.wav|null24.wav|2.788982|-1.037|-0.2|0|0.4|-0.2|1.96078|0.8
76|2|3|Puma|PUM|LIM||3|1|6|0.2|5.77437|7.44|1|2|0|null24.wav|panther_blk_idle.wav|panther_blk_idle.wav|null24.wav|panther_blk_dam.wav|panther_blk_dam.wav|panther_blk_dam.wav|panther_blk_dam.wav|null24.wav|null24.wav|panther_blk_dth.wav|null24.wav|Walk_Lp.wav|runlp.wav|panther_blk_atk.wav|null24.wav|null24.wav|2.788982|-1.037|-0.2|0|0.4|-0.2|1.96078|0.8
77|0|0|Neriak Citizen|NGM|ELM||3|1|5|0.2|5.4499|6.2|7|0|0|null24.wav|null24.wav|null24.wav|JumpM_1.WAV|GetHit1M.WAV|GetHit2M.WAV|GetHit3M.WAV|GetHit4M.WAV|Gasp1M.WAV|Gasp2M.WAV|Death_M.WAV|Drown_M.WAV|Walk_Lp.wav|runlp.wav|Punch1.WAV|LeftAtk.WAV|null24.wav|1.538982|-1.037|-0.25|0|-0.25|-0.25|1.96078|0
78|0|0|Erudite Citizen|EGM|ELM||3|1|6|0.2|5.4499|7.44|7|0|0|null24.wav|null24.wav|null24.wav|JumpM_1.WAV|GetHit1M.WAV|GetHit2M.WAV|GetHit3M.WAV|GetHit4M.WAV|Gasp1M.WAV|Gasp2M.WAV|Death_M.WAV|Drown_M.WAV|Walk_Lp.wav|runlp.wav|Punch1.WAV|LeftAtk.WAV|null24.wav|1.538982|-1.037|-0.25|0|-0.25|-0.25|1.96078|0
79|2|0|Bixie|BIX|||3|1|6|0.2|21.6025|7.44|7|0|0|Bix_Loop.wav|null24.wav|null24.wav|null24.wav|Bix_Hit.wav|Bix_Hit.wav|Bix_Hit.wav|Bix_Hit.wav|null24.wav|null24.wav|Bix_Die.wav|null24.wav|null24.wav|null24.wav|Bix_Att.wav|null24.wav|null24.wav|3.488982|-1.037|0|0|0|0|1.96078|0
80|2|0|Reanimated Hand|REA|||3|1|6|0.2|23.2324|7.44|10|0|0|null24.wav|Hand_Idl.wav|Hand_Idl.wav|null24.wav|Hand_Hit.wav|Hand_Hit.wav|Hand_Hit.wav|Hand_Hit.wav|null24.wav|null24.wav|Hand_Die.wav|null24.wav|Walk_Lp.wav|runlp.wav|Hand_Att.wav|null24.wav|null24.wav|11.788982|-1.037|0|0|0|0|4.96078|0.8
81|0|0|Rivervale Citizen|RIM|DWM||3|1|3.5|0.2|4.9861|4.34|7|0|0|null24.wav|null24.wav|null24.wav|JumpM_1L.WAV|GetHit1ML.WAV|GetHit2ML.WAV|GetHit3ML.WAV|GetHit4ML.WAV|Gasp1ML.WAV|Gasp2ML.WAV|Death_ML.WAV|Drown_ML.WAV|Walk_Lp.wav|runlp.wav|Punch1.WAV|LeftAtk.WAV|null24.wav|3.738982|-1.037|0|0|0|0|1.96078|0.4
81|1|0|Rivervale Citizen|RIF|DWF||3|1|3.5|0.2|4.9861|4.34|7|0|0|null24.wav|null24.wav|null24.wav|JumpF_1L.WAV|GetHit1FL.WAV|GetHit2FL.WAV|GetHit3FL.WAV|GetHit4FL.WAV|Gasp1FL.WAV|Gasp2FL.WAV|Death_FL.WAV|Drown_FL.WAV|Walk_Lp.wav|runlp.wav|Punch1.WAV|LeftAtk.WAV|null24.wav|2.738982|-1.037|0.25|0|0.1|0.25|1.96078|0.4
82|2|0|Scarecrow|SCA|||3|1|6|0.2|5.4499|7.44|6|0|0|null24.wav|Scar_Idl.wav|Scar_Idl.wav|null24.wav|Scar_Hit.wav|Scar_Hit.wav|Scar_Hit.wav|Scar_Hit.wav|null24.wav|null24.wav|Scar_Die.wav|null24.wav|Walk_Lp.wav|runlp.wav|Scar_Att.wav|Scar_SAt.wav|null24.wav|1.788982|-1.037|0|0|0|0|1.96078|0
83|2|0|Skunk|SKU|RAT||3|1|6|0.2|5.32326|7.44|1|0|0|null24.wav|SkunkIdl.wav|SkunkIdl.wav|null24.wav|SkunkHit.wav|SkunkHit.wav|SkunkHit.wav|SkunkHit.wav|null24.wav|null24.wav|SkunkDie.wav|null24.wav|Walk_Lp.wav|runlp.wav|SkunkAtt.wav|SkunkSAt.wav|null24.wav|1.788982|0|-0.2|0|0|-0.2|1.96078|0.8
84|0|0|Snake Elemental||||3|1|6|0.2|0|7.44|1|0|0|null24.wav|SnakeIdl.wav|SnakeIdl.wav|null24.wav|SnakeHit.wav|SnakeHit.wav|SnakeHit.wav|SnakeHit.wav|null24.wav|null24.wav|SnakeDie.wav|null24.wav|null24.wav|null24.wav|SnakeAtt.wav|null24.wav|null24.wav|1.788982|-1.037|0|0|0|0|1.96078|0
85|2|0|Spectre|SPE|||3|1|6|0.2|12.1|7.44|6|0|0|SpecLoop.wav|Spec_Idl.wav|Spec_Idl.wav|null24.wav|Spec_Hit.wav|Spec_Hit.wav|Spec_Hit.wav|Spec_Hit.wav|null24.wav|null24.wav|Spec_Die.wav|null24.wav|null24.wav|null24.wav|Spec_Att.wav|null24.wav|null24.wav|1.788982|-1.037|0|0|0|0|2.96078|0.4
86|2|0|Sphinx|SPH|DRK||3|1|6|0.2|16.6252|7.44|7|0|0|SphiLoop.wav|Sphi_Idl.wav|Sphi_Idl.wav|null24.wav|Sphi_Hit.wav|Sphi_Hit.wav|Sphi_Hit.wav|Sphi_Hit.wav|null24.wav|null24.wav|Sphi_Die.wav|null24.wav|null24.wav|null24.wav|Sphi_Att.wav|Sphi_SAt.wav|null24.wav|1.288982|-1.037|0|0|-0.2|0|3.46078|0.6
87|2|0|Armadillo|ARM|RAT||3|1|6|0.2|5.32326|7.44|1|0|0|null24.wav|ArmadIdl.wav|ArmadIdl.wav|null24.wav|AmadHit.wav|AmadHit.wav|AmadHit.wav|AmadHit.wav|null24.wav|null24.wav|AmadDie.wav|null24.wav|Walk_Lp.wav|runlp.wav|AmadAtt.wav|null24.wav|null24.wav|1.788982|-1.037|-0.2|0|0|-0.2|1.96078|0.8
88|0|0|Clockwork Gnome|CLM|DWM||3|1|3|0.2|9.85743|3.72|9|0|0|ClokLoop.wav|Clok_Idl.wav|Clok_Idl.wav|null24.wav|Clok_Hit.wav|Clok_Hit.wav|Clok_Hit.wav|Clok_Hit.wav|null24.wav|null24.wav|Clok_Die.wav|null24.wav|null24.wav|null24.wav|null24.wav|null24.wav|null24.wav|3.738982|-1.037|0|0|0|0|1.96078|0
88|1|0|Clockwork Gnome|CLF|DWF||3|1|3|0.2|9.85743|3.72|9|0|0|ClokLoop.wav|Clok_Idl.wav|Clok_Idl.wav|null24.wav|Clok_Hit.wav|Clok_Hit.wav|Clok_Hit.wav|Clok_Hit.wav|null24.wav|null24.wav|Clok_Die.wav|null24.wav|null24.wav|null24.wav|null24.wav|null24.wav|null24.wav|2.738982|-1.037|0.25|0|0.1|0.25|1.96078|0
89|2|0|Drake|DRK|||3|1|6|0.2|16.6252|7.44|2|0|0|Drake_Lp.wav|DrakeIdl.wav|DrakeIdl.wav|null24.wav|DrakeHit.wav|DrakeHit.wav|DrakeHit.wav|DrakeHit.wav|null24.wav|null24.wav|DrakeDie.wav|null24.wav|null24.wav|null24.wav|DrakeAtt.wav|DrakeSAt.wav|null24.wav|1.788982|-1.037|0|0|0|0|1.96078|0.5
90|0|0|Halas Citizen|HLM|ELM||3|1|7|0.2|5.08699|8.68|7|0|0|null24.wav|null24.wav|null24.wav|JumpM_1.WAV|GetHit1M.WAV|GetHit2M.WAV|GetHit3M.WAV|GetHit4M.WAV|Gasp1M.WAV|Gasp2M.WAV|Death_M.WAV|Drown_M.WAV|Walk_Lp.wav|runlp.wav|Punch1.WAV|LeftAtk.WAV|null24.wav|1.538982|-1.037|-0.25|0|-0.25|-0.25|1.96078|0
90|1|0|Halas Citizen|HLF|ELF|1|2.8|1|7|0.2|5.08699|8.68|7|0|0|null24.wav|null24.wav|null24.wav|JumpF_1.WAV|GetHit1F.WAV|GetHit2F.WAV|GetHit3F.WAV|GetHit4F.WAV|Gasp1F.WAV|Gasp2F.WAV|Death_F.WAV|Drown_F.WAV|Walk_Lp.wav|runlp.wav|Punch1.WAV|LeftAtk.WAV|null24.wav|1.038982|-1.037|-0.2|0|-0.4|-0.2|1.96078|0
91|2|0|Alligator|ALL|||3|1|6|0.2|6.3519|7.44|1|6|0|null24.wav|GatorIdl.wav|GatorIdl.wav|null24.wav|GatorHit.wav|GatorHit.wav|GatorHit.wav|GatorHit.wav|null24.wav|null24.wav|GatorDie.wav|null24.wav|Walk_Lp.wav|runlp.wav|GatorAtt.wav|null24.wav|null24.wav|1.388982|-1.037|0|0|0.2|0|2.36078|0.2
92|0|0|Grobb Citizen|GRM|OGF||3|1|8|0.2|7.49774|9.92|7|0|0|null24.wav|null24.wav|null24.wav|JumpM_1B.WAV|GetHit1MB.WAV|GetHit2MB.WAV|GetHit3MB.WAV|GetHit4MB.WAV|Gasp1MB.WAV|Gasp2MB.WAV|Death_MB.WAV|Drown_MB.WAV|Walk_Lp.wav|runlp.wav|Punch1.WAV|LeftAtk.WAV|null24.wav|2.788982|-1.037|-0.6|0|0.15|-0.6|3.36078|0
92|1|0|Grobb Citizen|GRF|OGF||3|1|8|0.2|7.49774|9.92|7|0|0|null24.wav|null24.wav|null24.wav|JumpF_1B.WAV|GetHit1FB.WAV|GetHit2FB.WAV|GetHit3FB.WAV|GetHit4FB.WAV|Gasp1FB.WAV|Gasp2FB.WAV|Death_FB.WAV|Drown_FB.WAV|Walk_Lp.wav|runlp.wav|Punch1.WAV|LeftAtk.WAV|null24.wav|2.788982|-1.037|-0.6|0|0.15|-0.6|3.36078|0
93|0|0|Oggok Citizen|OKM|OGF||3|1|9|0.2|7.32436|11.16|7|0|0|null24.wav|null24.wav|null24.wav|JumpM_1B.WAV|GetHit1MB.WAV|GetHit2MB.WAV|GetHit3MB.WAV|GetHit4MB.WAV|Gasp1MB.WAV|Gasp2MB.WAV|Death_MB.WAV|Drown_MB.WAV|Walk_Lp.wav|runlp.wav|Punch1.WAV|LeftAtk.WAV|null24.wav|2.788982|-1.037|-0.6|0|0.15|-0.6|3.36078|0
93|1|0|Oggok Citizen|OKF|OGF||3|1|9|0.2|7.32436|11.16|7|0|0|null24.wav|null24.wav|null24.wav|JumpF_1B.WAV|GetHit1FB.WAV|GetHit2FB.WAV|GetHit3FB.WAV|GetHit4FB.WAV|Gasp1FB.WAV|Gasp2FB.WAV|Death_FB.WAV|Drown_FB.WAV|Walk_Lp.wav|runlp.wav|Punch1.WAV|LeftAtk.WAV|null24.wav|2.788982|-1.037|-0.3|0|0.15|-0.3|3.36078|0.4
94|0|0|Kaladim Citizen|KAM|DWM||3|1|4|0.2|5.25813|4.96|7|0|0|null24.wav|null24.wav|null24.wav|JumpM_1B.WAV|GetHit1MB.WAV|GetHit2MB.WAV|GetHit3MB.WAV|GetHit4MB.WAV|Gasp1MB.WAV|Gasp2MB.WAV|Death_MB.WAV|Drown_MB.WAV|Walk_Lp.wav|runlp.wav|Punch1.WAV|LeftAtk.WAV|null24.wav|3.738982|-1.037|-0.15|0|0|-0.15|1.96078|0
94|1|0|Kaladim Citizen|KAF|DWF||3|1|4|0.2|5.25813|4.96|7|0|0|null24.wav|null24.wav|null24.wav|JumpF_1B.WAV|GetHit1FB.WAV|GetHit2FB.WAV|GetHit3FB.WAV|GetHit4FB.WAV|Gasp1FB.WAV|Gasp2FB.WAV|Death_FB.WAV|Drown_FB.WAV|Walk_Lp.wav|runlp.wav|Punch1.WAV|LeftAtk.WAV|null24.wav|2.738982|-1.037|0.25|0|0.1|0.25|1.96078|0
95|2|0|Cazic Thule|CAZ|||3|1|6|0.2|14.3283|7.44|7|0|0|null24.wav|CazT_Idl.wav|CazT_Idl.wav|null24.wav|CazT_Hit.wav|CazT_Hit.wav|CazT_Hit.wav|CazT_Hit.wav|null24.wav|null24.wav|CazT_Die.wav|null24.wav|Walk_Lp.wav|runlp.wav|CazT_Att.wav|CazTSAtt.wav|null24.wav|3.788982|-1.037|0|0|0|0|4.96078|2
96|2|0|Cockatrice|COC|||3|1|6|0.2|6.73233|7.44|1|0|0|null24.wav|BirdIdl.wav|BirdIdl.wav|null24.wav|AviakHit.wav|AviakHit.wav|AviakHit.wav|AviakHit.wav|null24.wav|null24.wav|BirdDie.wav|null24.wav|Walk_Lp.wav|runlp.wav|AviakAtt.wav|AviakSAt.wav|null24.wav|1.788982|-1.037|0|0|0|0|1.96078|0
98|0|0|Elf Vampire|VSM|||3|1|6|0.2|5.08699|7.44|6|0|0|null24.wav|null24.wav|null24.wav|null24.wav|VmpEMHit.wav|VmpEMHit.wav|VmpEMHit.wav|VmpEMHit.wav|null24.wav|null24.wav|VmpEMDie.wav|null24.wav|Walk_Lp.wav|runlp.wav|VmpEMAtt.wav|null24.wav|null24.wav|1.488982|-1.037|0|0|0|0|1.96078|0.2
98|1|0|Elf Vampire|VSF|||3|1|6|0.2|5.08699|7.44|6|0|0|null24.wav|null24.wav|null24.wav|null24.wav|VmpEFHit.wav|VmpEFHit.wav|VmpEFHit.wav|VmpEFHit.wav|null24.wav|null24.wav|VmpEFDie.wav|null24.wav|Walk_Lp.wav|runlp.wav|VmpEFAtt.wav|null24.wav|null24.wav|1.488982|-1.037|0|0|0|0|1.96078|0.2
99|2|0|Denizen|DEN|||3|1|6|0.2|5.01259|7.44|7|0|0|null24.wav|Deni_Idl.wav|Deni_Idl.wav|null24.wav|Deni_Hit.wav|Deni_Hit.wav|Deni_Hit.wav|Deni_Hit.wav|null24.wav|null24.wav|Deni_Die.wav|null24.wav|Walk_Lp.wav|runlp.wav|Deni_Att.wav|Deni_Satt.wav|null24.wav|1.788982|-1.037|0|0|-0.2|0|2.96078|0.5
100|2|0|Dervish|DER|||3|1|6|0.2|8.04356|7.44|4|0|0|Der_Lp.wav|null24.wav|null24.wav|null24.wav|DervHit.wav|DervHit.wav|DervHit.wav|DervHit.wav|null24.wav|null24.wav|DervDie.wav|null24.wav|null24.wav|null24.wav|DervAtt.wav|null24.wav|null24.wav|8.788982|-1.037|0|0|0|0|4.56078|1.8
100|2|2|Dervish|DER|||3|1|6|0.2|8.04356|7.44|4|0|0|Der_Lp.wav|null24.wav|null24.wav|null24.wav|null24.wav|null24.wav|null24.wav|null24.wav|null24.wav|null24.wav|null24.wav|null24.wav|null24.wav|null24.wav|null24.wav|null24.wav|null24.wav|8.788982|-1.037|0|0|0|0|4.56078|1.8
101|2|0|Efreeti|EFR|||3|1|6|0.2|5.7033|7.44|3|0|0|null24.wav|Efr_Idl.wav|Efr_Idl.wav|null24.wav|Efr_Hit.wav|Efr_Hit.wav|Efr_Hit.wav|Efr_Hit.wav|null24.wav|null24.wav|Efr_Die.wav|null24.wav|null24.wav|null24.wav|Efr_Att.wav|Efr_SAtt.wav|null24.wav|2.788982|-1.037|0|0|0|0|1.96078|0.2
101|2|1|Efreeti|EFR|||3|1|6|0.2|5.7033|7.44|3|0|0|null24.wav|icefreti_idle.wav|icefreti_idle.wav|null24.wav|icefreti_dam.wav|icefreti_dam.wav|icefreti_dam.wav|icefreti_dam.wav|null24.wav|null24.wav|icefreti_dth.wav|null24.wav|null24.wav|null24.wav|icefreti_atk.wav|null24.wav|null24.wav|2.788982|-1.037|0|0|0|0|1.96078|0.2
102|2|0|Froglok Tadpole|FRT|||3|1|6|0.2|6.04281|7.44|7|0|0|null24.wav|Frog_Idl.wav|Frog_Idl.wav|null24.wav|FrTadHit.wav|FrTadHit.wav|FrTadHit.wav|FrTadHit.wav|null24.wav|null24.wav|FrTadDie.wav|null24.wav|Frog_Wlk.wav|Frog_Run.wav|FrTadAtt.wav|null24.wav|null24.wav|4.288982|-1.037|-0.2|0|0|-0.2|1.96078|0.5
103|2|0|Kedge|KED|||2|1|6|0.2|5.84754|7.44|7|0|0|null24.wav|null24.wav|null24.wav|null24.wav|KedgeHit.wav|KedgeHit.wav|KedgeHit.wav|KedgeHit.wav|null24.wav|null24.wav|KedgeDie.wav|null24.wav|Walk_Lp.wav|runlp.wav|KedgeAtt.wav|KedgeSAt.wav|null24.wav|1.788982|-1.037|0.25|0|0.15|0.25|4.96078|1
104|2|0|Leech|LEE|||3|1|6|0.2|10.733|7.44|10|0|0|null24.wav|Fung_Idl.wav|Fung_Idl.wav|null24.wav|Fung_Hit.wav|Fung_Hit.wav|Fung_Hit.wav|Fung_Hit.wav|null24.wav|null24.wav|Fung_Die.wav|null24.wav|null24.wav|null24.wav|Fung_Att.wav|Fung_SAtt.wav|null24.wav|3.588982|-1.037|-0.25|0|0|-0.25|2.36078|0
105|2|0|Swordfish|SWO|||1|1|6|0.2|3.87731|7.44|1|0|0|null24.wav|null24.wav|null24.wav|null24.wav|SwF_Hit.wav|SwF_Hit.wav|SwF_Hit.wav|SwF_Hit.wav|null24.wav|null24.wav|SwF_Die.wav|null24.wav|null24.wav|null24.wav|SwF_Att.wav|null24.wav|null24.wav|2.288982|-1.037|0|0|0|0|1.96078|0.6
106|0|0|Felguard|FEM|ELM||3|1|6|0.2|5.58334|7.44|3|0|0|null24.wav|null24.wav|null24.wav|JumpM_1.WAV|GetHit1M.WAV|GetHit2M.WAV|GetHit3M.WAV|GetHit4M.WAV|Gasp1M.WAV|Gasp2M.WAV|Death_M.WAV|Drown_M.WAV|Walk_Lp.wav|runlp.wav|Punch1.WAV|LeftAtk.WAV|null24.wav|1.538982|-1.037|-0.25|0|-0.25|-0.25|1.96078|0
107|2|0|Mammoth|MAM|||3|1|6|0.2|13.9833|7.44|1|0|0|null24.wav|Mamm_Idl.wav|Mamm_Idl.wav|null24.wav|Mamm_Hit.wav|Mamm_Hit.wav|Mamm_Hit.wav|Mamm_Hit.wav|null24.wav|null24.wav|Mamm_Die.wav|null24.wav|GiantWlk.wav|GiantRun.wav|Mamm_Att.wav|null24.wav|null24.wav|7.788982|-1.037|-0.8|0|0|-0.8|4.96078|1.5
108|2|0|Eye of Zomm|EYE|||3|1|6|0.2|30|3|10|0|0|null24.wav|null24.wav|null24.wav|null24.wav|null24.wav|null24.wav|null24.wav|null24.wav|null24.wav|null24.wav|null24.wav|null24.wav|null24.wav|null24.wav|null24.wav|null24.wav|null24.wav|1.788982|-1.037|0|0|0|0|1.96078|0
109|2|0|Wasp|WAS|||3|1|6|0.2|12.1309|7.44|1|44|0|WaspLoop.wav|null24.wav|null24.wav|null24.wav|Wasp_Hit.wav|Wasp_Hit.wav|Wasp_Hit.wav|Wasp_Hit.wav|null24.wav|null24.wav|Wasp_Die.wav|null24.wav|null24.wav|null24.wav|Wasp_Att.wav|null24.wav|null24.wav|1.788982|-1.037|-0.3|0|0|-0.3|1.96078|1
110|2|0|Mermaid|MER|||3|1|6|0.2|5.77456|7.44|7|0|0|null24.wav|MermIdl.wav|MermIdl.wav|null24.wav|Merm_Hit.wav|Merm_Hit.wav|Merm_Hit.wav|Merm_Hit.wav|null24.wav|null24.wav|Merm_Die.wav|null24.wav|null24.wav|null24.wav|Merm_Att.wav|Merm_SAt.wav|null24.wav|1.288982|-1.037|-0.2|0|0|-0.2|3.26078|0
111|2|0|Harpie|HAR|||3|1|6|0.2|23.996|7.44|7|0|0|WngFlpLp.wav|null24.wav|null24.wav|null24.wav|Harp_Hit.wav|Harp_Hit.wav|Harp_Hit.wav|Harp_Hit.wav|null24.wav|null24.wav|Harp_Die.wav|null24.wav|null24.wav|null24.wav|Harp_Att.wav|Harp_SAt.wav|null24.wav|1.788982|-1.037|0|0.4|0|0.4|3.46078|1
112|0|0|Fayguard|GFM|ELM||3|1|5|0.2|5.08699|6.2|7|0|0|null24.wav|null24.wav|null24.wav|JumpM_1.WAV|GetHit1M.WAV|GetHit2M.WAV|GetHit3M.WAV|GetHit4M.WAV|Gasp1M.WAV|Gasp2M.WAV|Death_M.WAV|Drown_M.WAV|Walk_Lp.wav|runlp.wav|Punch1.WAV|LeftAtk.WAV|null24.wav|1.538982|-1.037|-0.25|0|-0.25|-0.25|1.96078|0
112|1|0|Fayguard|GFF|ELF|1|3|1|5|0.2|5.08699|6.2|7|0|0|null24.wav|null24.wav|null24.wav|JumpF_1.WAV|GetHit1F.WAV|GetHit2F.WAV|GetHit3F.WAV|GetHit4F.WAV|Gasp1F.WAV|Gasp2F.WAV|Death_F.WAV|Drown_F.WAV|Walk_Lp.wav|runlp.wav|Punch1.WAV|LeftAtk.WAV|null24.wav|1.038982|-1.037|-0.25|0|-0.4|-0.25|1.96078|0
113|2|0|Drixie|DRI|||0|1|6|0.2|40|7.44|7|0|0|Drix_Lp.wav|Drix_Idl.wav|Drix_Idl.wav|null24.wav|Drix_Hit.wav|Drix_Hit.wav|Drix_Hit.wav|Drix_Hit.wav|null24.wav|null24.wav|Drix_Die.wav|null24.wav|null24.wav|null24.wav|Drix_Att.wav|null24.wav|null24.wav|1.788982|-1.037|0|0|0|0|3.46078|0.5
114|0|0|Ghost Ship||||3|1|6|0.2|0|1|10|0|0|null24.wav|null24.wav|null24.wav|null24.wav|null24.wav|null24.wav|null24.wav|null24.wav|null24.wav|null24.wav|null24.wav|null24.wav|null24.wav|null24.wav|null24.wav|null24.wav|null24.wav|1.788982|-1.037|0|0|0|0|1.96078|0
116|2|0|Sea Horse|SEA|||2|1|6|0.2|3.92558|7.44|1|0|0|null24.wav|null24.wav|null24.wav|null24.wav|SeaHsHit.wav|SeaHsHit.wav|SeaHsHit.wav|SeaHsHit.wav|null24.wav|null24.wav|SeaHsDie.wav|null24.wav|null24.wav|null24.wav|SeaHsAtt.wav|null24.wav|null24.wav|1.788982|-1.037|0|0|0|0|1.96078|0
117|0|0|Ghost Dwarf|GDM|DWM||3|1|6|0.2|5.25813|7.44|6|0|0|Ghost_Lp.wav|DGhosIdl.wav|DGhosIdl.wav|null24.wav|GhostHit.wav|GhostHit.wav|GhostHit.wav|GhostHit.wav|null24.wav|null24.wav|GhostDie.wav|null24.wav|null24.wav|null24.wav|GhostAtt.wav|GhostSAt.wav|null24.wav|3.288982|-1.037|0|0|0|0|2.56078|1
117|2|0|Ghost Dwarf|GDM|DWF||3|1|6|0.2|5.25813|7.44|6|0|0|Ghost_Lp.wav|DGhosIdl.wav|DGhosIdl.wav|null24.wav|GhostHit.wav|GhostHit.wav|GhostHit.wav|GhostHit.wav|null24.wav|null24.wav|GhostDie.wav|null24.wav|null24.wav|null24.wav|GhostAtt.wav|GhostSAt.wav|null24.wav|3.288982|-1.037|0|0|0|0|2.56078|1
118|0|0|Erudite Ghost|GEM|ELM||3|1|6|0.2|5.4499|7.44|6|0|0|Ghost_Lp.wav|EGhosIdl.wav|EGhosIdl.wav|null24.wav|GhostHit.wav|GhostHit.wav|GhostHit.wav|GhostHit.wav|null24.wav|null24.wav|GhostDie.wav|null24.wav|null24.wav|null24.wav|GhostAtt.wav|GhostSAt.wav|null24.wav|1.538982|-1.037|-0.25|0|-0.25|-0.25|1.96078|0
118|1|0|Erudite Ghost|GEF|ELF|1|3|1|6|0.2|5.4499|7.44|6|0|0|Ghost_Lp.wav|EGhosIdl.wav|EGhosIdl.wav|null24.wav|GhostHit.wav|GhostHit.wav|GhostHit.wav|GhostHit.wav|null24.wav|null24.wav|GhostDie.wav|null24.wav|null24.wav|null24.wav|GhostAtt.wav|GhostSAt.wav|null24.wav|1.288982|-1.037|-0.25|0|-0.4|-0.25|1.96078|0
119|2|0|Sabertooth Cat|STC|LIM||3|1|6|0.2|5.77437|7.44|1|2|0|null24.wav|Puma_Idl.wav|Puma_Idl.wav|null24.wav|Puma_Hit.wav|Puma_Hit.wav|Puma_Hit.wav|Puma_Hit.wav|null24.wav|null24.wav|Puma_Die.wav|null24.wav|Walk_Lp.wav|runlp.wav|Puma_Att.wav|null24.wav|null24.wav|2.788982|-1.037|-0.2|0|0.4|-0.2|1.96078|0.8
120|2|0|Wolf Elemental|WOE|WOL||3|1|6|0.2|5.35338|3.9|4|0|0|null24.wav|Wolf_Idl.wav|Wolf_Idl.wav|null24.wav|Wolf_Hit.wav|Wolf_Hit.wav|Wolf_Hit.wav|Wolf_Hit.wav|null24.wav|null24.wav|Wolf_Die.wav|null24.wav|Walk_Lp.wav|runlp.wav|Wolf_Att.wav|null24.wav|null24.wav|1.788982|-1.037|0|0|0|0|1.96078|0
121|2|0|Gorgon|GRG|||3|1|6|0.2|11.998|7.44|7|0|0|WngFlpLp.wav|Gor_Idl.wav|Gor_Idl.wav|null24.wav|Gor_Hit.wav|Gor_Hit.wav|Gor_Hit.wav|Gor_Hit.wav|null24.wav|null24.wav|Gor_Die.wav|null24.wav|null24.wav|null24.wav|Gor_Att.wav|Gor_SAtt.wav|null24.wav|1.788982|-1.037|0|0.4|0|0.4|3.46078|1
122|2|0|Dragon Skeleton|DRU|||3|1|6|0.2|92.5177|7.44|6|0|0|null24.wav|DrSk_Idl.wav|DrSk_Idl.wav|null24.wav|DrSkHit.wav|DrSkHit.wav|DrSkHit.wav|DrSkHit.wav|null24.wav|null24.wav|DrSk_Die.wav|null24.wav|GiantWlk.wav|GiantWlk.wav|DrSk_Att.wav|null24.wav|null24.wav|14.788982|-2.037|-0.5|0|0|-0.5|18|3
123|2|0|Innoruuk|INN|||3|1|6|0.2|6.46365|7.44|7|0|0|null24.wav|null24.wav|null24.wav|null24.wav|Inn_Hit.wav|Inn_Hit.wav|Inn_Hit.wav|Inn_Hit.wav|null24.wav|null24.wav|Inn_Die.wav|null24.wav|Walk_Lp.wav|runlp.wav|Inn_Att.wav|Inn_Satt.wav|null24.wav|2.788982|-1.037|-0.4|0|0|-0.4|2.96078|0
124|2|0|Unicorn|UNI|||3|1|6|0.2|10.3332|7.44|1|0|0|null24.wav|Uni_Idl.wav|Uni_Idl.wav|null24.wav|Uni_Hit.wav|Uni_Hit.wav|Uni_Hit.wav|Uni_Hit.wav|null24.wav|null24.wav|Uni_Die2.wav|null24.wav|Hor_Wlk.wav|Hor_Run.wav|Uni_Att.wav|null24.wav|null24.wav|3.788982|-2.037|0|0|0|0|2.96078|1.2
125|2|0|Pegasus|PEG|||3|1|6|0.2|30.9997|7.44|1|0|0|Peg_Loop.wav|Peg_Idl.wav|Peg_Idl.wav|null24.wav|PegaHit.wav|PegaHit.wav|PegaHit.wav|PegaHit.wav|null24.wav|null24.wav|PegaDie.wav|null24.wav|null24.wav|null24.wav|PegaAtt.wav|null24.wav|null24.wav|3.488982|-2.037|0|0|0|0|3.46078|0.8
126|2|0|Djinn|DJI|||3|1|6|0.2|6.5729|7.44|7|0|0|null24.wav|Djin_Idle.wav|Djin_Idle.wav|null24.wav|Djin_Hit.wav|Djin_Hit.wav|Djin_Hit.wav|Djin_Hit.wav|null24.wav|null24.wav|Djin_Die.wav|null24.wav|null24.wav|null24.wav|DjinAtt.wav|DjinSAt.wav|null24.wav|1.588982|-1.037|0|0|0|0|2.46078|0.6
127|0|0|Invisible Man|ELM|||3|1|6|0.2|5.81229|7.44|7|0|0|null24.wav|null24.wav|null24.wav|JumpM_1.WAV|GetHit1M.WAV|GetHit2M.WAV|GetHit3M.WAV|GetHit4M.WAV|Gasp1M.WAV|Gasp2M.WAV|Death_M.WAV|Drown_M.WAV|Walk_Lp.wav|runlp.wav|Punch1.WAV|LeftAtk.WAV|null24.wav|1.538982|-1.037|-0.25|0|-0.25|-0.25|1.96078|0
127|2|0|Invisible Man|ELM|||3|1|6|0.2|5.81229|7.44|7|0|0|null24.wav|null24.wav|null24.wav|JumpM_1.WAV|GetHit1M.WAV|GetHit2M.WAV|GetHit3M.WAV|GetHit4M.WAV|Gasp1M.WAV|Gasp2M.WAV|Death_M.WAV|Drown_M.WAV|Walk_Lp.wav|runlp.wav|Punch1.WAV|LeftAtk.WAV|null24.wav|1.538982|-1.037|-0.25|0|-0.25|-0.25|1.96078|0
128|0|0|Iksar|IKM|||3|1|6|0.2|6.13797|7.44|7|0|0|null24.wav|null24.wav|null24.wav|JumpM_1B.WAV|null24.wav|VampKHit.wav|VampKHit.wav|VampKHit.wav|Gasp1FB.WAV|Gasp2FB.WAV|VampKDie.wav|Drown_MB.WAV|Walk_Lp.wav|runlp.wav|LeftAtk.WAV|null24.wav|Punch1.WAV|1.788982|-1.037|-0.25|0|0|-0.25|1.96078|0
128|1|0|Iksar|IKF|IKM||3|1|6|0.2|6.13797|7.44|7|0|0|null24.wav|null24.wav|null24.wav|JumpF_1B.WAV|null24.wav|VampKHit.wav|VampKHit.wav|VampKHit.wav|Gasp1FB.WAV|Gasp2FB.WAV|VampKDie.wav|Drown_FB.WAV|Walk_Lp.wav|runlp.wav|LeftAtk.WAV|null24.wav|Punch1.WAV|1.788982|-1.037|-0.25|0|0|-0.25|1.96078|0
129|2|0|Scorpion|SCR|||3|1|6|0.2|16.9904|7.44|1|20|0|null24.wav|null24.wav|null24.wav|null24.wav|BeetlHit.wav|BeetlHit.wav|BeetlHit.wav|BeetlHit.wav|null24.wav|null24.wav|BeetlDie.wav|null24.wav|BeetlWlk.wav|BeetlWlk.wav|BeetlAtt.wav|null24.wav|null24.wav|2.088982|-1.037|0|0|0|0|2.46078|1
130|0|0|Vah Shir||||3|1|7|0.2|5.08699|8.68|7|0|0|null24.wav|null24.wav|null24.wav|null24.wav|null24.wav|null24.wav|null24.wav|null24.wav|null24.wav|null24.wav|null24.wav|null24.wav|null24.wav|null24.wav|null24.wav|null24.wav|null24.wav|1.788982|-1.037|0|0|0|0|1.96078|0
130|1|0|Vah Shir||||3|1|7|0.2|5.08699|8.68|7|0|0|null24.wav|null24.wav|null24.wav|null24.wav|null24.wav|null24.wav|null24.wav|null24.wav|null24.wav|null24.wav|null24.wav|null24.wav|null24.wav|null24.wav|null24.wav|null24.wav|null24.wav|1.788982|-1.037|0|0|0|0|1.96078|0
131|2|0|Sarnak|SRW|||3|1|6|0.2|8.4548|7.44|7|0|0|null24.wav|DrSk_Idl.wav|DrSk_Idl.wav|null24.wav|null24.wav|null24.wav|null24.wav|null24.wav|null24.wav|null24.wav|null24.wav|null24.wav|Walk_Lp.wav|Walk_Lp.wav|null24.wav|null24.wav|null24.wav|1.788982|-1.037|-0.15|0|0|-0.15|1.96078|0
133|2|0|Lycanthrope|LYC|||3|1|6|0.2|6.99652|7.44|7|0|0|null24.wav|WereWIdl.wav|WereWIdl.wav|null24.wav|WereWHit.wav|WereWHit.wav|WereWHit.wav|WereWHit.wav|null24.wav|null24.wav|WereWDie.wav|null24.wav|Walk_Lp.wav|runlp.wav|WereWAtt.wav|null24.wav|null24.wav|2.488982|-1.037|-0.2|0|0|-0.2|2.36078|0.4
134|2|0|Mosquito|MOS|||3|1|6|0.2|25.2714|7.44|1|0|0|WiloLoop.wav|null24.wav|null24.wav|null24.wav|Wilo_Hit.wav|Wilo_Hit.wav|Wilo_Hit.wav|Wilo_Hit.wav|null24.wav|null24.wav|null24.wav|null24.wav|null24.wav|null24.wav|Wilo_Att.wav|null24.wav|null24.wav|2.088982|-1.037|0|0|0|0|2.36078|0.4
135|2|0|Rhino|RHI|||3|1|6|0.2|10.9196|7.44|1|43|0|null24.wav|null24.wav|null24.wav|null24.wav|null24.wav|null24.wav|null24.wav|null24.wav|null24.wav|null24.wav|null24.wav|null24.wav|GiantWlk.wav|GiantRun.wav|null24.wav|null24.wav|null24.wav|6.788982|-2.037|-1|0|0|0|6.86078|2
136|2|0|Xalgoz|XAL|||3|1|6|0.2|5.51484|7.44|7|0|0|null24.wav|DrSk_Idl.wav|DrSk_Idl.wav|null24.wav|null24.wav|null24.wav|null24.wav|null24.wav|null24.wav|null24.wav|null24.wav|null24.wav|Walk_Lp.wav|Walk_Lp.wav|null24.wav|null24.wav|null24.wav|1.788982|-1.037|0|0|0|0|1.96078|0
137|2|0|Kunark Goblin|KGO|||3|1|6|0.2|6.72638|7.44|7|0|0|null24.wav|Gob_Idl.wav|Gob_Idl.wav|null24.wav|Gob_Hit.wav|Gob_Hit.wav|Gob_Hit.wav|Gob_Hit.wav|null24.wav|null24.wav|Gob_Die.wav|null24.wav|Walk_Lp.wav|runlp.wav|Gob_Att.wav|Gob_SAt.wav|null24.wav|2.288982|-1.037|-0.2|0|0|-0.2|2.46078|0.2
138|2|0|Yeti|YET|||3|1|6|0.2|9.57382|7.44|7|0|0|GoriLp.wav|GorilIdl.wav|GorilIdl.wav|null24.wav|Elem_Hit.wav|Elem_Hit.wav|Elem_Hit.wav|Elem_Hit.wav|null24.wav|null24.wav|Elem_Die.wav|null24.wav|null24.wav|null24.wav|Elem_Att.wav|null24.wav|null24.wav|3.788982|-1.037|-0.3|0|0|-0.3|2.36078|0.9
139|0|0|Iksar Citizen|ICM|IKM||3|1|6|0.2|6.12162|7.44|7|0|0|null24.wav|null24.wav|null24.wav|JumpM_1B.WAV|null24.wav|VampKHit.wav|VampKHit.wav|VampKHit.wav|null24.wav|null24.wav|VampKDie.wav|GetHit2FB.WAV|Walk_Lp.wav|runlp.wav|Stab.WAV|null24.wav|Club.WAV|1.788982|-1.037|-0.25|0|0|-0.25|1.96078|0
139|1|0|Iksar Citizen|ICF|IKM||3|1|6|0.2|6.12162|7.44|7|0|0|null24.wav|null24.wav|null24.wav|JumpF_1B.WAV|null24.wav|VampKHit.wav|VampKHit.wav|VampKHit.wav|null24.wav|null24.wav|VampKDie.wav|GetHit2FB.WAV|Walk_Lp.wav|runlp.wav|Stab.WAV|null24.wav|Club.WAV|1.788982|-1.037|-0.25|0|0|-0.25|1.96078|0
139|2|0|Iksar Citizen|ICM|IKM||3|1|6|0.2|6.12162|7.44|7|0|0|null24.wav|null24.wav|null24.wav|JumpM_1B.WAV|null24.wav|VampKHit.wav|VampKHit.wav|VampKHit.wav|null24.wav|null24.wav|VampKDie.wav|GetHit2FB.WAV|Walk_Lp.wav|runlp.wav|Stab.WAV|null24.wav|Club.WAV|1.788982|-1.037|-0.25|0|0|-0.25|1.96078|0
140|2|0|Forest Giant|FGI|||3|1|6|0.2|6.03214|7.44|5|0|0|null24.wav|GiantIdl.wav|GiantIdl.wav|null24.wav|GiantHit.wav|GiantHit.wav|GiantHit.wav|GiantHit.wav|null24.wav|null24.wav|GiantDie.wav|null24.wav|GiantWlk.wav|GiantRun.wav|GiantAtt.wav|null24.wav|null24.wav|1.988982|-1.037|-0.3|0|0|-0.3|2.96078|0
141|0|0|Boat||||3|1|6|0.2|0|1|10|0|0|null24.wav|null24.wav|null24.wav|null24.wav|null24.wav|null24.wav|null24.wav|null24.wav|null24.wav|null24.wav|null24.wav|null24.wav|null24.wav|null24.wav|null24.wav|null24.wav|null24.wav|1.788982|-1.037|0|0|0|0|1.96078|0
141|2|0|Boat||||3|1|6|0.2|0|1|10|0|0|null24.wav|null24.wav|null24.wav|null24.wav|null24.wav|null24.wav|null24.wav|null24.wav|null24.wav|null24.wav|null24.wav|null24.wav|null24.wav|null24.wav|null24.wav|null24.wav|null24.wav|1.788982|-1.037|0|0|0|0|1.96078|0
142|0|0|Minor Illusion||||3|1|6|0.2|0|6|10|0|0|null24.wav|null24.wav|null24.wav|null24.wav|null24.wav|null24.wav|null24.wav|null24.wav|null24.wav|null24.wav|null24.wav|null24.wav|null24.wav|null24.wav|null24.wav|null24.wav|null24.wav|1.788982|-1.037|0|0|0|0|1.96078|0
143|0|0|Tree Illusion||||3|1|6|0.2|0|6|10|0|0|null24.wav|null24.wav|null24.wav|null24.wav|null24.wav|null24.wav|null24.wav|null24.wav|null24.wav|null24.wav|null24.wav|null24.wav|null24.wav|null24.wav|null24.wav|null24.wav|null24.wav|1.788982|-1.037|0|0|0|0|1.96078|0
144|2|0|Burynai|BRN|||3|1|6|0.2|8.60096|7.44|7|0|0|null24.wav|ArmadIdl.wav|ArmadIdl.wav|null24.wav|AmadHit.wav|AmadHit.wav|AmadHit.wav|AmadHit.wav|null24.wav|null24.wav|AmadDie.wav|null24.wav|Walk_Lp.wav|runlp.wav|AmadAtt.wav|null24.wav|null24.wav|5.088982|-1.037|-0.4|0|0|-0.4|2.26078|0.3
145|2|0|Goo|GOO|||3|1|6|0.2|11.4773|7.44|10|0|0|null24.wav|CubeIdl1.wav|CubeIdl2.wav|null24.wav|Cube_Hit.wav|Cube_Hit.wav|Cube_Hit.wav|Cube_Hit.wav|null24.wav|null24.wav|Cube_Die.wav|null24.wav|Cube_Wlk.wav|Cube_Wlk.wav|Cube_Att.wav|null24.wav|null24.wav|10.788982|-1.037|0|0|0|0|11.96078|1.4
146|2|0|Spectral Sarnak|SSN|||3|1|6|0.2|8.4548|7.44|6|0|0|null24.wav|GhoulIdl.wav|GhoulIdl.wav|null24.wav|GhostHit.wav|GhostHit.wav|VmpEMHit.wav|VmpEMHit.wav|null24.wav|null24.wav|VmpEMHit.wav|null24.wav|null24.wav|null24.wav|GhostDie.wav|Spec_Att.wav|null24.wav|1.588982|-1.037|-0.15|0|0|-0.15|1.96078|0.2
147|0|0|Spectral Iksar|SIM|||3|1|6|0.2|6.12162|7.44|6|0|0|Ghost_Lp.wav|DGhosIdl.wav|DGhosIdl.wav|null24.wav|GhostHit.wav|GhostHit.wav|VmpEMHit.wav|VmpEMHit.wav|null24.wav|null24.wav|VmpEMHit.wav|null24.wav|null24.wav|null24.wav|GhostDie.wav|Spec_Att.wav|null24.wav|1.788982|-1.037|-0.15|0|0|-0.15|1.96078|0
147|2|0|Spectral Iksar|SIM|||3|1|6|0.2|6.12162|7.44|6|0|0|Ghost_Lp.wav|DGhosIdl.wav|DGhosIdl.wav|null24.wav|GhostHit.wav|GhostHit.wav|VmpEMHit.wav|VmpEMHit.wav|null24.wav|null24.wav|VmpEMHit.wav|null24.wav|null24.wav|null24.wav|GhostDie.wav|Spec_Att.wav|null24.wav|1.788982|-1.037|-0.15|0|0|-0.15|1.96078|0
148|2|0|Kunark Fish|BAC|||2|1|6|0.2|2.70244|7.44|1|0|0|null24.wav|null24.wav|null24.wav|null24.wav|Shrk_Die.wav|Shrk_Die.wav|Shrk_Die.wav|Shrk_Die.wav|null24.wav|null24.wav|Shrk_Die.wav|null24.wav|null24.wav|null24.wav|Shrk_Att.wav|null24.wav|null24.wav|1.788982|-1.037|0|0|0|0|1.96078|0.5
149|2|0|Iksar Scorpion|ISC|||3|1|6|0.2|16.9904|7.44|1|20|0|null24.wav|null24.wav|null24.wav|null24.wav|BeetlHit.wav|BeetlHit.wav|VmpEFHit.wav|VmpEFHit.wav|null24.wav|null24.wav|BeetlDie.wav|null24.wav|BeetlWlk.wav|BeetlWlk.wav|BeetlDie.wav|BeetlAtt.wav|null24.wav|1.988982|-1.037|0.4|0|0.1|0.4|3.46078|0.8
150|2|0|Erollisi|ERO|ELF|1|3|1|6|0.2|5.08699|7.44|7|0|0|null24.wav|null24.wav|null24.wav|JumpF_1.WAV|GetHit1F.WAV|GetHit2F.WAV|GetHit3F.WAV|GetHit4F.WAV|Gasp1F.WAV|Gasp2F.WAV|Death_F.WAV|Drown_F.WAV|Walk_Lp.wav|runlp.wav|Punch1.WAV|LeftAtk.WAV|null24.wav|1.288982|-1.037|-0.6|0|-0.4|-0.6|1.96078|0
151|2|0|Tribunal|TRI|ELM||3|1|6|0.2|5.4499|7.44|7|0|0|null24.wav|null24.wav|null24.wav|JumpM_1.WAV|GetHit1M.WAV|GetHit2M.WAV|GetHit3M.WAV|GetHit4M.WAV|Gasp1M.WAV|Gasp2M.WAV|Death_M.WAV|Drown_M.WAV|Walk_Lp.wav|runlp.wav|Punch1.WAV|LeftAtk.WAV|null24.wav|1.788982|-1.037|-0.25|0|-0.25|-0.25|1.96078|0
153|2|0|Bristlebane|BRI|DWM||3|1|6|0.2|5.12248|7.44|7|0|0|null24.wav|null24.wav|null24.wav|JumpM_1L.WAV|GetHit1ML.WAV|GetHit2ML.WAV|GetHit3ML.WAV|GetHit4ML.WAV|Gasp1ML.WAV|Gasp2ML.WAV|Death_ML.WAV|Drown_ML.WAV|Walk_Lp.wav|runlp.wav|Punch1.WAV|LeftAtk.WAV|null24.wav|3.988982|-1.037|0|0|0|0|1.96078|0.3
154|2|0|Fay Drake|FDR|||3|1|6|0.2|8.83696|7.44|2|0|0|Drake_Lp.wav|DrakeIdl.wav|DrakeIdl.wav|null24.wav|DrakeHit.wav|DrakeHit.wav|DrakeHit.wav|DrakeHit.wav|null24.wav|null24.wav|DrakeDie.wav|null24.wav|null24.wav|null24.wav|DrakeAtt.wav|DrakeSAt.wav|null24.wav|1.788982|-1.037|0|0|0|0|2.36078|1.5
155|2|0|Sarnak Skeleton|SSK|SRW||3|1|6|0.2|8.4548|7.44|6|0|0|null24.wav|null24.wav|null24.wav|null24.wav|Skel_Hit.wav|Skel_Hit.wav|Skel_Hit.wav|Skel_Hit.wav|null24.wav|null24.wav|Skel_Die.wav|null24.wav|Walk_Lp.wav|runlp.wav|SkelAtt1.wav|Skel_Std.wav|SkelAtt2.wav|1.788982|-1.037|-0.1|0|0|-0.1|1.96078|0
156|0|0|Ratman|VRM|||3|1|6|0.2|5.50859|7.44|7|0|0|null24.wav|Rat_Idl.wav|ratman_wht_idle.wav|null24.wav|ratman_wht_dam.wav|ratman_wht_dam.wav|ratman_wht_dam.wav|ratman_wht_dam.wav|null24.wav|null24.wav|ratman_wht_dth.wav|null24.wav|Walk_Lp.wav|runlp.wav|ratman_wht_atk.wav|null24.wav|null24.wav|1.788982|-1.037|-0.25|0|0|-0.25|1.96078|0
156|2|0|Ratman|VRM|||3|1|6|0.2|5.50859|7.44|7|0|0|null24.wav|Rat_Idl.wav|ratman_wht_idle.wav|null24.wav|ratman_wht_dam.wav|ratman_wht_dam.wav|ratman_wht_dam.wav|ratman_wht_dam.wav|null24.wav|null24.wav|ratman_wht_dth.wav|null24.wav|Walk_Lp.wav|runlp.wav|ratman_wht_atk.wav|null24.wav|null24.wav|1.788982|-1.037|-0.25|0|0|-0.25|1.96078|0
157|2|0|Wyvern|WYV|||3|1|6|0.2|11.2382|7.44|2|0|0|null24.wav|DrakeIdl.wav|DrakeIdl.wav|null24.wav|DrakeHit.wav|DrakeHit.wav|DrakeHit.wav|DrakeHit.wav|null24.wav|null24.wav|DrakeDie.wav|null24.wav|null24.wav|null24.wav|DrakeAtt.wav|DrakeSAt.wav|null24.wav|2.788982|-1.037|-0.2|0|0|-0.2|2.46078|0.3
158|2|0|Wurm|WUR|DRA||19.8|1|6|0.2|116.215|34.5|2|0|0|null24.wav|DragFIdl.wav|DragFIdl.wav|null24.wav|Drag_Hit.wav|Drag_Hit.wav|Drag_Hit.wav|Drag_Hit.wav|null24.wav|null24.wav|Drag_Die.wav|null24.wav|GiantWlk.wav|GiantWlk.wav|Drag_Att.wav|DragFSAt.wav|null24.wav|14.788982|-6.037|-2|0|0|-2|15|4
158|2|1|Wurm|WUR|DRA||19.8|1|6|0.2|116.215|34.5|2|0|0|null24.wav|DragIIdl.wav|DragIIdl.wav|null24.wav|Drag_Hit.wav|Drag_Hit.wav|Drag_Hit.wav|Drag_Hit.wav|null24.wav|null24.wav|Drag_Die.wav|null24.wav|GiantWlk.wav|GiantWlk.wav|Drag_Att.wav|DragISAt.wav|null24.wav|14.788982|-6.037|-2|0|0|-2|15|4
159|2|0|Devourer|DEV|||3|1|6|0.2|7.63953|7.44|3|0|0|null24.wav|Deni_Idl.wav|Deni_Idl.wav|null24.wav|Deni_Hit.wav|Deni_Hit.wav|Deni_Hit.wav|Deni_Hit.wav|null24.wav|null24.wav|Deni_Die.wav|null24.wav|Walk_Lp.wav|runlp.wav|Deni_Att.wav|Deni_Satt.wav|null24.wav|3.088982|-1.037|-0.15|0|0.15|-0.15|1.96078|0
160|2|0|Iksar Golem|IKG|||3|1|6|0.2|11.4802|7.44|4|0|0|null24.wav|GolumIdl.wav|GolumIdl.wav|null24.wav|GolumHit.wav|GolumHit.wav|GolumHit.wav|GolumHit.wav|null24.wav|null24.wav|GolumDie.wav|null24.wav|Walk_Lp.wav|runlp.wav|GolumAtt.wav|null24.wav|null24.wav|3.788982|-1.037|-0.3|0|0|-0.3|2.36078|0.4
161|2|0|Iksar Skeleton|IKS|IKM||3|1|6|0.2|6.13797|7.44|6|0|0|null24.wav|null24.wav|null24.wav|null24.wav|Skel_Hit.wav|Skel_Hit.wav|Skel_Hit.wav|Skel_Hit.wav|null24.wav|null24.wav|Skel_Die.wav|null24.wav|Walk_Lp.wav|runlp.wav|SkelAtt1.wav|Skel_Std.wav|SkelAtt2.wav|1.788982|-1.037|-0.25|0|0|-0.25|1.96078|0
162|2|0|Man Eating Plant|MEP|||3|1|6|0.2|7.35427|7.44|4|0|0|null24.wav|Trea_Idl.wav|Trea_Idl.wav|null24.wav|Trea_Hit.wav|Trea_Hit.wav|Trea_Hit.wav|Trea_Hit.wav|null24.wav|null24.wav|Trea_Die.wav|null24.wav|Trea_Wlk.wav|Trea_Wlk.wav|Trea_Att.wav|Trea_SAt.wav|null24.wav|1.988982|-1.037|0|0|0|0|1.96078|2
163|2|0|Raptor|RAP|||3|1|6|0.2|6.19878|7.44|1|11|0|null24.wav|null24.wav|null24.wav|null24.wav|DrakeHit.wav|DrakeHit.wav|DrakeHit.wav|DrakeHit.wav|null24.wav|null24.wav|DrakeDie.wav|null24.wav|null24.wav|null24.wav|DrakeAtt.wav|DrakeSAt.wav|null24.wav|2.688982|-1.037|-0.2|0|0|-0.2|1.96078|0.4
164|2|0|Sarnak Golem|SGO|||3|1|6|0.2|16.906|7.44|4|0|0|null24.wav|GolumIdl.wav|GolumIdl.wav|null24.wav|GolumHit.wav|GolumHit.wav|GolumHit.wav|GolumHit.wav|null24.wav|null24.wav|GolumDie.wav|null24.wav|Walk_Lp.wav|runlp.wav|GolumAtt.wav|null24.wav|null24.wav|3.788982|-1.037|-0.1|0|0|-0.1|3.46078|0.4
165|2|0|Water Dragon|SED|||3|1|6|0.2|13.3849|7.44|2|0|0|null24.wav|null24.wav|null24.wav|null24.wav|Drag_Hit.wav|Drag_Hit.wav|Drag_Hit.wav|Drag_Hit.wav|null24.wav|null24.wav|Drag_Die.wav|null24.wav|GiantWlk.wav|GiantWlk.wav|Drag_Att.wav|DragFSAt.wav|null24.wav|6.788982|-0.537|-0.3|0|0|0.3|3.26078|0.2
166|2|0|Iksar Hand|IKH|REA||3|1|6|0.2|23.2324|7.44|10|0|0|null24.wav|Hand_Idl.wav|Hand_Idl.wav|null24.wav|Hand_Hit.wav|Hand_Hit.wav|Hand_Hit.wav|Hand_Hit.wav|null24.wav|null24.wav|Hand_Die.wav|null24.wav|Walk_Lp.wav|runlp.wav|Hand_Att.wav|null24.wav|null24.wav|11.788982|-1.037|0|0|0|0|4.96078|0.8
167|2|0|Succulent|SUC|||3|1|6|0.2|9.8918|7.44|4|0|0|null24.wav|null24.wav|null24.wav|null24.wav|Trea_Hit.wav|Trea_Hit.wav|Trea_Hit.wav|Trea_Hit.wav|null24.wav|null24.wav|Trea_Die.wav|null24.wav|Trea_Wlk.wav|Trea_Wlk.wav|Trea_Att.wav|Trea_SAt.wav|null24.wav|1.788982|-1.037|1.4|0|0|1.4|1.96078|1
168|2|0|Flying Monkey|FMO|DRK||3|1|6|0.2|8.3126|7.44|1|0|0|Bat_Fly.wav|monkey_idle.wav|monkey_idle.wav|null24.wav|monkey_dam.wav|monkey_dam.wav|monkey_dam.wav|monkey_dam.wav|null24.wav|null24.wav|monkey_dth.wav|null24.wav|null24.wav|null24.wav|monkey_atk.wav|monkey_atk2.wav|null24.wav|1.788982|-1.037|0|0|0.15|0|1.96078|0
169|2|0|Brontotherium|BTM|RHI||3|1|6|0.2|10.9196|7.44|1|0|0|null24.wav|null24.wav|null24.wav|null24.wav|null24.wav|null24.wav|null24.wav|null24.wav|null24.wav|null24.wav|null24.wav|null24.wav|GiantWlk.wav|GiantRun.wav|null24.wav|null24.wav|null24.wav|10.088982|-0.737|-0.2|0|0.25|-0.2|6.56078|1.6
170|2|0|Snow Dervish|SDE|DML||3|1|6|0.2|4.32734|7.44|4|0|0|Der_Lp.wav|dervish_idle.wav|dervish_idle.wav|null24.wav|dervish_dam.wav|dervish_dam.wav|dervish_dam.wav|dervish_dam.wav|null24.wav|null24.wav|dervish_dth.wav|null24.wav|null24.wav|null24.wav|dervish_atk.wav|null24.wav|null24.wav|1.788982|-1.037|0|0|0|0|1.96078|0
171|2|0|Dire Wolf|DIW|||3|1|6|0.2|7.41669|3.9|1|1|0|null24.wav|wolf_dire_idle.wav|wolf_dire_idle.wav|null24.wav|wolf_dire_dam.wav|wolf_dire_dam.wav|wolf_dire_dam.wav|wolf_dire_dam.wav|null24.wav|null24.wav|wolf_dire_dth.wav|null24.wav|Walk_Lp.wav|runlp.wav|wolf_dire_atk.wav|null24.wav|null24.wav|1.788982|-1.037|0|0|0|0|1.96078|0
172|2|0|Manticore|MTC|LIM||3|1|6|0.2|8.28517|7.44|1|20|0|null24.wav|manti_idle.wav|manti_idle2.wav|null24.wav|manti_dam.wav|manti_dam.wav|manti_dam.wav|manti_dam.wav|null24.wav|null24.wav|manti_dth.wav|null24.wav|Walk_Lp.wav|runlp.wav|manti_atk.wav|null24.wav|null24.wav|3.088982|-1.037|0|0|0.15|0|1.96078|0.5
173|2|0|Totem|TOT|SCA||3|1|6|0.2|5.56961|7.44|4|0|0|null24.wav|totem_idle.wav|totem_idle.wav|null24.wav|totem_dam.wav|totem_dam.wav|totem_dam.wav|totem_dam.wav|null24.wav|null24.wav|totem_dth.wav|null24.wav|Walk_Lp.wav|runlp.wav|totem_atk.wav|null24.wav|null24.wav|1.788982|-1.037|-0.1|0|0|-0.1|1.96078|1
174|2|0|Cold Spectre|SPC|SPE||3|1|6|0.2|18.096|7.44|6|0|0|SpecLoop.wav|spectre_cold_idle.wav|spectre_cold_idle.wav|null24.wav|spectre_cold_dam.wav|spectre_cold_dam.wav|spectre_cold_dam.wav|spectre_cold_dam.wav|null24.wav|null24.wav|spectre_cold_dth.wav|null24.wav|null24.wav|null24.wav|spectre_cold_atk.wav|null24.wav|null24.wav|1.788982|-1.037|0|0|0|0|2.96078|0.4
175|2|0|Enchanted Armor|ENA|ELM||3|1|6|0.2|5.56961|7.44|6|0|0|null24.wav|encharmor_idle.wav|encharmor_idle.wav|null24.wav|encharmor_dam.wav|encharmor_dam.wav|encharmor_dam.wav|encharmor_dam.wav|null24.wav|null24.wav|encharmor_dth.wav|null24.wav|Walk_Lp.wav|runlp.wav|encharmor_atk.wav|null24.wav|null24.wav|1.788982|-1.037|-0.6|0|-0.25|-0.6|2.96078|1.4
176|2|0|Snow Bunny|SBU|||3|1|6|0.2|4.51122|7.44|1|0|0|null24.wav|rabbit_idle.wav|rabbit_idle.wav|null24.wav|rabbit_dam.wav|rabbit_dam.wav|rabbit_dam.wav|rabbit_dam.wav|null24.wav|null24.wav|rabbit_dth.wav|null24.wav|Walk_Lp.wav|runlp.wav|rabbit_atk.wav|null24.wav|null24.wav|2.788982|-1.037|-0.2|0|0|-0.2|1.96078|0.8
177|2|0|Walrus|WAL|||3|1|6|0.2|12.9319|7.44|1|0|0|null24.wav|walrus_idle.wav|walrus_idle.wav|null24.wav|walrus_dam.wav|walrus_dam.wav|walrus_dam.wav|walrus_dam.wav|null24.wav|null24.wav|walrus_dth.wav|null24.wav|Walk_Lp.wav|runlp.wav|walrus_atk.wav|null24.wav|null24.wav|4.788982|-1.037|-0.5|0|0|-0.5|6.96078|0.3
178|2|0|Rock-gem Men|RGM|||3|1|6|0.2|5.5422|7.44|4|0|0|null24.wav|rockman_idle.wav|rockman_idle.wav|null24.wav|rockman_dam.wav|rockman_dam.wav|rockman_dam.wav|rockman_dam.wav|null24.wav|null24.wav|rockman_dth.wav|null24.wav|Walk_Lp.wav|runlp.wav|rockman_atk.wav|null24.wav|null24.wav|1.988982|-1.037|-0.3|0|0|-0.3|2.16078|0.2
181|2|0|Yak Man|YAK|GNN||3|1|6|0.2|5.84785|7.44|7|0|0|null24.wav|yak_idle.wav|yak_idle.wav|null24.wav|yak_dam.wav|yak_dam.wav|yak_dam.wav|yak_dam.wav|null24.wav|null24.wav|yak_dth.wav|null24.wav|Walk_Lp.wav|runlp.wav|yak_atk.wav|null24.wav|null24.wav|2.688982|-1.037|-0.42|0|0.15|-0.42|1.96078|0
183|0|0|Coldain|COM|DWM||3|1|6|0.2|3|7.44|7|0|0|null24.wav|coldain_mal_idle.wav|coldain_mal_idle.wav|null24.wav|coldain_mal_dam.wav|coldain_mal_dam.wav|coldain_mal_dam.wav|coldain_mal_dam.wav|null24.wav|null24.wav|coldain_mal_dth.wav|null24.wav|Walk_Lp.wav|runlp.wav|coldain_mal_atk.wav|null24.wav|null24.wav|3.788982|-1.037|-0.2|0|0|-0.2|1.96078|0.2
183|1|0|Coldain|COF|DWF||3|1|6|0.2|3|7.44|7|0|0|null24.wav|coldfem_idle.wav|coldfem_idle2.wav|null24.wav|coldfem_dam.wav|coldfem_dam.wav|coldfem_dam.wav|coldfem_dam.wav|null24.wav|null24.wav|coldfem_dth.wav|null24.wav|Walk_Lp.wav|runlp.wav|coldfem_atk.wav|null24.wav|null24.wav|2.888982|-1.037|0.5|0|0|0.5|1.96078|0.3
183|2|0|Coldain|COM|DWM||3|1|6|0.2|3|7.44|7|0|0|null24.wav|coldain_mal_idle.wav|coldain_mal_idle.wav|null24.wav|coldain_mal_dam.wav|coldain_mal_dam.wav|coldain_mal_dam.wav|coldain_mal_dam.wav|null24.wav|null24.wav|coldain_mal_dth.wav|null24.wav|Walk_Lp.wav|runlp.wav|coldain_mal_atk.wav|null24.wav|null24.wav|3.788982|-1.037|-0.2|0|0|-0.2|1.96078|0.2
184|2|0|Velious Dragons|DR2|TRK||3|1|6|0.2|41.5857|7.44|2|0|0|null24.wav|DragIIdl.wav|DragIIdl.wav|null24.wav|Drag_Hit.wav|Drag_Hit.wav|Drag_Hit.wav|Drag_Hit.wav|null24.wav|null24.wav|Drag_Die.wav|null24.wav|GiantWlk.wav|GiantWlk.wav|Drag_Att.wav|DragISAt.wav|null24.wav|6|-2.037|-0.5|0|0|-0.5|10|3
185|2|0|Hag|HAG|ELF|1|3|1|6|0.2|5.08699|7.44|7|0|0|null24.wav|hag_idle.wav|hag_idle.wav|null24.wav|hag_dam.wav|hag_dam.wav|hag_dam.wav|hag_dam.wav|null24.wav|null24.wav|hag_dth.wav|null24.wav|Walk_Lp.wav|runlp.wav|hag_atk.wav|null24.wav|null24.wav|1.288982|-1.037|-0.1|0|-0.4|-0.1|1.96078|0
187|2|0|Siren|SIR|ELF|1|3|1|6|0.2|5.08699|7.44|7|0|0|null24.wav|null24.wav|null24.wav|JumpF_1.WAV|GetHit1F.WAV|GetHit2F.WAV|GetHit3F.WAV|GetHit4F.WAV|Gasp1F.WAV|Gasp2F.WAV|Death_F.WAV|Drown_F.WAV|Walk_Lp.wav|runlp.wav|Punch1.WAV|LeftAtk.WAV|null24.wav|1.088982|-1.037|-0.25|0|-0.4|-0.25|1.96078|0
188|2|0|Frost Giant|FSG|||3|1|6|0.2|15.2608|7.44|5|0|0|null24.wav|giant_frost_idle.wav|giant_frost_idle.wav|null24.wav|giant_frost_dam.wav|giant_frost_dam.wav|giant_frost_dam.wav|giant_frost_dam.wav|null24.wav|null24.wav|giant_frost_dth.wav|null24.wav|GiantWlk.wav|GiantRun.wav|giant_frost_atk.wav|null24.wav|null24.wav|1.788982|-1.037|0.2|0|0.15|0.2|1.96078|1.2
189|0|0|Storm Giant|STM|FSG||3|1|6|0.2|15.2264|7.44|5|0|0|null24.wav|giant_storm_idle.wav|giant_storm_idle.wav|null24.wav|giant_storm_dam.wav|giant_storm_dam.wav|giant_storm_dam.wav|giant_storm_dam.wav|null24.wav|null24.wav|giant_storm_dth.wav|null24.wav|GiantWlk.wav|GiantRun.wav|giant_storm_atk.wav|null24.wav|null24.wav|1.788982|-1.037|0.2|0|0.15|0.2|2.46078|1.2
189|2|0|Storm Giant|STG|FSG||3|1|6|0.2|15.2264|7.44|5|0|0|null24.wav|giant_storm_idle.wav|giant_storm_idle.wav|null24.wav|giant_storm_dam.wav|giant_storm_dam.wav|giant_storm_dam.wav|giant_storm_dam.wav|null24.wav|null24.wav|giant_storm_dth.wav|null24.wav|GiantWlk.wav|GiantRun.wav|giant_storm_atk.wav|null24.wav|null24.wav|1.788982|-1.037|0.2|0|0.15|0.2|2.46078|1.2
190|2|0|Ottermen|OTM|||3|1|6|0.2|12.4591|7.44|7|0|0|null24.wav|otter_idle.wav|otter_idle.wav|null24.wav|otter_dam.wav|otter_dam.wav|otter_dam2.wav|otter_dam2.wav|null24.wav|null24.wav|otter_dth.wav|null24.wav|Walk_Lp.wav|runlp.wav|otter_dth.wav|otter_atk.wav|null24.wav|3.088982|-1.037|-0.35|0|0|-0.35|1.96078|0
191|2|0|Walrus Man|WLM|||3|1|6|0.2|12.5826|7.44|7|0|0|null24.wav|walrus_idle.wav|walrus_idle.wav|null24.wav|walrus_dam.wav|walrus_dam.wav|walrus_dam.wav|walrus_dam.wav|null24.wav|null24.wav|walrus_dth.wav|null24.wav|Walk_Lp.wav|runlp.wav|walrus_atk.wav|null24.wav|null24.wav|4.788982|-1.037|-0.55|0|0|-0.55|4.56078|0.4
191|2|3|Walrus Man|WLM|||3|1|6|0.2|12.5826|7.44|7|0|0|null24.wav|bear_idle.wav|bear_idle2.wav|null24.wav|Bear_Hit.wav|Bear_Hit.wav|bear_dam.wav|bear_dam.wav|null24.wav|null24.wav|bear_dth.wav|null24.wav|Walk_Lp.wav|runlp.wav|bear_dth.wav|bear_atk.wav|Bear_Att.wav|4.788982|-1.037|-0.55|0|0|-0.55|4.56078|0.4
192|2|0|Clockwork Dragon|CCD|TRK||3|1|6|0.2|0|7.44|9|0|0|null24.wav|dragon_robo_idle.wav|dragon_robo_idle.wav|null24.wav|dragon_robo_dam.wav|dragon_robo_dam.wav|dragon_robo_dam.wav|dragon_robo_dam.wav|null24.wav|null24.wav|dragon_robo_dth.wav|null24.wav|GiantWlk.wav|GiantWlk.wav|dragon_robo_atk.wav|null24.wav|null24.wav|6|-2.037|-0.5|0|0|-0.5|10|3
193|2|0|Abhorent|ABH|ELF|1|3|1|6|0.2|5.08699|7.44|6|0|0|null24.wav|null24.wav|null24.wav|JumpF_1.WAV|GetHit1F.WAV|GetHit2F.WAV|GetHit3F.WAV|GetHit4F.WAV|Gasp1F.WAV|Gasp2F.WAV|Death_F.WAV|Drown_F.WAV|Walk_Lp.wav|runlp.wav|Punch1.WAV|LeftAtk.WAV|null24.wav|1.288982|-1.037|0.15|0|-0.4|0.15|1.96078|0.3
194|2|0|Sea Turtle|STU|||3|1|6|0.2|15.2025|7.44|1|21|0|null24.wav|turtle_med_idle.wav|turtle_med_idle.wav|null24.wav|turtle_med_dam.wav|turtle_med_dam.wav|turtle_med_dam.wav|turtle_med_dam.wav|null24.wav|null24.wav|turtle_med_dth.wav|null24.wav|Walk_Lp.wav|runlp.wav|turtle_med_atk.wav|null24.wav|null24.wav|15.988982|-1.837|0.7|0|0|0.7|1.96078|2.5
195|2|0|Black and White Dragons|BWD|TRK||3|1|6|0.2|41.5857|7.44|2|0|0|null24.wav|DragIIdl.wav|DragIIdl.wav|null24.wav|Drag_Hit.wav|Drag_Hit.wav|Drag_Hit.wav|Drag_Hit.wav|null24.wav|null24.wav|Drag_Die.wav|null24.wav|GiantWlk.wav|GiantWlk.wav|Drag_Att.wav|DragISAt.wav|null24.wav|6|-2.037|-0.5|0|0|-0.5|10|3
196|2|0|Ghost Dragon|GDR|DRA||19.8|1|6|0.2|116.215|34.5|6|0|0|null24.wav|DragIIdl.wav|DragIIdl.wav|null24.wav|Drag_Hit.wav|Drag_Hit.wav|Drag_Hit.wav|Drag_Hit.wav|null24.wav|null24.wav|Drag_Die.wav|null24.wav|GiantWlk.wav|GiantWlk.wav|Drag_Att.wav|DragISAt.wav|null24.wav|14.788982|-2.037|-0.5|0|0|-0.5|18|3
198|2|0|Prismatic Dragon|PRI|TRK||3|1|6|0.2|41.5857|7.44|2|0|0|null24.wav|DragIIdl.wav|DragIIdl.wav|null24.wav|Drag_Hit.wav|Drag_Hit.wav|Drag_Hit.wav|Drag_Hit.wav|null24.wav|null24.wav|Drag_Die.wav|null24.wav|GiantWlk.wav|GiantWlk.wav|Drag_Att.wav|DragISAt.wav|null24.wav|6|-2.037|-0.5|0|0|-0.5|10|3
