id|short_name|Type|Type2
1|acrylia|3|1
2|acrylia|3|1
3|acrylia|3|1
4|acrylia|0|1
5|acrylia|3|1
6|acrylia|3|1
7|acrylia|2|1
8|acrylia|2|1
9|acrylia|6|1
10|acrylia|6|1
11|acrylia|6|1
12|acrylia|6|1
1|airplane|2|0
2|airplane|2|0
3|airplane|2|0
4|airplane|2|0
5|airplane|2|0
6|airplane|2|0
7|airplane|2|0
8|airplane|2|0
9|airplane|2|0
10|airplane|2|0
11|airplane|2|0
12|airplane|2|0
13|airplane|0|0
14|airplane|0|1
15|airplane|0|1
16|airplane|0|1
17|airplane|0|1
18|airplane|0|1
19|airplane|0|1
20|airplane|0|1
21|airplane|0|1
22|airplane|0|1
23|airplane|2|0
24|airplane|0|0
25|airplane|0|0
26|airplane|0|0
27|airplane|0|0
28|airplane|0|0
29|airplane|0|0
30|airplane|3|1
31|airplane|0|1
32|airplane|0|1
33|airplane|0|1
34|airplane|0|1
35|airplane|0|1
36|airplane|0|1
37|airplane|0|1
38|airplane|0|1
39|airplane|0|1
40|airplane|0|1
41|airplane|0|1
42|airplane|0|1
43|airplane|0|1
44|airplane|0|1
45|airplane|0|1
46|airplane|0|1
47|airplane|0|1
48|airplane|0|1
49|airplane|0|0
1|akanon|0|0
2|akanon|4|0
3|akanon|0|0
4|akanon|0|0
5|akanon|0|0
6|akanon|0|0
7|akanon|0|0
8|akanon|2|2
9|akanon|2|2
10|akanon|0|0
11|akanon|0|0
12|akanon|0|0
13|akanon|0|0
14|akanon|0|0
15|akanon|0|0
16|akanon|0|0
17|akanon|0|0
18|akanon|0|0
19|akanon|0|0
20|akanon|0|0
21|akanon|0|0
22|akanon|0|0
23|akanon|0|0
24|akanon|0|0
25|akanon|0|0
26|akanon|0|0
27|akanon|0|0
28|akanon|0|0
29|akanon|0|0
30|akanon|0|0
31|akanon|0|0
32|akanon|0|0
33|akanon|0|0
34|akanon|0|0
35|akanon|0|0
36|akanon|0|0
37|akanon|0|0
38|akanon|3|0
39|akanon|0|1
1|akheva|3|1
2|akheva|3|1
3|akheva|3|1
4|akheva|3|1
5|akheva|3|1
6|akheva|3|1
7|akheva|3|1
8|akheva|7|1
9|akheva|7|1
10|akheva|0|1
11|akheva|3|1
12|akheva|0|1
13|akheva|0|1
14|akheva|0|1
15|akheva|0|1
16|akheva|7|1
17|akheva|7|1
18|akheva|0|1
19|akheva|0|1
20|akheva|0|1
21|akheva|0|1
22|akheva|0|1
23|akheva|0|1
24|akheva|0|1
25|akheva|0|1
26|akheva|0|1
10|aviak|0|0
1|befallen|4|1
1|beholder|3|0
2|beholder|3|0
3|beholder|3|0
4|beholder|3|0
5|beholder|3|0
6|beholder|3|0
7|beholder|3|0
8|beholder|3|0
9|beholder|3|0
10|beholder|3|0
11|beholder|3|0
12|beholder|3|0
13|beholder|3|0
14|beholder|3|0
15|beholder|3|0
16|beholder|3|0
17|beholder|3|0
18|beholder|3|0
19|beholder|3|0
20|beholder|3|0
21|beholder|3|0
22|beholder|3|0
23|beholder|3|0
24|beholder|3|0
25|beholder|3|0
26|beholder|3|0
27|beholder|3|0
28|beholder|3|0
29|beholder|0|0
30|beholder|3|0
31|beholder|0|0
32|beholder|0|0
1|blackburrow|3|1
2|blackburrow|0|1
3|blackburrow|0|1
4|blackburrow|0|1
5|blackburrow|0|1
6|blackburrow|0|1
7|blackburrow|0|1
8|blackburrow|0|1
9|blackburrow|0|1
10|blackburrow|0|1
11|blackburrow|0|1
12|blackburrow|0|1
13|blackburrow|0|1
14|blackburrow|0|1
15|blackburrow|0|1
16|blackburrow|0|1
17|blackburrow|4|1
1|bothunder|7|1
2|bothunder|9|1
3|bothunder|9|1
4|bothunder|9|1
5|bothunder|9|1
6|bothunder|9|1
7|bothunder|9|1
8|bothunder|9|1
9|bothunder|9|1
10|bothunder|9|1
11|bothunder|9|1
12|bothunder|9|1
13|bothunder|9|1
14|bothunder|9|1
15|bothunder|9|1
16|bothunder|9|1
17|bothunder|9|1
18|bothunder|9|1
19|bothunder|9|1
20|bothunder|7|1
21|bothunder|9|1
22|bothunder|9|1
23|bothunder|9|1
24|bothunder|9|1
25|bothunder|9|1
26|bothunder|9|1
27|bothunder|9|1
28|bothunder|9|1
29|bothunder|9|1
30|bothunder|2|1
1|burningwood|2|1
2|burningwood|3|1
3|burningwood|3|1
1|butcher|0|1
2|butcher|0|1
3|butcher|0|1
4|butcher|4|1
5|butcher|0|2
6|butcher|0|1
7|butcher|0|0
8|butcher|0|1
9|butcher|0|1
10|butcher|0|1
11|butcher|6|1
12|butcher|4|0
13|butcher|0|1
14|butcher|0|1
15|butcher|0|1
16|butcher|4|1
17|butcher|4|1
18|butcher|4|1
19|butcher|4|1
20|butcher|3|1
21|butcher|3|1
22|butcher|3|1
23|butcher|3|1
24|butcher|0|0
25|butcher|0|0
1|cabeast|0|0
2|cabeast|0|0
3|cabeast|0|0
4|cabeast|0|0
5|cabeast|0|0
6|cabeast|0|0
7|cabeast|0|0
8|cabeast|0|0
9|cabeast|0|1
10|cabeast|0|0
11|cabeast|0|0
12|cabeast|0|0
13|cabeast|0|0
14|cabeast|0|0
15|cabeast|0|0
16|cabeast|0|0
17|cabeast|0|0
18|cabeast|0|0
19|cabeast|0|0
20|cabeast|0|0
21|cabeast|0|0
22|cabeast|0|0
23|cabeast|0|0
24|cabeast|0|0
25|cabeast|0|0
26|cabeast|0|0
27|cabeast|0|0
28|cabeast|0|0
29|cabeast|0|0
30|cabeast|0|0
31|cabeast|0|0
32|cabeast|0|0
33|cabeast|0|0
34|cabeast|0|0
35|cabeast|0|0
36|cabeast|0|0
37|cabeast|0|0
38|cabeast|0|0
39|cabeast|0|0
40|cabeast|0|0
41|cabeast|0|0
42|cabeast|0|0
43|cabeast|0|0
44|cabeast|0|0
45|cabeast|0|0
46|cabeast|0|1
47|cabeast|0|1
48|cabeast|0|1
49|cabeast|0|1
50|cabeast|0|1
51|cabeast|0|1
52|cabeast|0|1
53|cabeast|0|1
54|cabeast|0|0
55|cabeast|0|0
56|cabeast|0|0
57|cabeast|0|1
58|cabeast|0|1
1|cabwest|0|0
2|cabwest|0|1
3|cabwest|0|1
4|cabwest|0|1
5|cabwest|0|0
6|cabwest|0|0
7|cabwest|0|0
8|cabwest|0|0
9|cabwest|0|0
10|cabwest|0|0
11|cabwest|0|0
12|cabwest|0|0
13|cabwest|0|0
14|cabwest|0|0
15|cabwest|0|0
16|cabwest|0|0
17|cabwest|0|0
18|cabwest|0|0
19|cabwest|0|0
20|cabwest|0|0
21|cabwest|0|0
22|cabwest|0|0
1|cauldron|2|0
2|cauldron|6|1
1|cazicthule|3|1
2|cazicthule|0|2
3|cazicthule|0|2
4|cazicthule|3|1
5|cazicthule|0|1
6|cazicthule|0|1
7|cazicthule|0|1
8|cazicthule|0|1
9|cazicthule|0|1
10|cazicthule|0|1
11|cazicthule|0|1
12|cazicthule|0|1
13|cazicthule|0|1
14|cazicthule|0|1
15|cazicthule|3|1
16|cazicthule|3|1
17|cazicthule|3|1
18|cazicthule|3|1
19|cazicthule|3|1
20|cazicthule|0|1
21|cazicthule|0|1
22|cazicthule|0|1
23|cazicthule|0|1
24|cazicthule|0|1
25|cazicthule|0|1
26|cazicthule|0|1
27|cazicthule|0|1
28|cazicthule|0|1
29|cazicthule|0|1
30|cazicthule|0|1
31|cazicthule|0|1
32|cazicthule|0|1
33|cazicthule|0|1
34|cazicthule|0|1
35|cazicthule|0|1
36|cazicthule|0|1
37|cazicthule|0|1
38|cazicthule|0|1
39|cazicthule|0|1
40|cazicthule|0|1
41|cazicthule|0|1
42|cazicthule|0|1
43|cazicthule|0|1
44|cazicthule|0|1
45|cazicthule|0|1
46|cazicthule|0|1
47|cazicthule|0|1
48|cazicthule|0|1
49|cazicthule|0|1
50|cazicthule|0|1
51|cazicthule|0|1
52|cazicthule|0|1
53|cazicthule|0|1
54|cazicthule|0|1
55|cazicthule|0|1
56|cazicthule|0|1
57|cazicthule|3|1
58|cazicthule|0|1
59|cazicthule|3|1
60|cazicthule|3|1
61|cazicthule|3|1
62|cazicthule|3|1
63|cazicthule|3|1
64|cazicthule|3|1
65|cazicthule|3|1
66|cazicthule|0|1
67|cazicthule|3|1
68|cazicthule|3|1
69|cazicthule|3|1
70|cazicthule|3|1
71|cazicthule|3|1
72|cazicthule|3|1
73|cazicthule|3|1
74|cazicthule|3|1
75|cazicthule|0|1
76|cazicthule|0|1
77|cazicthule|3|1
78|cazicthule|3|1
79|cazicthule|3|1
80|cazicthule|3|1
81|cazicthule|6|1
82|cazicthule|6|1
83|cazicthule|6|1
84|cazicthule|6|1
85|cazicthule|6|1
86|cazicthule|6|1
87|cazicthule|6|1
88|cazicthule|6|1
89|cazicthule|6|1
90|cazicthule|6|1
91|cazicthule|6|1
92|cazicthule|6|1
93|cazicthule|6|1
94|cazicthule|6|1
95|cazicthule|6|1
96|cazicthule|6|1
97|cazicthule|6|1
98|cazicthule|6|1
99|cazicthule|9|1
100|cazicthule|9|1
101|cazicthule|9|1
102|cazicthule|2|1
103|cazicthule|9|2
104|cazicthule|9|1
105|cazicthule|2|2
106|cazicthule|2|1
107|cazicthule|9|1
108|cazicthule|9|1
109|cazicthule|9|1
110|cazicthule|2|1
111|cazicthule|9|1
112|cazicthule|9|1
113|cazicthule|9|1
114|cazicthule|2|1
115|cazicthule|2|1
116|cazicthule|9|1
117|cazicthule|9|1
118|cazicthule|2|1
119|cazicthule|2|1
120|cazicthule|2|1
121|cazicthule|2|1
122|cazicthule|2|1
123|cazicthule|2|1
124|cazicthule|2|1
125|cazicthule|9|1
126|cazicthule|9|1
127|cazicthule|9|1
128|cazicthule|9|1
129|cazicthule|9|1
130|cazicthule|9|1
131|cazicthule|9|1
132|cazicthule|9|1
133|cazicthule|9|1
134|cazicthule|9|1
135|cazicthule|9|1
136|cazicthule|9|1
137|cazicthule|9|1
138|cazicthule|9|1
139|cazicthule|9|1
140|cazicthule|9|1
141|cazicthule|9|1
142|cazicthule|9|1
143|cazicthule|9|1
144|cazicthule|9|1
145|cazicthule|9|1
146|cazicthule|9|1
147|cazicthule|9|1
148|cazicthule|9|1
149|cazicthule|9|1
150|cazicthule|9|1
151|cazicthule|9|1
152|cazicthule|9|1
153|cazicthule|9|1
154|cazicthule|9|1
155|cazicthule|9|1
156|cazicthule|9|1
157|cazicthule|9|1
158|cazicthule|9|1
159|cazicthule|9|1
160|cazicthule|9|1
161|cazicthule|9|1
162|cazicthule|9|1
163|cazicthule|9|1
164|cazicthule|9|1
165|cazicthule|9|1
166|cazicthule|9|1
167|cazicthule|9|1
168|cazicthule|9|1
169|cazicthule|9|1
170|cazicthule|7|1
171|cazicthule|7|1
172|cazicthule|7|1
173|cazicthule|9|1
174|cazicthule|7|1
175|cazicthule|7|1
176|cazicthule|7|1
177|cazicthule|7|1
178|cazicthule|2|1
179|cazicthule|2|1
180|cazicthule|7|1
181|cazicthule|9|1
182|cazicthule|9|1
183|cazicthule|2|1
184|cazicthule|9|1
185|cazicthule|9|1
186|cazicthule|9|1
187|cazicthule|7|1
188|cazicthule|2|1
189|cazicthule|2|1
190|cazicthule|2|1
191|cazicthule|2|1
192|cazicthule|2|1
193|cazicthule|3|1
194|cazicthule|9|1
1|charasis|3|1
2|charasis|3|1
3|charasis|3|1
4|charasis|3|1
5|charasis|3|1
6|charasis|3|1
7|charasis|2|1
8|charasis|2|1
9|charasis|2|1
10|charasis|3|1
11|charasis|3|1
12|charasis|2|1
13|charasis|2|1
14|charasis|3|1
15|charasis|2|1
16|charasis|3|1
17|charasis|3|1
18|charasis|3|1
19|charasis|3|1
20|charasis|3|1
21|charasis|3|1
22|charasis|3|1
23|charasis|3|1
24|charasis|3|1
25|charasis|2|1
26|charasis|3|1
27|charasis|3|1
28|charasis|2|1
29|charasis|3|1
30|charasis|3|1
31|charasis|3|1
32|charasis|3|1
33|charasis|2|1
34|charasis|2|1
35|charasis|3|1
36|charasis|3|1
37|charasis|3|1
38|charasis|3|1
39|charasis|3|1
40|charasis|2|1
41|charasis|2|1
42|charasis|2|1
43|charasis|2|1
44|charasis|3|1
45|charasis|3|1
46|charasis|2|1
47|charasis|3|1
48|charasis|3|1
49|charasis|3|1
50|charasis|2|1
51|charasis|3|1
52|charasis|3|1
53|charasis|3|1
54|charasis|3|1
55|charasis|3|1
56|charasis|2|1
57|charasis|2|1
58|charasis|3|1
59|charasis|3|1
60|charasis|3|1
61|charasis|3|1
62|charasis|2|1
63|charasis|2|1
64|charasis|2|1
65|charasis|2|1
66|charasis|3|1
67|charasis|3|1
68|charasis|3|1
69|charasis|3|1
70|charasis|3|1
71|charasis|3|1
72|charasis|3|1
73|charasis|3|1
74|charasis|3|1
75|charasis|3|1
76|charasis|3|1
77|charasis|3|1
78|charasis|3|1
79|charasis|2|1
80|charasis|3|1
81|charasis|3|1
82|charasis|6|1
1|chardok|3|1
2|chardok|3|1
3|chardok|0|1
4|chardok|0|1
5|chardok|0|1
6|chardok|0|1
7|chardok|0|1
8|chardok|0|1
9|chardok|0|1
10|chardok|0|1
11|chardok|3|1
12|chardok|0|1
13|chardok|3|1
14|chardok|3|1
15|chardok|0|1
16|chardok|0|1
17|chardok|0|1
18|chardok|0|1
19|chardok|0|0
20|chardok|0|0
21|chardok|2|0
22|chardok|0|0
23|chardok|0|0
24|chardok|0|0
25|chardok|0|0
26|chardok|0|0
27|chardok|0|0
28|chardok|0|0
29|chardok|0|0
30|chardok|0|0
31|chardok|0|0
32|chardok|0|0
33|chardok|3|1
34|chardok|0|0
35|chardok|0|0
36|chardok|0|0
37|chardok|3|0
1|citymist|2|1
2|citymist|2|1
3|citymist|2|1
4|citymist|3|1
5|citymist|3|1
6|citymist|2|1
7|citymist|3|1
8|citymist|3|1
9|citymist|3|1
10|citymist|3|1
11|citymist|3|1
12|citymist|2|1
13|citymist|3|1
14|citymist|2|1
15|citymist|3|1
16|citymist|3|1
17|citymist|3|1
18|citymist|3|1
19|citymist|3|1
20|citymist|3|1
21|citymist|3|1
22|citymist|2|1
23|citymist|3|1
24|citymist|3|1
25|citymist|3|1
26|citymist|3|1
27|citymist|2|1
28|citymist|3|1
29|citymist|3|1
30|citymist|3|1
31|citymist|3|1
32|citymist|3|1
33|citymist|3|1
34|citymist|3|1
35|citymist|2|1
36|citymist|3|1
1|cobaltscar|3|1
2|cobaltscar|3|1
3|cobaltscar|0|1
4|cobaltscar|3|1
5|cobaltscar|0|1
6|cobaltscar|0|0
7|cobaltscar|3|0
8|cobaltscar|3|0
9|cobaltscar|3|0
10|cobaltscar|2|1
11|cobaltscar|3|1
1|codecay|9|1
2|codecay|3|1
3|codecay|3|1
4|codecay|3|1
5|codecay|3|1
6|codecay|3|1
7|codecay|3|1
8|codecay|9|1
9|codecay|3|1
10|codecay|3|1
11|codecay|3|1
12|codecay|3|1
13|codecay|3|1
14|codecay|3|1
15|codecay|3|1
16|codecay|9|1
17|codecay|3|1
18|codecay|3|1
19|codecay|3|1
20|codecay|3|1
21|codecay|3|1
23|codecay|9|1
24|codecay|3|1
25|codecay|3|1
26|codecay|6|1
27|codecay|6|1
28|codecay|6|1
29|codecay|6|1
30|codecay|6|1
31|codecay|6|1
32|codecay|6|1
33|codecay|6|1
34|codecay|6|1
35|codecay|6|1
36|codecay|6|1
37|codecay|6|1
38|codecay|6|1
39|codecay|6|1
40|codecay|6|1
41|codecay|6|1
42|codecay|6|1
43|codecay|6|1
44|codecay|6|1
45|codecay|6|1
46|codecay|6|1
47|codecay|6|1
48|codecay|6|1
49|codecay|6|1
50|codecay|6|1
51|codecay|6|1
52|codecay|6|1
53|codecay|6|1
54|codecay|6|1
55|codecay|6|1
56|codecay|6|1
57|codecay|6|1
58|codecay|0|1
1|commons|0|0
2|commons|0|0
3|commons|0|0
4|commons|0|0
5|commons|0|0
6|commons|0|0
7|commons|3|0
8|commons|6|1
9|commons|4|1
10|commons|4|1
1|crushbone|9|1
2|crushbone|9|1
3|crushbone|9|1
4|crushbone|9|1
5|crushbone|9|1
7|crushbone|9|1
8|crushbone|3|1
1|crystal|0|1
2|crystal|3|1
3|crystal|3|1
4|crystal|3|1
5|crystal|3|1
6|crystal|3|1
7|crystal|3|1
8|crystal|3|1
9|crystal|3|1
10|crystal|3|1
11|crystal|3|1
12|crystal|3|1
13|crystal|3|1
14|crystal|3|1
15|crystal|3|1
16|crystal|3|1
17|crystal|3|1
18|crystal|0|1
19|crystal|0|1
20|crystal|0|1
21|crystal|3|1
22|crystal|3|1
23|crystal|3|1
24|crystal|3|1
25|crystal|3|1
26|crystal|3|1
27|crystal|3|1
28|crystal|2|1
29|crystal|3|1
30|crystal|3|1
31|crystal|3|1
32|crystal|3|1
33|crystal|3|1
10|cshome|0|0
1|dalnir|3|1
2|dalnir|3|1
3|dalnir|3|1
4|dalnir|3|1
5|dalnir|3|1
6|dalnir|3|1
7|dalnir|3|1
8|dalnir|2|1
9|dalnir|3|1
10|dalnir|2|1
11|dalnir|2|1
12|dalnir|3|1
13|dalnir|3|1
14|dalnir|3|1
15|dalnir|3|1
16|dalnir|2|1
17|dalnir|3|1
18|dalnir|3|1
19|dalnir|3|1
20|dalnir|3|1
21|dalnir|3|1
22|dalnir|3|1
23|dalnir|3|1
24|dalnir|2|1
25|dalnir|3|1
26|dalnir|3|1
27|dalnir|3|1
28|dalnir|3|1
29|dalnir|3|1
30|dalnir|3|1
31|dalnir|3|1
32|dalnir|3|1
33|dalnir|3|1
34|dalnir|2|1
35|dalnir|2|1
36|dalnir|2|1
37|dalnir|3|1
38|dalnir|3|1
39|dalnir|0|0
40|dalnir|3|1
1|dawnshroud|7|1
2|dawnshroud|7|1
3|dawnshroud|7|1
4|dawnshroud|7|1
5|dawnshroud|2|1
6|dawnshroud|2|1
7|dawnshroud|2|1
8|dawnshroud|2|1
9|dawnshroud|8|1
10|dawnshroud|8|1
11|dawnshroud|2|1
12|dawnshroud|0|1
1|dreadlands|0|1
2|dreadlands|2|1
3|dreadlands|3|1
4|dreadlands|3|1
5|dreadlands|3|1
6|dreadlands|3|1
7|dreadlands|3|1
8|dreadlands|0|1
9|dreadlands|0|1
10|dreadlands|0|1
11|dreadlands|0|1
12|dreadlands|3|1
1|droga|3|1
2|droga|3|1
3|droga|3|1
4|droga|3|1
5|droga|3|1
6|droga|3|1
7|droga|3|1
8|droga|3|1
9|droga|3|1
10|droga|3|1
11|droga|2|1
12|droga|3|1
13|droga|3|1
14|droga|3|1
15|droga|2|1
16|droga|3|1
17|droga|3|1
18|droga|3|1
19|droga|2|1
20|droga|3|1
21|droga|3|1
22|droga|3|1
23|droga|3|1
24|droga|3|1
25|droga|3|1
26|droga|3|1
27|droga|3|1
28|droga|3|1
29|droga|3|1
30|droga|3|1
31|droga|3|1
32|droga|2|1
33|droga|2|1
34|droga|3|1
35|droga|3|1
36|droga|3|1
37|droga|3|1
38|droga|3|1
39|droga|3|1
40|droga|3|1
41|droga|2|1
42|droga|3|1
43|droga|3|1
44|droga|3|1
45|droga|3|1
46|droga|3|1
47|droga|3|1
48|droga|3|1
49|droga|3|1
50|droga|3|1
51|droga|3|1
52|droga|3|1
53|droga|3|1
54|droga|3|1
55|droga|3|1
56|droga|3|1
57|droga|3|1
58|droga|3|1
59|droga|3|1
60|droga|3|1
61|droga|3|1
62|droga|3|1
63|droga|3|1
64|droga|2|1
65|droga|3|1
66|droga|3|1
67|droga|3|1
68|droga|3|1
69|droga|2|1
70|droga|3|1
71|droga|2|1
72|droga|2|1
73|droga|3|1
74|droga|3|1
75|droga|3|1
76|droga|3|1
77|droga|3|1
78|droga|3|1
79|droga|3|1
80|droga|3|1
81|droga|3|1
82|droga|3|1
83|droga|3|1
84|droga|3|1
85|droga|3|1
86|droga|3|1
87|droga|3|1
88|droga|3|1
89|droga|3|1
90|droga|3|1
91|droga|2|1
92|droga|3|1
93|droga|3|1
94|droga|3|1
95|droga|3|1
96|droga|3|1
97|droga|3|1
98|droga|3|1
99|droga|4|1
1|eastkarana|0|0
2|eastkarana|2|0
3|eastkarana|0|0
4|eastkarana|0|0
5|eastkarana|0|0
6|eastkarana|0|0
7|eastkarana|4|0
8|eastkarana|2|1
9|eastkarana|2|1
10|eastkarana|2|1
11|eastkarana|6|1
12|eastkarana|6|1
13|eastkarana|6|1
14|eastkarana|6|1
15|eastkarana|6|1
16|eastkarana|2|1
17|eastkarana|2|1
18|eastkarana|0|0
1|eastwastes|2|1
2|eastwastes|2|1
3|eastwastes|2|1
4|eastwastes|2|1
5|eastwastes|2|1
6|eastwastes|2|1
7|eastwastes|2|1
8|eastwastes|2|1
9|eastwastes|3|1
10|eastwastes|3|1
11|eastwastes|3|1
12|eastwastes|4|1
13|eastwastes|6|1
14|eastwastes|6|1
15|eastwastes|4|1
16|eastwastes|4|1
17|eastwastes|6|1
18|eastwastes|3|1
19|eastwastes|3|1
20|eastwastes|0|1
21|eastwastes|6|1
22|eastwastes|6|1
23|eastwastes|6|1
1|echo|3|1
2|echo|3|1
3|echo|3|1
4|echo|3|1
5|echo|2|1
6|echo|3|1
7|echo|3|1
8|echo|3|1
9|echo|3|1
10|echo|3|1
11|echo|3|1
12|echo|3|1
13|echo|3|1
14|echo|3|1
15|echo|3|1
1|ecommons|2|0
2|ecommons|2|0
3|ecommons|2|0
4|ecommons|2|0
5|ecommons|2|0
6|ecommons|2|0
7|ecommons|2|0
8|ecommons|2|0
9|ecommons|2|0
10|ecommons|2|0
11|ecommons|2|0
12|ecommons|2|0
13|ecommons|2|0
14|ecommons|2|0
15|ecommons|2|0
16|ecommons|2|0
17|ecommons|2|0
18|ecommons|2|0
19|ecommons|2|0
20|ecommons|2|0
21|ecommons|2|0
22|ecommons|2|0
23|ecommons|2|0
24|ecommons|2|0
25|ecommons|4|0
26|ecommons|2|0
27|ecommons|2|0
28|ecommons|2|0
29|ecommons|2|0
30|ecommons|2|0
31|ecommons|2|0
32|ecommons|2|0
33|ecommons|2|0
34|ecommons|2|0
35|ecommons|2|0
36|ecommons|2|0
37|ecommons|2|0
38|ecommons|2|0
39|ecommons|2|0
40|ecommons|2|0
41|ecommons|2|0
42|ecommons|2|0
43|ecommons|2|0
44|ecommons|2|0
45|ecommons|2|0
46|ecommons|2|0
47|ecommons|2|0
48|ecommons|2|0
49|ecommons|2|0
50|ecommons|2|0
51|ecommons|2|0
52|ecommons|2|0
53|ecommons|2|0
54|ecommons|2|0
55|ecommons|2|0
56|ecommons|2|0
57|ecommons|2|0
58|ecommons|2|0
59|ecommons|2|0
60|ecommons|2|0
61|ecommons|2|0
62|ecommons|2|0
63|ecommons|2|0
64|ecommons|2|0
65|ecommons|2|0
66|ecommons|2|0
67|ecommons|2|0
68|ecommons|2|0
69|ecommons|2|0
70|ecommons|2|0
71|ecommons|2|0
72|ecommons|2|0
73|ecommons|2|0
74|ecommons|2|0
75|ecommons|2|0
76|ecommons|2|0
77|ecommons|2|0
78|ecommons|2|0
79|ecommons|2|0
80|ecommons|2|0
81|ecommons|2|0
82|ecommons|2|0
83|ecommons|2|0
84|ecommons|2|0
85|ecommons|2|0
86|ecommons|2|0
87|ecommons|2|0
88|ecommons|2|0
89|ecommons|2|0
90|ecommons|2|0
91|ecommons|2|0
92|ecommons|2|0
93|ecommons|2|0
94|ecommons|2|0
95|ecommons|2|0
96|ecommons|2|0
97|ecommons|2|0
98|ecommons|2|0
99|ecommons|2|0
100|ecommons|2|0
102|ecommons|2|0
103|ecommons|2|0
104|ecommons|2|0
105|ecommons|2|0
106|ecommons|2|0
107|ecommons|2|0
108|ecommons|2|0
109|ecommons|2|0
110|ecommons|2|0
111|ecommons|2|0
113|ecommons|2|0
114|ecommons|2|0
115|ecommons|0|0
116|ecommons|0|0
117|ecommons|2|0
118|ecommons|2|0
119|ecommons|2|0
120|ecommons|2|0
121|ecommons|2|0
122|ecommons|2|0
123|ecommons|2|2
124|ecommons|2|0
125|ecommons|2|0
126|ecommons|2|0
127|ecommons|2|0
128|ecommons|0|1
129|ecommons|2|0
130|ecommons|2|0
131|ecommons|2|0
132|ecommons|2|0
133|ecommons|2|0
134|ecommons|2|0
135|ecommons|2|0
136|ecommons|2|0
137|ecommons|2|0
138|ecommons|2|0
139|ecommons|2|0
140|ecommons|2|0
141|ecommons|2|0
142|ecommons|2|0
143|ecommons|2|0
144|ecommons|2|0
145|ecommons|2|0
146|ecommons|2|0
147|ecommons|2|0
148|ecommons|2|0
149|ecommons|2|0
150|ecommons|2|0
1|emeraldjungle|2|1
2|emeraldjungle|2|1
3|emeraldjungle|3|1
4|emeraldjungle|3|1
5|emeraldjungle|3|1
6|emeraldjungle|3|1
7|emeraldjungle|3|1
8|emeraldjungle|3|1
9|emeraldjungle|3|1
10|emeraldjungle|2|1
1|erudnext|0|0
2|erudnext|0|0
3|erudnext|0|0
4|erudnext|0|0
5|erudnext|0|0
6|erudnext|0|0
7|erudnext|0|0
8|erudnext|0|0
9|erudnext|0|1
10|erudnext|0|0
11|erudnext|0|0
12|erudnext|0|1
13|erudnext|0|1
14|erudnext|0|1
15|erudnext|0|1
16|erudnext|0|1
17|erudnext|0|1
18|erudnext|0|1
19|erudnext|0|0
20|erudnext|4|0
21|erudnext|3|1
22|erudnext|6|1
23|erudnext|2|0
1|erudnint|0|1
2|erudnint|0|1
3|erudnint|0|1
4|erudnint|0|1
5|erudnint|0|1
6|erudnint|0|1
7|erudnint|0|1
8|erudnint|0|1
9|erudnint|0|1
10|erudnint|0|1
1|erudsxing|0|0
2|erudsxing|0|0
3|erudsxing|0|0
4|erudsxing|0|0
5|erudsxing|6|1
6|erudsxing|0|1
7|erudsxing|6|1
8|erudsxing|3|0
9|erudsxing|3|0
10|erudsxing|3|0
11|erudsxing|3|0
12|erudsxing|3|0
13|erudsxing|3|0
14|erudsxing|3|0
15|erudsxing|3|0
16|erudsxing|3|0
17|erudsxing|3|0
18|erudsxing|3|0
19|erudsxing|3|0
20|erudsxing|3|0
21|erudsxing|3|0
22|erudsxing|3|0
23|erudsxing|3|0
24|erudsxing|3|0
25|erudsxing|3|0
26|erudsxing|3|0
27|erudsxing|3|0
28|erudsxing|3|0
29|erudsxing|3|0
30|erudsxing|3|0
31|erudsxing|3|0
32|erudsxing|3|0
33|erudsxing|6|1
34|erudsxing|6|1
35|erudsxing|2|1
36|erudsxing|2|1
37|erudsxing|2|1
38|erudsxing|7|1
39|erudsxing|7|1
40|erudsxing|2|0
41|erudsxing|2|0
1|everfrost|3|0
2|everfrost|3|0
3|everfrost|3|0
4|everfrost|3|0
5|everfrost|3|0
6|everfrost|3|0
7|everfrost|3|0
8|everfrost|3|0
9|everfrost|3|0
10|everfrost|3|0
11|everfrost|3|0
12|everfrost|3|0
13|everfrost|0|0
14|everfrost|0|0
15|everfrost|3|0
16|everfrost|3|0
17|everfrost|3|0
18|everfrost|3|0
19|everfrost|3|0
20|everfrost|3|0
21|everfrost|3|0
22|everfrost|3|0
23|everfrost|3|0
24|everfrost|3|0
25|everfrost|3|0
26|everfrost|3|0
27|everfrost|3|0
28|everfrost|3|0
29|everfrost|0|0
30|everfrost|3|0
31|everfrost|3|0
32|everfrost|3|0
33|everfrost|3|0
34|everfrost|3|0
35|everfrost|3|0
36|everfrost|3|0
37|everfrost|3|0
38|everfrost|3|0
39|everfrost|0|0
40|everfrost|3|0
41|everfrost|3|0
42|everfrost|3|0
43|everfrost|3|0
44|everfrost|3|0
45|everfrost|3|0
46|everfrost|3|0
47|everfrost|3|0
48|everfrost|3|0
49|everfrost|2|0
50|everfrost|3|0
51|everfrost|2|0
52|everfrost|2|0
53|everfrost|2|0
54|everfrost|2|0
55|everfrost|2|0
56|everfrost|2|0
57|everfrost|2|0
58|everfrost|2|0
59|everfrost|3|0
60|everfrost|2|0
61|everfrost|0|0
62|everfrost|2|0
63|everfrost|0|0
64|everfrost|0|0
65|everfrost|2|0
66|everfrost|0|0
67|everfrost|0|0
68|everfrost|2|0
69|everfrost|0|0
70|everfrost|0|0
71|everfrost|2|0
72|everfrost|2|0
73|everfrost|2|0
74|everfrost|2|0
75|everfrost|2|0
76|everfrost|0|0
77|everfrost|0|1
78|everfrost|0|1
79|everfrost|3|0
80|everfrost|3|0
81|everfrost|3|0
82|everfrost|3|0
83|everfrost|3|0
84|everfrost|3|0
85|everfrost|3|0
86|everfrost|3|0
87|everfrost|3|0
88|everfrost|3|0
89|everfrost|3|0
90|everfrost|3|2
91|everfrost|0|1
92|everfrost|1|0
93|everfrost|2|0
94|everfrost|2|0
95|everfrost|2|0
96|everfrost|2|0
97|everfrost|2|0
98|everfrost|2|0
99|everfrost|2|0
100|everfrost|2|0
101|everfrost|2|0
102|everfrost|2|0
103|everfrost|2|0
104|everfrost|2|0
105|everfrost|2|0
106|everfrost|2|0
107|everfrost|2|0
108|everfrost|2|0
109|everfrost|2|0
110|everfrost|2|0
111|everfrost|2|0
112|everfrost|2|0
113|everfrost|2|0
114|everfrost|2|0
115|everfrost|3|0
116|everfrost|3|0
117|everfrost|2|0
118|everfrost|2|0
119|everfrost|2|0
120|everfrost|2|0
121|everfrost|2|0
122|everfrost|2|0
123|everfrost|2|0
124|everfrost|2|0
125|everfrost|2|0
126|everfrost|2|0
127|everfrost|2|0
128|everfrost|2|0
129|everfrost|2|0
130|everfrost|2|0
131|everfrost|2|0
132|everfrost|2|0
133|everfrost|2|0
134|everfrost|2|0
135|everfrost|2|0
136|everfrost|2|0
137|everfrost|2|0
138|everfrost|2|0
139|everfrost|2|0
140|everfrost|2|0
141|everfrost|2|0
142|everfrost|2|0
143|everfrost|2|0
144|everfrost|2|0
145|everfrost|2|0
146|everfrost|2|0
147|everfrost|2|0
148|everfrost|2|0
149|everfrost|2|0
150|everfrost|2|0
151|everfrost|2|0
152|everfrost|2|0
153|everfrost|0|1
154|everfrost|0|0
155|everfrost|0|0
156|everfrost|2|2
157|everfrost|0|0
158|everfrost|2|0
159|everfrost|2|0
160|everfrost|2|0
161|everfrost|2|0
162|everfrost|2|0
163|everfrost|2|0
164|everfrost|3|0
165|everfrost|2|2
166|everfrost|2|2
167|everfrost|2|2
168|everfrost|2|2
169|everfrost|2|2
170|everfrost|2|2
171|everfrost|2|2
172|everfrost|2|2
173|everfrost|2|2
174|everfrost|2|2
175|everfrost|2|2
176|everfrost|2|0
177|everfrost|2|2
178|everfrost|2|2
179|everfrost|2|2
180|everfrost|2|2
181|everfrost|2|2
182|everfrost|2|2
183|everfrost|2|2
184|everfrost|2|2
185|everfrost|2|2
186|everfrost|2|2
187|everfrost|2|2
188|everfrost|2|2
189|everfrost|2|2
190|everfrost|2|2
191|everfrost|2|2
192|everfrost|2|2
193|everfrost|2|2
194|everfrost|2|2
195|everfrost|4|1
196|everfrost|2|0
197|everfrost|2|0
198|everfrost|2|0
199|everfrost|2|0
200|everfrost|2|0
201|everfrost|2|0
202|everfrost|2|0
203|everfrost|2|0
204|everfrost|3|1
205|everfrost|2|2
1|fearplane|0|0
2|fearplane|0|1
3|fearplane|3|1
4|fearplane|3|0
5|fearplane|3|0
6|fearplane|3|1
7|fearplane|3|1
8|fearplane|3|1
9|fearplane|3|1
10|fearplane|2|0
11|fearplane|2|0
12|fearplane|2|0
13|fearplane|2|0
14|fearplane|2|0
15|fearplane|2|0
16|fearplane|2|0
17|fearplane|2|0
18|fearplane|2|0
19|fearplane|2|0
20|fearplane|2|0
21|fearplane|2|0
22|fearplane|2|0
23|fearplane|2|0
24|fearplane|2|0
25|fearplane|2|0
26|fearplane|2|0
27|fearplane|2|0
28|fearplane|2|0
29|fearplane|2|0
30|fearplane|2|0
31|fearplane|2|0
32|fearplane|2|0
33|fearplane|2|0
34|fearplane|2|0
1|feerrott|0|0
2|feerrott|0|0
3|feerrott|3|0
4|feerrott|0|0
5|feerrott|0|0
6|feerrott|0|0
7|feerrott|0|0
8|feerrott|0|0
1|felwithea|0|1
2|felwithea|0|1
3|felwithea|0|1
4|felwithea|0|1
5|felwithea|0|0
6|felwithea|0|0
7|felwithea|0|0
8|felwithea|0|0
9|felwithea|0|0
10|felwithea|0|0
11|felwithea|0|0
12|felwithea|0|0
13|felwithea|0|0
14|felwithea|0|0
15|felwithea|3|1
16|felwithea|3|1
17|felwithea|3|1
1|felwitheb|0|0
2|felwitheb|0|0
3|felwitheb|0|0
7|felwitheb|0|0
8|felwitheb|0|1
9|felwitheb|0|1
10|felwitheb|0|1
11|felwitheb|0|1
1|fieldofbone|3|1
2|fieldofbone|0|1
3|fieldofbone|3|1
4|fieldofbone|0|0
5|fieldofbone|0|1
6|fieldofbone|0|1
7|fieldofbone|3|0
8|fieldofbone|3|0
9|fieldofbone|2|0
10|fieldofbone|2|0
11|fieldofbone|2|0
12|fieldofbone|2|0
13|fieldofbone|4|1
14|fieldofbone|0|1
15|fieldofbone|2|1
16|fieldofbone|2|1
17|fieldofbone|3|1
1|firiona|0|1
2|firiona|0|1
3|firiona|0|1
4|firiona|0|1
5|firiona|0|1
6|firiona|0|1
7|firiona|0|1
8|firiona|0|1
9|firiona|0|1
10|firiona|0|1
11|firiona|0|1
12|firiona|0|1
13|firiona|3|1
14|firiona|3|1
15|firiona|3|1
16|firiona|3|1
17|firiona|3|1
18|firiona|6|1
19|firiona|4|1
20|firiona|3|1
21|firiona|2|1
22|firiona|3|1
23|firiona|3|1
24|firiona|3|1
25|firiona|4|1
26|firiona|6|1
27|firiona|2|1
28|firiona|2|1
29|firiona|2|1
30|firiona|2|1
31|firiona|2|1
32|firiona|2|1
33|firiona|2|1
34|firiona|3|1
1|freporte|2|0
2|freporte|2|0
3|freporte|2|0
4|freporte|2|0
5|freporte|2|0
6|freporte|2|0
7|freporte|2|0
8|freporte|2|0
9|freporte|2|0
10|freporte|2|0
11|freporte|2|0
12|freporte|2|0
13|freporte|2|0
14|freporte|2|0
15|freporte|2|0
16|freporte|2|0
17|freporte|2|0
18|freporte|2|0
19|freporte|2|0
20|freporte|2|0
21|freporte|0|1
22|freporte|0|1
23|freporte|6|1
24|freporte|0|1
25|freporte|0|1
26|freporte|0|1
27|freporte|0|1
28|freporte|0|1
29|freporte|3|1
1|freportn|0|1
2|freportn|0|1
3|freportn|0|1
4|freportn|0|1
5|freportn|0|1
6|freportn|0|1
7|freportn|0|1
8|freportn|0|1
9|freportn|0|1
10|freportn|0|1
11|freportn|0|1
12|freportn|0|1
13|freportn|3|1
14|freportn|4|1
15|freportn|4|1
1|freportw|0|0
2|freportw|0|0
3|freportw|0|0
4|freportw|0|0
5|freportw|0|0
6|freportw|0|0
7|freportw|0|0
8|freportw|0|0
9|freportw|0|0
10|freportw|0|0
11|freportw|0|0
12|freportw|0|0
13|freportw|0|0
14|freportw|0|0
15|freportw|0|0
16|freportw|0|0
17|freportw|0|0
18|freportw|0|0
19|freportw|0|0
20|freportw|0|0
21|freportw|0|0
22|freportw|0|0
23|freportw|0|0
24|freportw|0|0
25|freportw|0|0
26|freportw|0|0
27|freportw|0|0
28|freportw|0|0
29|freportw|0|0
30|freportw|0|0
31|freportw|0|0
32|freportw|0|0
33|freportw|0|0
34|freportw|0|0
35|freportw|0|0
36|freportw|0|0
37|freportw|0|0
38|freportw|0|0
39|freportw|0|0
40|freportw|0|0
41|freportw|0|0
42|freportw|0|0
43|freportw|0|1
44|freportw|0|1
45|freportw|0|1
46|freportw|0|1
47|freportw|0|0
48|freportw|0|0
49|freportw|0|0
50|freportw|0|0
51|freportw|0|0
52|freportw|0|0
53|freportw|0|0
54|freportw|0|0
55|freportw|0|0
56|freportw|0|0
57|freportw|0|0
58|freportw|0|0
59|freportw|0|0
60|freportw|0|0
61|freportw|0|0
62|freportw|0|1
64|freportw|0|1
65|freportw|0|1
66|freportw|0|1
68|freportw|0|1
70|freportw|0|0
71|freportw|0|0
72|freportw|0|0
73|freportw|0|0
74|freportw|0|0
75|freportw|0|0
76|freportw|0|0
77|freportw|0|0
78|freportw|0|0
79|freportw|0|0
80|freportw|0|1
81|freportw|0|0
82|freportw|0|0
83|freportw|0|0
84|freportw|0|0
85|freportw|3|1
86|freportw|0|0
87|freportw|2|0
88|freportw|3|0
89|freportw|3|0
1|frontiermtns|2|2
2|frontiermtns|2|1
3|frontiermtns|3|1
4|frontiermtns|2|1
5|frontiermtns|3|1
6|frontiermtns|3|0
7|frontiermtns|3|1
8|frontiermtns|2|1
9|frontiermtns|3|1
10|frontiermtns|2|1
11|frontiermtns|3|1
12|frontiermtns|3|1
13|frontiermtns|2|1
14|frontiermtns|3|1
15|frontiermtns|3|1
16|frontiermtns|3|1
17|frontiermtns|2|0
18|frontiermtns|2|1
19|frontiermtns|2|0
20|frontiermtns|2|0
21|frontiermtns|3|1
22|frontiermtns|2|1
23|frontiermtns|2|1
24|frontiermtns|3|1
25|frontiermtns|3|1
26|frontiermtns|3|1
27|frontiermtns|2|2
28|frontiermtns|2|2
29|frontiermtns|2|2
30|frontiermtns|2|1
1|frozenshadow|0|1
2|frozenshadow|0|1
3|frozenshadow|0|1
4|frozenshadow|3|1
5|frozenshadow|0|1
6|frozenshadow|3|1
7|frozenshadow|3|1
8|frozenshadow|3|1
9|frozenshadow|3|1
10|frozenshadow|3|1
11|frozenshadow|3|1
12|frozenshadow|3|1
13|frozenshadow|3|1
14|frozenshadow|3|1
15|frozenshadow|3|1
16|frozenshadow|3|1
17|frozenshadow|3|1
18|frozenshadow|3|1
19|frozenshadow|3|1
20|frozenshadow|3|1
21|frozenshadow|3|1
22|frozenshadow|3|1
23|frozenshadow|3|1
24|frozenshadow|0|1
25|frozenshadow|0|1
1|fungusgrove|2|1
2|fungusgrove|3|1
3|fungusgrove|2|1
4|fungusgrove|3|1
5|fungusgrove|3|1
6|fungusgrove|3|1
7|fungusgrove|3|1
8|fungusgrove|3|1
9|fungusgrove|6|1
10|fungusgrove|6|1
11|fungusgrove|6|1
12|fungusgrove|6|1
13|fungusgrove|6|1
14|fungusgrove|6|1
15|fungusgrove|6|1
16|fungusgrove|6|1
17|fungusgrove|6|1
1|gfaydark|0|1
2|gfaydark|0|0
3|gfaydark|3|1
4|gfaydark|3|1
5|gfaydark|0|0
6|gfaydark|0|0
7|gfaydark|3|1
8|gfaydark|4|1
9|gfaydark|4|1
10|gfaydark|0|1
11|gfaydark|0|1
12|gfaydark|0|1
13|gfaydark|0|1
14|gfaydark|0|1
15|gfaydark|0|1
16|gfaydark|0|1
17|gfaydark|0|1
18|gfaydark|0|1
19|gfaydark|0|1
20|gfaydark|0|1
21|gfaydark|0|1
22|gfaydark|0|1
23|gfaydark|0|1
24|gfaydark|0|1
25|gfaydark|0|1
26|gfaydark|0|1
27|gfaydark|0|1
28|gfaydark|0|1
29|gfaydark|0|0
30|gfaydark|0|1
31|gfaydark|0|1
32|gfaydark|2|1
33|gfaydark|4|1
34|gfaydark|2|1
35|gfaydark|0|1
36|gfaydark|0|1
37|gfaydark|0|1
38|gfaydark|0|1
1|greatdivide|2|1
2|greatdivide|2|1
3|greatdivide|2|1
4|greatdivide|2|1
5|greatdivide|2|1
6|greatdivide|3|1
7|greatdivide|3|1
8|greatdivide|0|1
9|greatdivide|0|1
10|greatdivide|0|1
11|greatdivide|0|1
12|greatdivide|3|1
13|greatdivide|0|1
14|greatdivide|3|1
15|greatdivide|3|1
16|greatdivide|3|1
17|greatdivide|3|1
18|greatdivide|3|1
19|greatdivide|3|1
20|greatdivide|3|1
21|greatdivide|3|1
22|greatdivide|3|1
23|greatdivide|3|1
24|greatdivide|3|1
25|greatdivide|0|1
26|greatdivide|3|1
27|greatdivide|3|1
28|greatdivide|3|1
29|greatdivide|3|1
30|greatdivide|3|1
31|greatdivide|3|1
32|greatdivide|3|1
33|greatdivide|0|1
34|greatdivide|3|1
35|greatdivide|3|1
36|greatdivide|3|1
37|greatdivide|3|1
38|greatdivide|3|1
39|greatdivide|3|1
40|greatdivide|3|1
41|greatdivide|0|1
42|greatdivide|3|1
43|greatdivide|3|1
44|greatdivide|3|1
45|greatdivide|3|1
46|greatdivide|3|1
47|greatdivide|3|1
48|greatdivide|3|1
49|greatdivide|3|1
50|greatdivide|3|1
51|greatdivide|3|1
52|greatdivide|3|1
53|greatdivide|3|1
54|greatdivide|0|1
55|greatdivide|6|1
56|greatdivide|0|1
57|greatdivide|6|1
58|greatdivide|6|1
59|greatdivide|6|1
60|greatdivide|6|1
61|greatdivide|6|1
62|greatdivide|6|1
63|greatdivide|6|1
64|greatdivide|6|1
65|greatdivide|6|1
66|greatdivide|6|1
67|greatdivide|6|1
68|greatdivide|6|1
69|greatdivide|6|1
70|greatdivide|6|1
71|greatdivide|6|1
72|greatdivide|6|1
73|greatdivide|6|1
74|greatdivide|6|1
75|greatdivide|6|1
76|greatdivide|6|1
77|greatdivide|6|1
78|greatdivide|6|1
79|greatdivide|6|1
80|greatdivide|6|1
81|greatdivide|6|1
82|greatdivide|6|1
83|greatdivide|6|1
84|greatdivide|6|1
85|greatdivide|6|1
86|greatdivide|6|1
87|greatdivide|6|1
88|greatdivide|6|1
89|greatdivide|6|1
90|greatdivide|6|1
91|greatdivide|6|1
92|greatdivide|6|1
93|greatdivide|6|1
94|greatdivide|6|1
95|greatdivide|6|1
96|greatdivide|6|1
97|greatdivide|6|1
98|greatdivide|6|1
99|greatdivide|6|1
100|greatdivide|6|1
101|greatdivide|6|1
102|greatdivide|6|1
103|greatdivide|6|1
104|greatdivide|6|1
1|griegsend|0|1
2|griegsend|3|1
3|griegsend|3|1
4|griegsend|3|1
5|griegsend|2|1
6|griegsend|2|1
7|griegsend|3|1
8|griegsend|3|1
9|griegsend|2|1
10|griegsend|3|1
11|griegsend|3|1
12|griegsend|3|1
13|griegsend|2|1
14|griegsend|2|1
15|griegsend|2|1
16|griegsend|2|1
17|griegsend|2|1
18|griegsend|3|1
19|griegsend|2|1
20|griegsend|2|1
21|griegsend|2|1
22|griegsend|3|1
23|griegsend|3|1
24|griegsend|2|1
25|griegsend|3|1
26|griegsend|0|1
27|griegsend|3|0
28|griegsend|3|1
29|griegsend|3|2
30|griegsend|3|0
31|griegsend|0|1
32|griegsend|0|1
33|griegsend|2|1
34|griegsend|0|1
35|griegsend|3|1
36|griegsend|3|1
37|griegsend|2|1
38|griegsend|2|1
39|griegsend|2|1
40|griegsend|0|1
41|griegsend|0|1
42|griegsend|2|1
43|griegsend|2|1
44|griegsend|2|1
45|griegsend|2|1
46|griegsend|2|1
47|griegsend|2|1
48|griegsend|2|1
49|griegsend|2|1
1|grimling|2|1
2|grimling|2|1
3|grimling|2|1
4|grimling|2|1
5|grimling|3|1
6|grimling|3|1
7|grimling|7|1
8|grimling|7|1
9|grimling|7|1
10|grimling|7|1
11|grimling|3|1
12|grimling|2|1
13|grimling|6|1
14|grimling|6|1
15|grimling|6|1
16|grimling|6|1
17|grimling|6|1
18|grimling|6|1
19|grimling|6|1
20|grimling|6|1
21|grimling|6|1
22|grimling|6|1
23|grimling|6|1
24|grimling|6|1
25|grimling|6|1
26|grimling|6|1
27|grimling|6|1
28|grimling|6|1
29|grimling|6|1
30|grimling|6|1
31|grimling|6|1
32|grimling|6|1
33|grimling|6|1
34|grimling|6|1
35|grimling|6|1
36|grimling|6|1
37|grimling|6|1
38|grimling|6|1
39|grimling|6|1
40|grimling|6|1
41|grimling|6|1
42|grimling|3|1
43|grimling|0|1
44|grimling|2|1
45|grimling|2|1
1|grobb|0|0
2|grobb|0|0
3|grobb|0|0
4|grobb|0|0
5|grobb|0|0
6|grobb|0|0
7|grobb|0|0
8|grobb|0|0
9|grobb|0|0
10|grobb|0|0
11|grobb|0|1
12|grobb|0|1
13|grobb|0|1
14|grobb|0|1
15|grobb|0|1
1|growthplane|2|1
2|growthplane|2|1
3|growthplane|2|1
4|growthplane|2|1
5|growthplane|2|1
6|growthplane|2|1
7|growthplane|2|1
8|growthplane|2|1
9|growthplane|2|1
10|growthplane|2|1
11|growthplane|2|1
12|growthplane|0|1
13|growthplane|0|1
14|growthplane|0|1
15|growthplane|0|1
16|growthplane|0|1
17|growthplane|0|1
18|growthplane|0|1
19|growthplane|3|1
20|growthplane|0|1
21|growthplane|0|1
22|growthplane|0|1
23|growthplane|0|1
24|growthplane|0|1
25|growthplane|0|1
26|growthplane|0|1
27|growthplane|0|1
28|growthplane|0|1
29|growthplane|0|1
30|growthplane|0|1
1|gukbottom|3|0
2|gukbottom|3|0
3|gukbottom|3|0
4|gukbottom|3|0
5|gukbottom|3|1
6|gukbottom|3|0
7|gukbottom|3|1
8|gukbottom|3|0
9|gukbottom|3|1
10|gukbottom|3|1
11|gukbottom|3|1
12|gukbottom|3|1
13|gukbottom|3|0
14|gukbottom|3|1
15|gukbottom|0|0
16|gukbottom|3|1
17|gukbottom|3|1
18|gukbottom|3|1
19|gukbottom|3|1
20|gukbottom|0|0
21|gukbottom|3|1
22|gukbottom|3|1
23|gukbottom|3|1
24|gukbottom|3|0
25|gukbottom|3|1
26|gukbottom|3|1
27|gukbottom|0|0
28|gukbottom|3|1
29|gukbottom|3|1
30|gukbottom|3|1
31|gukbottom|3|1
32|gukbottom|3|1
33|gukbottom|3|1
34|gukbottom|3|1
35|gukbottom|3|1
36|gukbottom|3|1
37|gukbottom|3|1
38|gukbottom|3|1
39|gukbottom|3|1
40|gukbottom|3|1
41|gukbottom|3|1
42|gukbottom|3|1
43|gukbottom|3|1
44|gukbottom|2|1
45|gukbottom|3|1
46|gukbottom|3|1
47|gukbottom|3|1
48|gukbottom|3|1
49|gukbottom|2|0
50|gukbottom|3|1
51|gukbottom|3|1
53|gukbottom|3|1
54|gukbottom|3|1
55|gukbottom|3|1
56|gukbottom|3|1
57|gukbottom|3|1
58|gukbottom|3|1
59|gukbottom|3|1
60|gukbottom|3|1
1|guktop|0|1
2|guktop|0|0
3|guktop|3|1
4|guktop|0|1
5|guktop|3|1
6|guktop|2|0
7|guktop|3|1
8|guktop|2|0
9|guktop|3|1
10|guktop|3|1
11|guktop|3|1
12|guktop|0|1
13|guktop|3|1
14|guktop|2|0
15|guktop|3|1
16|guktop|3|1
17|guktop|3|1
18|guktop|3|0
19|guktop|2|1
21|guktop|3|0
22|guktop|3|1
23|guktop|0|1
24|guktop|3|1
25|guktop|3|0
26|guktop|3|0
27|guktop|0|1
28|guktop|0|1
29|guktop|3|0
30|guktop|3|0
31|guktop|3|0
32|guktop|3|0
33|guktop|3|0
34|guktop|0|0
35|guktop|3|0
36|guktop|3|0
37|guktop|3|0
38|guktop|3|0
39|guktop|3|0
40|guktop|3|0
41|guktop|3|0
42|guktop|3|0
43|guktop|3|0
2|halas|0|0
3|halas|0|1
4|halas|0|1
5|halas|0|1
6|halas|0|1
17|halas|0|1
1|hateplane|0|0
2|hateplane|0|1
3|hateplane|0|1
4|hateplane|0|1
5|hateplane|0|1
6|hateplane|0|1
7|hateplane|0|1
8|hateplane|0|1
9|hateplane|0|1
10|hateplane|0|0
11|hateplane|0|1
12|hateplane|0|1
13|hateplane|0|0
14|hateplane|0|1
15|hateplane|0|1
16|hateplane|0|1
17|hateplane|0|1
18|hateplane|0|1
19|hateplane|0|1
20|hateplane|0|1
21|hateplane|0|1
22|hateplane|0|1
23|hateplane|0|1
24|hateplane|0|1
25|hateplane|0|1
26|hateplane|0|1
27|hateplane|0|1
28|hateplane|0|1
29|hateplane|0|1
30|hateplane|0|1
31|hateplane|0|1
32|hateplane|0|1
33|hateplane|0|1
34|hateplane|0|1
35|hateplane|0|1
36|hateplane|0|1
37|hateplane|0|1
38|hateplane|0|1
39|hateplane|0|1
40|hateplane|0|1
41|hateplane|0|1
42|hateplane|0|1
43|hateplane|0|1
44|hateplane|0|1
45|hateplane|0|1
46|hateplane|0|1
47|hateplane|0|1
48|hateplane|0|0
49|hateplane|0|0
50|hateplane|0|0
51|hateplane|0|0
52|hateplane|0|0
53|hateplane|0|0
54|hateplane|0|0
55|hateplane|0|0
56|hateplane|0|0
57|hateplane|0|0
58|hateplane|0|0
59|hateplane|0|0
60|hateplane|0|0
61|hateplane|0|0
62|hateplane|0|0
63|hateplane|0|0
64|hateplane|0|0
65|hateplane|0|0
66|hateplane|0|0
67|hateplane|0|0
68|hateplane|0|0
69|hateplane|0|0
70|hateplane|0|0
71|hateplane|0|0
72|hateplane|0|0
73|hateplane|0|0
74|hateplane|0|0
75|hateplane|0|0
76|hateplane|0|0
77|hateplane|0|0
78|hateplane|0|0
79|hateplane|0|0
80|hateplane|0|0
81|hateplane|0|0
82|hateplane|0|0
83|hateplane|0|0
84|hateplane|0|0
85|hateplane|0|0
86|hateplane|0|0
87|hateplane|0|0
88|hateplane|0|0
89|hateplane|0|0
90|hateplane|0|0
91|hateplane|0|0
92|hateplane|0|0
93|hateplane|0|0
94|hateplane|0|0
95|hateplane|0|0
96|hateplane|0|0
97|hateplane|0|0
98|hateplane|0|0
99|hateplane|0|0
100|hateplane|0|0
101|hateplane|0|0
102|hateplane|8|1
1|highkeep|0|1
2|highkeep|0|1
3|highkeep|0|1
4|highkeep|0|1
5|highkeep|0|1
6|highkeep|0|1
7|highkeep|0|1
8|highkeep|0|1
9|highkeep|0|1
1|highpass|3|1
2|highpass|3|1
3|highpass|0|0
4|highpass|3|1
5|highpass|0|1
6|highpass|0|1
7|highpass|0|1
8|highpass|0|1
9|highpass|3|1
10|highpass|3|1
11|highpass|3|1
12|highpass|3|1
13|highpass|3|1
14|highpass|4|1
15|highpass|4|2
16|highpass|0|0
17|highpass|0|0
18|highpass|0|0
19|highpass|3|1
20|highpass|4|2
21|highpass|4|2
22|highpass|4|2
23|highpass|4|2
1|hohonora|0|1
2|hohonora|0|1
3|hohonora|0|1
4|hohonora|0|1
5|hohonora|9|1
1|hohonorb|0|1
1|hole|3|1
2|hole|3|1
3|hole|2|1
4|hole|3|1
5|hole|2|1
6|hole|3|1
7|hole|3|1
8|hole|3|1
9|hole|3|1
10|hole|3|1
11|hole|3|1
12|hole|3|1
13|hole|3|1
14|hole|3|1
15|hole|3|1
16|hole|3|1
17|hole|3|1
18|hole|3|1
19|hole|3|1
20|hole|3|1
21|hole|3|1
22|hole|3|1
23|hole|3|1
24|hole|3|1
25|hole|2|1
26|hole|3|1
27|hole|3|1
28|hole|3|1
29|hole|3|1
30|hole|3|1
31|hole|3|1
32|hole|3|1
33|hole|3|1
34|hole|3|1
35|hole|3|1
36|hole|3|1
37|hole|3|1
38|hole|3|1
39|hole|3|1
40|hole|2|1
41|hole|3|1
42|hole|3|1
43|hole|3|1
44|hole|3|1
45|hole|3|1
46|hole|3|1
47|hole|3|1
48|hole|2|1
49|hole|3|1
50|hole|2|1
51|hole|3|1
52|hole|3|1
1|hollowshade|2|1
2|hollowshade|2|1
3|hollowshade|2|1
4|hollowshade|2|1
5|hollowshade|2|1
6|hollowshade|2|1
7|hollowshade|2|1
8|hollowshade|2|1
9|hollowshade|0|1
10|hollowshade|0|1
11|hollowshade|0|1
12|hollowshade|0|1
13|hollowshade|0|1
14|hollowshade|0|1
15|hollowshade|0|1
16|hollowshade|0|1
17|hollowshade|0|1
18|hollowshade|0|1
19|hollowshade|0|1
20|hollowshade|0|1
21|hollowshade|0|1
22|hollowshade|0|1
23|hollowshade|0|1
24|hollowshade|0|1
25|hollowshade|0|1
26|hollowshade|0|1
27|hollowshade|0|1
28|hollowshade|0|1
29|hollowshade|0|1
30|hollowshade|0|1
31|hollowshade|0|1
32|hollowshade|0|1
33|hollowshade|0|1
34|hollowshade|0|1
35|hollowshade|0|1
36|hollowshade|0|1
37|hollowshade|0|1
38|hollowshade|0|1
39|hollowshade|0|1
40|hollowshade|0|1
41|hollowshade|0|1
42|hollowshade|0|1
43|hollowshade|0|1
44|hollowshade|0|1
45|hollowshade|0|1
46|hollowshade|0|1
47|hollowshade|0|1
48|hollowshade|0|1
49|hollowshade|0|1
50|hollowshade|0|1
51|hollowshade|0|1
52|hollowshade|0|1
53|hollowshade|3|1
54|hollowshade|3|1
55|hollowshade|3|1
56|hollowshade|0|1
57|hollowshade|0|1
58|hollowshade|0|1
59|hollowshade|0|1
60|hollowshade|0|1
61|hollowshade|0|1
62|hollowshade|0|1
63|hollowshade|0|1
64|hollowshade|0|1
65|hollowshade|0|1
66|hollowshade|0|1
67|hollowshade|0|1
68|hollowshade|0|1
69|hollowshade|0|1
70|hollowshade|2|1
71|hollowshade|6|1
72|hollowshade|6|1
73|hollowshade|6|1
74|hollowshade|6|1
75|hollowshade|6|1
76|hollowshade|6|1
77|hollowshade|6|1
78|hollowshade|6|1
79|hollowshade|6|1
80|hollowshade|6|1
81|hollowshade|6|1
82|hollowshade|6|1
1|iceclad|0|1
2|iceclad|6|1
3|iceclad|2|1
4|iceclad|2|1
5|iceclad|2|1
6|iceclad|0|1
7|iceclad|3|1
8|iceclad|3|1
9|iceclad|0|1
10|iceclad|0|1
11|iceclad|3|1
12|iceclad|0|1
13|iceclad|3|1
14|iceclad|3|1
15|iceclad|3|1
16|iceclad|3|1
17|iceclad|3|1
18|iceclad|3|1
19|iceclad|3|1
20|iceclad|3|1
21|iceclad|3|1
22|iceclad|3|1
23|iceclad|3|1
24|iceclad|3|1
25|iceclad|3|1
26|iceclad|3|1
27|iceclad|3|1
28|iceclad|3|1
29|iceclad|3|1
30|iceclad|3|1
31|iceclad|3|1
32|iceclad|3|1
33|iceclad|3|1
34|iceclad|3|1
35|iceclad|3|1
36|iceclad|3|1
37|iceclad|3|1
38|iceclad|3|1
39|iceclad|3|1
40|iceclad|3|1
41|iceclad|3|1
42|iceclad|3|1
43|iceclad|3|1
44|iceclad|3|1
45|iceclad|3|1
46|iceclad|0|1
48|iceclad|3|1
49|iceclad|3|1
50|iceclad|3|1
51|iceclad|3|1
52|iceclad|3|1
53|iceclad|3|1
54|iceclad|3|1
55|iceclad|3|1
56|iceclad|3|1
57|iceclad|3|1
58|iceclad|3|1
59|iceclad|3|1
60|iceclad|3|1
61|iceclad|3|1
62|iceclad|3|1
63|iceclad|0|1
64|iceclad|6|1
1|innothule|0|0
2|innothule|0|0
3|innothule|4|0
4|innothule|4|0
5|innothule|4|0
6|innothule|4|1
1|jaggedpine|3|1
2|jaggedpine|3|1
3|jaggedpine|3|1
4|jaggedpine|3|1
5|jaggedpine|3|1
6|jaggedpine|3|1
7|jaggedpine|3|1
8|jaggedpine|2|1
9|jaggedpine|3|1
10|jaggedpine|3|1
11|jaggedpine|3|1
12|jaggedpine|3|1
13|jaggedpine|2|1
14|jaggedpine|3|1
15|jaggedpine|3|1
16|jaggedpine|3|1
17|jaggedpine|3|1
18|jaggedpine|3|1
19|jaggedpine|3|1
20|jaggedpine|3|1
21|jaggedpine|3|1
22|jaggedpine|2|1
23|jaggedpine|3|1
24|jaggedpine|4|1
25|jaggedpine|3|1
26|jaggedpine|3|1
27|jaggedpine|3|1
28|jaggedpine|3|1
29|jaggedpine|3|1
30|jaggedpine|3|1
31|jaggedpine|3|1
32|jaggedpine|3|1
33|jaggedpine|3|1
34|jaggedpine|2|1
35|jaggedpine|2|1
36|jaggedpine|2|1
37|jaggedpine|2|1
38|jaggedpine|2|1
39|jaggedpine|2|1
40|jaggedpine|2|1
41|jaggedpine|4|1
42|jaggedpine|4|1
43|jaggedpine|0|1
44|jaggedpine|0|1
45|jaggedpine|0|1
46|jaggedpine|0|1
1|kael|3|1
2|kael|3|1
3|kael|3|1
4|kael|0|1
5|kael|3|1
6|kael|3|1
7|kael|0|1
8|kael|3|1
9|kael|3|1
10|kael|0|1
11|kael|3|1
12|kael|3|1
13|kael|3|1
14|kael|3|1
15|kael|3|1
16|kael|3|1
17|kael|3|1
18|kael|3|1
19|kael|0|1
20|kael|3|1
21|kael|3|1
22|kael|0|1
23|kael|3|1
24|kael|0|1
25|kael|4|1
26|kael|3|1
27|kael|0|1
28|kael|6|1
29|kael|6|1
30|kael|6|1
1|kaesora|3|1
2|kaesora|3|1
3|kaesora|2|1
4|kaesora|9|1
5|kaesora|3|1
6|kaesora|3|1
7|kaesora|3|1
8|kaesora|3|1
9|kaesora|3|1
10|kaesora|3|1
11|kaesora|3|1
12|kaesora|3|1
13|kaesora|9|1
14|kaesora|9|1
15|kaesora|3|1
16|kaesora|3|1
17|kaesora|3|1
18|kaesora|3|1
19|kaesora|3|1
20|kaesora|3|1
21|kaesora|3|1
22|kaesora|2|1
23|kaesora|2|1
24|kaesora|3|1
25|kaesora|3|1
26|kaesora|3|1
27|kaesora|3|1
28|kaesora|2|1
29|kaesora|3|1
30|kaesora|3|1
31|kaesora|3|1
32|kaesora|2|1
33|kaesora|3|1
34|kaesora|2|1
35|kaesora|3|1
36|kaesora|3|1
37|kaesora|3|1
38|kaesora|3|1
39|kaesora|3|1
40|kaesora|3|1
41|kaesora|0|1
42|kaesora|3|1
43|kaesora|3|1
44|kaesora|3|1
45|kaesora|3|1
1|kaladima|0|1
2|kaladima|0|1
3|kaladima|0|1
4|kaladima|0|1
5|kaladima|0|0
6|kaladima|0|1
7|kaladima|0|1
8|kaladima|0|0
9|kaladima|0|1
10|kaladima|0|0
1|kaladimb|0|1
2|kaladimb|0|0
3|kaladimb|0|0
4|kaladimb|4|0
5|kaladimb|0|0
6|kaladimb|0|0
7|kaladimb|0|0
8|kaladimb|0|0
9|kaladimb|0|0
10|kaladimb|0|0
11|kaladimb|0|0
12|kaladimb|0|1
13|kaladimb|0|1
14|kaladimb|0|1
15|kaladimb|0|1
16|kaladimb|0|1
17|kaladimb|0|1
18|kaladimb|0|1
19|kaladimb|0|1
20|kaladimb|0|1
1|karnor|3|1
2|karnor|3|1
3|karnor|3|1
4|karnor|3|1
5|karnor|3|1
6|karnor|3|1
7|karnor|3|1
8|karnor|3|1
9|karnor|3|1
10|karnor|3|1
11|karnor|3|1
12|karnor|3|1
13|karnor|3|1
14|karnor|3|1
15|karnor|3|1
16|karnor|3|1
17|karnor|3|1
18|karnor|3|1
19|karnor|3|1
20|karnor|3|1
21|karnor|3|1
22|karnor|3|1
23|karnor|0|0
1|katta|3|1
2|katta|0|1
3|katta|0|1
4|katta|3|1
5|katta|0|1
6|katta|0|1
7|katta|3|1
8|katta|3|1
9|katta|3|1
10|katta|3|1
11|katta|0|1
12|katta|3|1
13|katta|0|1
14|katta|0|1
15|katta|0|1
16|katta|0|1
17|katta|0|1
18|katta|0|1
19|katta|0|1
20|katta|3|1
21|katta|3|1
22|katta|0|1
23|katta|4|1
24|katta|4|1
25|katta|6|1
26|katta|6|1
27|katta|6|1
28|katta|3|1
29|katta|3|1
30|katta|6|1
31|katta|6|1
32|katta|4|1
1|kedge|0|0
2|kedge|0|0
3|kedge|0|0
4|kedge|0|0
5|kedge|0|0
6|kedge|0|0
7|kedge|0|0
8|kedge|0|0
9|kedge|0|0
10|kedge|0|0
11|kedge|0|0
12|kedge|0|0
13|kedge|0|0
14|kedge|0|0
15|kedge|0|0
16|kedge|0|0
17|kedge|0|0
18|kedge|0|0
19|kedge|0|0
20|kedge|0|0
21|kedge|0|0
22|kedge|0|0
23|kedge|0|0
24|kedge|0|0
25|kedge|0|0
26|kedge|0|0
27|kedge|0|0
28|kedge|0|0
29|kedge|0|0
30|kedge|0|0
31|kedge|0|0
32|kedge|0|0
33|kedge|0|0
34|kedge|0|0
35|kedge|0|0
36|kedge|0|0
37|kedge|3|0
38|kedge|0|0
39|kedge|0|0
40|kedge|0|0
41|kedge|0|0
42|kedge|0|0
43|kedge|0|0
44|kedge|0|0
45|kedge|0|0
46|kedge|0|0
47|kedge|0|0
48|kedge|0|0
49|kedge|0|0
50|kedge|0|0
51|kedge|0|0
52|kedge|0|0
53|kedge|0|0
54|kedge|0|0
55|kedge|0|0
56|kedge|0|0
57|kedge|0|0
58|kedge|0|0
59|kedge|0|0
60|kedge|0|0
61|kedge|0|0
62|kedge|0|0
63|kedge|2|0
64|kedge|3|0
65|kedge|0|0
66|kedge|0|0
67|kedge|0|0
68|kedge|0|0
69|kedge|0|0
70|kedge|0|0
71|kedge|2|0
72|kedge|0|0
73|kedge|0|0
74|kedge|0|0
75|kedge|0|0
76|kedge|0|0
77|kedge|2|0
78|kedge|0|0
79|kedge|0|0
80|kedge|0|0
81|kedge|0|0
82|kedge|0|0
83|kedge|0|0
84|kedge|0|0
85|kedge|0|0
86|kedge|0|0
87|kedge|0|0
88|kedge|0|0
89|kedge|3|0
90|kedge|0|0
91|kedge|0|0
92|kedge|0|0
93|kedge|3|0
94|kedge|0|0
95|kedge|0|0
96|kedge|0|0
97|kedge|0|0
98|kedge|0|0
99|kedge|0|0
100|kedge|0|0
101|kedge|0|0
102|kedge|0|0
103|kedge|0|0
104|kedge|0|0
1|kerraridge|0|0
2|kerraridge|0|0
3|kerraridge|0|0
4|kerraridge|0|0
5|kerraridge|0|0
6|kerraridge|0|0
7|kerraridge|0|0
8|kerraridge|0|0
9|kerraridge|0|0
10|kerraridge|0|0
11|kerraridge|0|0
1|kithicor|0|0
2|kithicor|0|0
3|kithicor|0|0
4|kithicor|3|1
5|kithicor|3|1
6|kithicor|3|1
7|kithicor|0|1
8|kithicor|2|1
9|kithicor|0|1
10|kithicor|8|1
11|kithicor|2|1
12|kithicor|2|1
13|kithicor|0|1
14|kithicor|2|1
15|kithicor|2|1
16|kithicor|2|1
17|kithicor|2|1
1|kurn|3|1
2|kurn|3|1
3|kurn|3|1
4|kurn|3|1
5|kurn|2|1
6|kurn|2|1
7|kurn|2|1
8|kurn|2|1
9|kurn|2|1
10|kurn|2|1
11|kurn|3|1
12|kurn|3|1
13|kurn|3|1
14|kurn|3|1
15|kurn|3|1
16|kurn|3|1
17|kurn|3|1
18|kurn|3|1
19|kurn|3|1
20|kurn|2|1
21|kurn|3|1
22|kurn|3|1
23|kurn|3|1
24|kurn|2|1
25|kurn|2|1
26|kurn|3|1
27|kurn|3|1
28|kurn|2|1
29|kurn|3|1
30|kurn|3|1
31|kurn|3|1
32|kurn|3|1
33|kurn|3|1
34|kurn|3|1
35|kurn|3|1
36|kurn|3|1
37|kurn|3|1
38|kurn|3|1
39|kurn|3|1
40|kurn|3|1
41|kurn|3|1
42|kurn|3|1
43|kurn|2|1
44|kurn|3|1
45|kurn|3|1
46|kurn|3|1
47|kurn|3|1
48|kurn|3|1
49|kurn|2|1
50|kurn|2|1
51|kurn|3|1
52|kurn|3|1
53|kurn|3|1
54|kurn|3|1
55|kurn|3|1
56|kurn|3|1
57|kurn|2|1
58|kurn|3|1
59|kurn|3|1
60|kurn|2|1
61|kurn|3|1
62|kurn|3|1
63|kurn|3|1
64|kurn|3|1
65|kurn|3|1
66|kurn|3|1
67|kurn|3|1
68|kurn|2|1
69|kurn|2|1
70|kurn|2|1
71|kurn|3|1
72|kurn|3|1
73|kurn|3|1
74|kurn|2|1
75|kurn|3|1
76|kurn|3|1
77|kurn|3|1
78|kurn|2|1
79|kurn|3|1
80|kurn|3|1
81|kurn|3|1
82|kurn|3|1
83|kurn|2|1
84|kurn|2|1
85|kurn|3|0
1|lakeofillomen|0|1
2|lakeofillomen|0|1
3|lakeofillomen|0|0
4|lakeofillomen|3|1
5|lakeofillomen|3|1
6|lakeofillomen|3|0
7|lakeofillomen|3|0
8|lakeofillomen|3|0
9|lakeofillomen|3|0
10|lakeofillomen|3|0
11|lakeofillomen|3|0
12|lakeofillomen|3|0
13|lakeofillomen|2|0
14|lakeofillomen|3|0
15|lakeofillomen|3|0
16|lakeofillomen|3|0
17|lakeofillomen|3|0
18|lakeofillomen|3|0
19|lakeofillomen|3|0
20|lakeofillomen|3|0
21|lakeofillomen|3|0
22|lakeofillomen|3|0
23|lakeofillomen|3|0
24|lakeofillomen|3|0
25|lakeofillomen|3|0
26|lakeofillomen|3|0
27|lakeofillomen|3|0
28|lakeofillomen|3|0
29|lakeofillomen|3|0
30|lakeofillomen|3|0
31|lakeofillomen|3|0
32|lakeofillomen|3|0
33|lakeofillomen|3|0
34|lakeofillomen|3|0
35|lakeofillomen|3|0
36|lakeofillomen|3|1
37|lakeofillomen|3|1
38|lakeofillomen|3|1
39|lakeofillomen|3|1
40|lakeofillomen|3|1
41|lakeofillomen|3|1
42|lakeofillomen|3|1
43|lakeofillomen|3|1
44|lakeofillomen|3|1
45|lakeofillomen|3|1
46|lakeofillomen|2|1
47|lakeofillomen|3|1
48|lakeofillomen|3|1
49|lakeofillomen|3|1
50|lakeofillomen|3|1
51|lakeofillomen|3|1
52|lakeofillomen|3|1
53|lakeofillomen|3|1
54|lakeofillomen|3|1
55|lakeofillomen|3|1
56|lakeofillomen|3|1
57|lakeofillomen|3|1
58|lakeofillomen|3|1
59|lakeofillomen|3|1
60|lakeofillomen|3|1
61|lakeofillomen|3|1
62|lakeofillomen|2|1
63|lakeofillomen|3|1
64|lakeofillomen|3|1
65|lakeofillomen|2|1
66|lakeofillomen|3|1
67|lakeofillomen|3|1
68|lakeofillomen|3|1
69|lakeofillomen|3|1
70|lakeofillomen|3|1
71|lakeofillomen|3|1
72|lakeofillomen|2|1
73|lakeofillomen|2|1
74|lakeofillomen|3|1
75|lakeofillomen|3|1
76|lakeofillomen|3|1
77|lakeofillomen|3|1
78|lakeofillomen|4|1
79|lakeofillomen|4|1
80|lakeofillomen|3|1
1|lakerathe|0|0
2|lakerathe|0|0
3|lakerathe|0|0
4|lakerathe|0|0
5|lakerathe|0|0
6|lakerathe|0|0
7|lakerathe|0|0
8|lakerathe|0|0
9|lakerathe|0|0
10|lakerathe|0|0
11|lakerathe|0|0
12|lakerathe|0|0
13|lakerathe|0|0
14|lakerathe|0|0
15|lakerathe|0|0
16|lakerathe|0|0
17|lakerathe|0|0
18|lakerathe|0|0
19|lakerathe|0|0
20|lakerathe|0|0
21|lakerathe|0|0
22|lakerathe|0|0
23|lakerathe|0|0
24|lakerathe|0|0
25|lakerathe|0|0
26|lakerathe|0|0
27|lakerathe|0|0
28|lakerathe|0|0
29|lakerathe|0|0
30|lakerathe|0|1
31|lakerathe|0|1
32|lakerathe|6|1
33|lakerathe|0|1
34|lakerathe|0|2
1|lavastorm|0|1
2|lavastorm|0|1
3|lavastorm|0|1
4|lavastorm|0|1
5|lavastorm|0|1
6|lavastorm|0|1
7|lavastorm|0|1
8|lavastorm|0|1
9|lavastorm|0|1
10|lavastorm|0|1
11|lavastorm|0|1
12|lavastorm|0|1
13|lavastorm|0|1
14|lavastorm|0|1
15|lavastorm|0|1
16|lavastorm|0|1
17|lavastorm|0|1
18|lavastorm|0|1
19|lavastorm|0|1
20|lavastorm|0|1
21|lavastorm|0|1
22|lavastorm|0|1
23|lavastorm|0|1
24|lavastorm|0|1
25|lavastorm|0|1
26|lavastorm|0|1
27|lavastorm|0|1
28|lavastorm|0|1
29|lavastorm|0|1
30|lavastorm|0|1
31|lavastorm|0|1
32|lavastorm|0|1
33|lavastorm|0|1
34|lavastorm|0|1
35|lavastorm|0|1
36|lavastorm|0|1
37|lavastorm|0|1
38|lavastorm|0|1
39|lavastorm|0|1
40|lavastorm|0|1
41|lavastorm|0|1
42|lavastorm|0|1
43|lavastorm|0|1
44|lavastorm|0|1
45|lavastorm|0|1
46|lavastorm|0|1
47|lavastorm|0|1
48|lavastorm|0|1
49|lavastorm|0|1
50|lavastorm|0|1
51|lavastorm|0|1
52|lavastorm|0|1
53|lavastorm|0|1
54|lavastorm|0|1
55|lavastorm|0|1
56|lavastorm|0|1
57|lavastorm|0|1
58|lavastorm|0|1
59|lavastorm|0|1
60|lavastorm|0|1
61|lavastorm|0|1
62|lavastorm|0|1
63|lavastorm|0|1
64|lavastorm|0|1
65|lavastorm|0|1
66|lavastorm|0|1
67|lavastorm|0|1
68|lavastorm|0|1
69|lavastorm|0|1
70|lavastorm|0|1
71|lavastorm|0|1
72|lavastorm|0|1
73|lavastorm|0|1
74|lavastorm|0|1
75|lavastorm|0|1
76|lavastorm|0|1
77|lavastorm|0|1
78|lavastorm|0|1
79|lavastorm|0|1
80|lavastorm|0|0
81|lavastorm|0|0
82|lavastorm|4|1
83|lavastorm|0|1
84|lavastorm|4|0
85|lavastorm|3|0
1|letalis|2|1
2|letalis|2|1
3|letalis|3|1
4|letalis|3|1
5|letalis|3|1
6|letalis|3|1
7|letalis|3|1
8|letalis|2|1
9|letalis|7|1
10|letalis|2|1
11|letalis|7|1
12|letalis|2|1
13|letalis|3|1
14|letalis|3|1
15|letalis|3|1
16|letalis|3|1
17|letalis|3|1
18|letalis|3|1
19|letalis|3|1
20|letalis|3|1
21|letalis|3|1
22|letalis|3|1
23|letalis|2|1
24|letalis|7|1
25|letalis|7|1
26|letalis|2|1
27|letalis|2|1
28|letalis|3|1
29|letalis|3|1
30|letalis|3|1
31|letalis|3|1
32|letalis|3|1
33|letalis|3|1
34|letalis|3|1
35|letalis|3|1
36|letalis|3|1
1|lfaydark|0|0
2|lfaydark|0|0
3|lfaydark|0|0
4|lfaydark|0|0
5|lfaydark|2|0
6|lfaydark|0|0
7|lfaydark|2|0
8|lfaydark|2|0
9|lfaydark|2|0
10|lfaydark|2|0
11|lfaydark|2|0
12|lfaydark|2|0
13|lfaydark|2|0
14|lfaydark|2|0
15|lfaydark|2|0
16|lfaydark|2|0
17|lfaydark|2|0
18|lfaydark|2|0
19|lfaydark|2|0
20|lfaydark|2|0
21|lfaydark|0|0
22|lfaydark|0|0
23|lfaydark|0|0
24|lfaydark|0|0
25|lfaydark|0|0
26|lfaydark|0|0
27|lfaydark|2|0
28|lfaydark|2|0
29|lfaydark|2|0
30|lfaydark|2|0
31|lfaydark|2|0
32|lfaydark|2|0
33|lfaydark|0|0
34|lfaydark|0|1
35|lfaydark|0|1
36|lfaydark|0|1
37|lfaydark|4|1
38|lfaydark|0|1
39|lfaydark|2|0
40|lfaydark|3|1
41|lfaydark|2|0
42|lfaydark|2|0
43|lfaydark|2|0
45|lfaydark|2|0
46|lfaydark|2|0
1|maiden|2|1
2|maiden|8|1
3|maiden|3|1
4|maiden|3|1
5|maiden|3|1
6|maiden|3|1
7|maiden|3|1
8|maiden|0|1
9|maiden|3|1
10|maiden|3|1
11|maiden|3|1
12|maiden|3|1
13|maiden|3|1
14|maiden|3|1
15|maiden|8|1
16|maiden|8|1
17|maiden|8|1
18|maiden|8|1
19|maiden|8|1
20|maiden|0|1
21|maiden|0|1
22|maiden|0|1
23|maiden|0|1
24|maiden|0|1
25|maiden|2|1
26|maiden|0|1
27|maiden|0|1
1|mischiefplane|0|1
2|mischiefplane|3|1
3|mischiefplane|3|1
4|mischiefplane|0|1
5|mischiefplane|0|1
6|mischiefplane|6|1
7|mischiefplane|6|1
8|mischiefplane|6|1
9|mischiefplane|6|1
10|mischiefplane|6|1
11|mischiefplane|6|1
12|mischiefplane|6|1
13|mischiefplane|6|1
14|mischiefplane|6|1
15|mischiefplane|6|1
16|mischiefplane|6|1
17|mischiefplane|6|1
18|mischiefplane|6|1
19|mischiefplane|6|1
20|mischiefplane|6|1
21|mischiefplane|6|1
22|mischiefplane|6|1
23|mischiefplane|6|1
24|mischiefplane|6|1
25|mischiefplane|6|1
26|mischiefplane|6|1
27|mischiefplane|9|1
28|mischiefplane|9|1
29|mischiefplane|9|1
30|mischiefplane|9|1
31|mischiefplane|9|1
32|mischiefplane|9|1
33|mischiefplane|9|1
34|mischiefplane|9|1
35|mischiefplane|9|1
36|mischiefplane|9|1
37|mischiefplane|9|1
38|mischiefplane|9|1
39|mischiefplane|9|1
40|mischiefplane|9|1
41|mischiefplane|9|1
42|mischiefplane|9|1
43|mischiefplane|9|1
44|mischiefplane|9|1
45|mischiefplane|9|1
46|mischiefplane|9|1
47|mischiefplane|9|1
1|mistmoore|3|1
2|mistmoore|0|1
3|mistmoore|0|1
4|mistmoore|0|1
5|mistmoore|0|1
6|mistmoore|0|1
7|mistmoore|0|1
8|mistmoore|0|1
9|mistmoore|0|1
10|mistmoore|3|1
11|mistmoore|0|1
12|mistmoore|0|1
13|mistmoore|2|1
14|mistmoore|0|1
15|mistmoore|3|1
16|mistmoore|3|1
17|mistmoore|3|1
1|misty|0|0
2|misty|3|1
3|misty|0|1
4|misty|0|0
5|misty|0|0
6|misty|0|0
7|misty|0|0
8|misty|0|0
1|mseru|2|1
2|mseru|2|1
3|mseru|2|1
4|mseru|0|2
5|mseru|0|1
6|mseru|0|1
7|mseru|3|1
8|mseru|2|1
9|mseru|0|1
10|mseru|0|1
11|mseru|0|1
12|mseru|0|1
13|mseru|0|1
14|mseru|0|1
1|najena|0|0
2|najena|0|0
3|najena|0|0
6|najena|0|0
7|najena|0|0
8|najena|0|0
9|najena|0|0
10|najena|0|0
11|najena|0|0
12|najena|0|0
13|najena|0|0
14|najena|0|0
15|najena|0|0
16|najena|0|0
17|najena|0|0
18|najena|0|0
1|necropolis|4|1
2|necropolis|4|1
3|necropolis|4|1
4|necropolis|4|1
5|necropolis|4|1
6|necropolis|4|1
7|necropolis|4|1
8|necropolis|4|1
9|necropolis|0|1
10|necropolis|0|1
11|necropolis|0|1
12|necropolis|0|1
13|necropolis|0|1
14|necropolis|3|1
15|necropolis|0|1
16|necropolis|3|0
17|necropolis|3|1
18|necropolis|3|1
19|necropolis|3|1
20|necropolis|3|1
21|necropolis|0|1
22|necropolis|3|1
23|necropolis|3|1
24|necropolis|0|1
25|necropolis|0|1
26|necropolis|0|1
27|necropolis|3|1
28|necropolis|3|1
29|necropolis|3|1
30|necropolis|3|1
31|necropolis|3|1
32|necropolis|3|1
33|necropolis|3|1
34|necropolis|3|1
35|necropolis|3|1
36|necropolis|3|1
37|necropolis|3|1
38|necropolis|3|1
39|necropolis|3|1
40|necropolis|3|1
41|necropolis|3|1
42|necropolis|3|1
43|necropolis|0|1
44|necropolis|3|1
45|necropolis|3|1
46|necropolis|3|1
10|nektropos|3|0
1|neriaka|0|1
2|neriaka|0|0
3|neriaka|0|0
4|neriaka|0|0
5|neriaka|0|0
6|neriaka|0|0
7|neriaka|0|0
8|neriaka|0|0
9|neriaka|0|0
10|neriaka|0|0
11|neriaka|0|0
12|neriaka|0|0
13|neriaka|0|0
14|neriaka|0|0
15|neriaka|0|0
16|neriaka|0|0
17|neriaka|0|1
18|neriaka|0|1
19|neriaka|0|1
20|neriaka|0|0
21|neriaka|0|1
22|neriaka|0|0
23|neriaka|0|1
24|neriaka|0|1
25|neriaka|0|1
26|neriaka|0|0
1|neriakb|0|0
2|neriakb|0|0
3|neriakb|0|0
4|neriakb|0|0
5|neriakb|0|0
6|neriakb|0|0
7|neriakb|0|0
8|neriakb|0|0
9|neriakb|0|0
10|neriakb|0|0
11|neriakb|0|0
12|neriakb|0|0
13|neriakb|0|0
14|neriakb|0|0
15|neriakb|0|0
16|neriakb|0|0
17|neriakb|0|0
18|neriakb|0|0
19|neriakb|0|0
20|neriakb|0|1
21|neriakb|0|1
22|neriakb|0|0
23|neriakb|0|0
24|neriakb|0|0
25|neriakb|0|0
26|neriakb|0|0
27|neriakb|0|0
28|neriakb|0|0
29|neriakb|0|0
30|neriakb|0|0
31|neriakb|0|1
32|neriakb|3|1
33|neriakb|0|0
34|neriakb|0|1
35|neriakb|3|1
36|neriakb|3|1
37|neriakb|0|1
1|neriakc|0|1
2|neriakc|0|0
3|neriakc|0|0
4|neriakc|0|0
5|neriakc|0|0
6|neriakc|0|0
7|neriakc|0|0
8|neriakc|0|0
9|neriakc|0|0
10|neriakc|0|0
11|neriakc|0|0
12|neriakc|0|0
13|neriakc|0|0
14|neriakc|0|0
15|neriakc|0|0
16|neriakc|0|1
17|neriakc|0|1
18|neriakc|0|1
19|neriakc|0|1
20|neriakc|0|1
21|neriakc|0|1
22|neriakc|0|1
23|neriakc|0|1
24|neriakc|0|1
25|neriakc|0|1
26|neriakc|0|1
27|neriakc|0|1
28|neriakc|0|1
29|neriakc|0|1
30|neriakc|0|1
31|neriakc|0|1
32|neriakc|4|1
1|netherbian|2|1
2|netherbian|2|1
3|netherbian|3|1
4|netherbian|2|1
5|netherbian|2|1
6|netherbian|2|1
7|netherbian|2|1
8|netherbian|2|1
9|netherbian|2|1
10|netherbian|2|1
11|netherbian|2|1
12|netherbian|2|1
13|netherbian|3|1
14|netherbian|2|1
15|netherbian|2|1
16|netherbian|3|1
17|netherbian|3|1
18|netherbian|3|1
19|netherbian|2|1
20|netherbian|2|1
21|netherbian|3|1
22|netherbian|2|1
23|netherbian|3|1
24|netherbian|2|1
25|netherbian|2|1
26|netherbian|2|1
27|netherbian|3|1
28|netherbian|2|1
29|netherbian|2|1
30|netherbian|3|1
31|netherbian|2|1
32|netherbian|2|1
33|netherbian|2|1
34|netherbian|3|1
35|netherbian|3|1
36|netherbian|2|1
37|netherbian|0|1
38|netherbian|2|1
39|netherbian|0|1
40|netherbian|2|1
41|netherbian|0|1
42|netherbian|2|1
43|netherbian|4|1
1|northkarana|0|0
2|northkarana|0|0
3|northkarana|0|0
4|northkarana|2|1
5|northkarana|0|1
6|northkarana|2|1
7|northkarana|0|0
1|nro|0|0
2|nro|0|0
3|nro|6|1
1|nurga|0|0
2|nurga|0|0
3|nurga|0|0
4|nurga|0|0
5|nurga|0|0
6|nurga|0|0
7|nurga|0|0
8|nurga|0|0
9|nurga|0|0
11|nurga|0|0
12|nurga|0|0
13|nurga|0|0
14|nurga|0|0
15|nurga|0|0
16|nurga|0|0
17|nurga|0|0
18|nurga|0|0
19|nurga|0|0
1|oasis|6|1
1|oggok|0|1
2|oggok|0|1
3|oggok|0|1
4|oggok|0|1
5|oggok|0|1
6|oggok|0|0
7|oggok|0|0
8|oggok|0|0
9|oggok|0|0
10|oggok|0|0
11|oggok|0|0
12|oggok|0|0
13|oggok|0|0
14|oggok|0|0
15|oggok|0|0
16|oggok|0|0
17|oggok|0|0
1|oot|0|0
2|oot|2|1
3|oot|0|0
4|oot|0|0
5|oot|0|0
6|oot|0|0
7|oot|0|0
8|oot|0|0
9|oot|0|0
10|oot|0|0
11|oot|0|0
12|oot|0|0
13|oot|0|0
14|oot|0|0
15|oot|0|0
16|oot|0|0
17|oot|0|0
18|oot|0|0
19|oot|0|0
20|oot|0|0
21|oot|0|0
22|oot|0|0
23|oot|0|0
24|oot|0|0
25|oot|0|0
26|oot|0|0
27|oot|0|0
28|oot|0|0
29|oot|0|0
30|oot|0|0
31|oot|0|0
32|oot|0|0
33|oot|0|0
34|oot|0|0
35|oot|0|0
36|oot|0|0
37|oot|0|0
38|oot|0|0
39|oot|0|0
40|oot|0|0
41|oot|0|0
42|oot|0|0
43|oot|0|0
44|oot|0|0
45|oot|0|0
46|oot|0|0
47|oot|0|0
48|oot|0|0
49|oot|0|0
50|oot|0|0
51|oot|0|0
52|oot|0|0
53|oot|0|0
54|oot|0|0
55|oot|0|0
56|oot|0|0
57|oot|0|0
58|oot|0|0
59|oot|0|0
60|oot|6|1
61|oot|6|1
62|oot|6|1
63|oot|4|0
64|oot|2|1
65|oot|2|1
66|oot|0|1
67|oot|3|1
68|oot|2|0
1|overthere|3|1
2|overthere|3|1
3|overthere|0|1
4|overthere|0|1
5|overthere|6|1
6|overthere|3|1
7|overthere|3|1
8|overthere|3|1
9|overthere|3|1
10|overthere|3|1
11|overthere|3|1
12|overthere|3|1
13|overthere|3|1
14|overthere|3|1
15|overthere|6|1
16|overthere|2|1
17|overthere|3|1
18|overthere|3|1
19|overthere|3|1
20|overthere|3|1
21|overthere|3|1
22|overthere|2|1
23|overthere|3|1
24|overthere|3|1
25|overthere|2|1
26|overthere|3|1
27|overthere|3|1
28|overthere|3|1
29|overthere|3|1
30|overthere|3|1
31|overthere|3|1
32|overthere|3|1
33|overthere|3|1
34|overthere|3|1
35|overthere|3|1
36|overthere|3|1
37|overthere|2|1
38|overthere|2|1
39|overthere|2|1
40|overthere|3|1
41|overthere|3|1
42|overthere|3|1
43|overthere|3|1
44|overthere|3|1
45|overthere|3|1
46|overthere|6|1
47|overthere|6|1
48|overthere|6|1
49|overthere|6|1
50|overthere|6|1
9|paineel|0|0
10|paineel|0|0
11|paineel|0|1
12|paineel|0|1
13|paineel|0|1
14|paineel|0|1
15|paineel|0|1
16|paineel|4|1
17|paineel|2|1
18|paineel|2|1
1|paludal|0|1
2|paludal|0|1
3|paludal|3|1
4|paludal|3|1
5|paludal|3|1
6|paludal|3|1
7|paludal|3|1
8|paludal|3|1
9|paludal|3|1
10|paludal|3|1
11|paludal|0|1
12|paludal|3|1
13|paludal|3|1
14|paludal|3|1
15|paludal|0|1
16|paludal|3|1
17|paludal|3|1
18|paludal|3|1
19|paludal|3|1
20|paludal|3|1
21|paludal|3|1
22|paludal|3|1
23|paludal|3|1
24|paludal|3|1
25|paludal|3|1
26|paludal|0|1
27|paludal|3|1
28|paludal|3|1
29|paludal|3|1
30|paludal|3|1
31|paludal|3|1
32|paludal|3|1
33|paludal|3|1
34|paludal|0|1
35|paludal|3|1
36|paludal|3|1
37|paludal|3|1
38|paludal|3|1
39|paludal|3|1
40|paludal|3|1
41|paludal|3|1
42|paludal|3|1
43|paludal|3|1
44|paludal|3|1
45|paludal|3|1
46|paludal|2|1
47|paludal|2|1
48|paludal|2|1
49|paludal|2|1
50|paludal|2|1
51|paludal|2|1
52|paludal|0|1
1|paw|0|1
2|paw|0|1
3|paw|0|1
4|paw|0|1
5|paw|0|1
6|paw|0|1
7|paw|0|1
8|paw|0|1
9|paw|0|1
10|paw|3|0
11|paw|3|0
12|paw|3|0
13|paw|3|0
14|paw|3|0
15|paw|6|1
16|paw|3|1
17|paw|0|0
18|paw|3|1
19|paw|3|1
1|permafrost|0|0
2|permafrost|0|0
3|permafrost|0|0
4|permafrost|0|0
5|permafrost|0|0
6|permafrost|0|0
7|permafrost|0|0
8|permafrost|0|0
9|permafrost|0|0
10|permafrost|0|0
11|permafrost|0|0
12|permafrost|0|0
13|permafrost|1|1
1|poair|9|1
2|poair|3|1
3|poair|3|1
4|poair|9|1
5|poair|9|1
6|poair|9|1
7|poair|3|1
8|poair|3|1
9|poair|9|1
10|poair|3|1
11|poair|9|1
12|poair|9|1
13|poair|9|1
14|poair|3|1
15|poair|3|1
16|poair|9|1
17|poair|9|1
18|poair|9|1
19|poair|0|1
20|poair|0|1
21|poair|3|1
1|podisease|4|1
2|podisease|4|1
3|podisease|4|1
4|podisease|4|1
5|podisease|4|1
6|podisease|4|1
7|podisease|9|1
8|podisease|9|1
9|podisease|2|1
10|podisease|2|1
11|podisease|2|1
12|podisease|2|1
13|podisease|2|1
14|podisease|2|1
15|podisease|2|1
16|podisease|2|1
17|podisease|2|1
18|podisease|2|1
19|podisease|3|1
20|podisease|3|1
21|podisease|8|1
22|podisease|6|1
1|poeartha|0|1
2|poeartha|0|1
3|poeartha|0|1
4|poeartha|0|1
5|poeartha|0|0
6|poeartha|0|0
7|poeartha|0|0
8|poeartha|0|0
9|poeartha|0|0
10|poeartha|0|0
11|poeartha|0|0
12|poeartha|0|0
13|poeartha|0|0
14|poeartha|0|0
15|poeartha|0|0
16|poeartha|0|0
17|poeartha|0|0
18|poeartha|2|1
19|poeartha|2|1
20|poeartha|2|1
21|poeartha|2|1
22|poeartha|9|1
23|poeartha|3|1
24|poeartha|3|1
25|poeartha|3|1
26|poeartha|3|1
27|poeartha|3|1
28|poeartha|3|1
29|poeartha|3|1
30|poeartha|3|1
31|poeartha|3|1
1|pofire|2|1
2|pofire|2|1
3|pofire|2|1
4|pofire|2|1
5|pofire|2|1
6|pofire|3|1
7|pofire|2|1
8|pofire|2|1
9|pofire|2|1
10|pofire|2|1
11|pofire|2|1
12|pofire|2|1
13|pofire|2|1
14|pofire|9|1
15|pofire|9|1
16|pofire|9|1
17|pofire|9|1
18|pofire|2|1
19|pofire|2|1
20|pofire|2|1
21|pofire|2|1
22|pofire|2|1
23|pofire|2|1
1|poinnovation|3|1
2|poinnovation|3|1
3|poinnovation|3|1
4|poinnovation|3|1
5|poinnovation|3|1
6|poinnovation|2|1
7|poinnovation|3|1
8|poinnovation|3|1
9|poinnovation|3|1
10|poinnovation|3|1
11|poinnovation|3|1
12|poinnovation|3|1
13|poinnovation|6|1
14|poinnovation|6|1
15|poinnovation|6|1
16|poinnovation|6|1
17|poinnovation|6|1
18|poinnovation|6|1
19|poinnovation|6|1
20|poinnovation|6|1
21|poinnovation|2|0
22|poinnovation|6|1
1|pojustice|0|1
2|pojustice|0|1
3|pojustice|3|1
4|pojustice|3|1
5|pojustice|3|1
6|pojustice|7|1
7|pojustice|3|1
8|pojustice|3|1
9|pojustice|3|1
10|pojustice|3|1
11|pojustice|3|1
12|pojustice|0|1
13|pojustice|3|1
14|pojustice|3|1
15|pojustice|3|1
16|pojustice|3|1
17|pojustice|3|1
18|pojustice|7|1
19|pojustice|0|1
20|pojustice|3|1
21|pojustice|3|1
22|pojustice|3|1
23|pojustice|3|1
24|pojustice|3|1
25|pojustice|3|1
26|pojustice|3|1
27|pojustice|3|1
28|pojustice|3|1
29|pojustice|3|1
30|pojustice|3|1
31|pojustice|3|1
32|pojustice|3|1
33|pojustice|3|1
34|pojustice|3|1
35|pojustice|3|1
36|pojustice|3|1
37|pojustice|3|1
38|pojustice|3|1
39|pojustice|3|1
40|pojustice|0|1
41|pojustice|0|1
42|pojustice|6|1
1|poknowledge|9|1
2|poknowledge|9|1
3|poknowledge|9|1
4|poknowledge|9|1
13|poknowledge|0|1
14|poknowledge|3|1
16|poknowledge|3|1
17|poknowledge|3|1
18|poknowledge|3|1
19|poknowledge|3|1
34|poknowledge|3|1
59|poknowledge|3|1
60|poknowledge|3|1
61|poknowledge|3|1
62|poknowledge|3|1
63|poknowledge|3|1
64|poknowledge|3|1
65|poknowledge|3|1
71|poknowledge|3|1
74|poknowledge|3|1
80|poknowledge|3|1
93|poknowledge|3|1
100|poknowledge|3|1
119|poknowledge|3|1
143|poknowledge|3|1
144|poknowledge|3|1
159|poknowledge|3|1
1|ponightmare|2|1
2|ponightmare|2|1
3|ponightmare|2|1
4|ponightmare|2|1
5|ponightmare|9|1
6|ponightmare|9|1
7|ponightmare|9|1
8|ponightmare|6|1
9|ponightmare|6|1
10|ponightmare|6|1
11|ponightmare|6|1
12|ponightmare|2|1
13|ponightmare|2|1
14|ponightmare|2|1
1|postorms|2|1
2|postorms|8|1
3|postorms|7|1
4|postorms|7|1
5|postorms|7|1
6|postorms|7|1
7|postorms|8|1
8|postorms|9|1
9|postorms|9|1
10|postorms|8|1
11|postorms|8|1
12|postorms|8|1
13|postorms|2|1
14|postorms|2|1
15|postorms|3|1
16|postorms|2|1
1|potactics|9|1
2|potactics|2|1
3|potactics|2|1
4|potactics|2|1
5|potactics|9|1
6|potactics|8|1
7|potactics|2|1
8|potactics|2|1
9|potactics|8|1
10|potactics|0|1
11|potactics|0|1
12|potactics|2|1
13|potactics|9|1
14|potactics|9|1
15|potactics|9|1
16|potactics|9|1
17|potactics|3|1
18|potactics|0|1
19|potactics|9|1
20|potactics|3|1
21|potactics|2|1
22|potactics|2|1
23|potactics|9|1
24|potactics|3|1
25|potactics|0|1
26|potactics|9|1
27|potactics|0|1
28|potactics|9|1
29|potactics|2|1
30|potactics|6|1
31|potactics|6|1
1|potorment|9|1
2|potorment|9|1
3|potorment|9|1
4|potorment|9|1
5|potorment|9|1
6|potorment|9|1
7|potorment|9|1
8|potorment|9|1
9|potorment|9|1
10|potorment|9|1
11|potorment|3|1
12|potorment|3|1
13|potorment|3|1
14|potorment|3|1
15|potorment|3|1
16|potorment|3|1
1|potranquility|0|0
2|potranquility|3|0
3|potranquility|3|0
1|povalor|8|1
2|povalor|8|1
3|povalor|9|1
4|povalor|9|1
1|powar|0|0
2|powar|0|0
3|powar|0|0
4|powar|0|0
5|powar|0|0
6|powar|0|0
7|powar|0|0
8|powar|0|0
9|powar|0|0
11|powar|0|0
12|powar|0|0
13|powar|0|0
14|powar|0|0
15|powar|0|0
16|powar|0|0
17|powar|0|0
18|powar|0|0
19|powar|0|0
20|powar|0|0
21|powar|0|0
22|powar|0|0
23|powar|0|0
24|powar|0|0
25|powar|0|0
26|powar|0|0
27|powar|0|0
28|powar|0|0
29|powar|0|0
30|powar|0|0
31|powar|0|0
32|powar|0|0
33|powar|0|0
34|powar|0|0
35|powar|0|0
36|powar|0|0
37|powar|0|0
38|powar|0|0
39|powar|0|0
40|powar|0|0
41|powar|0|0
42|powar|0|0
1|powater|3|1
2|powater|3|1
3|powater|3|1
4|powater|3|1
5|powater|3|1
6|powater|3|1
7|powater|0|1
8|powater|3|1
9|powater|3|1
10|powater|3|1
11|powater|3|1
12|powater|2|1
13|powater|2|1
14|powater|2|1
15|powater|2|1
16|powater|2|1
17|powater|2|1
18|powater|2|1
19|powater|2|1
20|powater|2|1
21|powater|2|1
22|powater|2|1
23|powater|2|1
24|powater|2|1
25|powater|2|1
26|powater|2|1
27|powater|2|1
28|powater|2|1
29|powater|2|1
30|powater|2|1
31|powater|2|1
32|powater|2|1
33|powater|2|1
34|powater|2|1
35|powater|2|1
36|powater|2|1
37|powater|2|1
38|powater|2|1
39|powater|2|1
40|powater|2|1
41|powater|2|1
42|powater|2|1
43|powater|2|1
44|powater|2|1
45|powater|2|1
46|powater|2|1
47|powater|2|1
48|powater|2|1
49|powater|2|1
50|powater|2|1
51|powater|2|1
52|powater|2|1
53|powater|2|1
54|powater|2|1
55|powater|2|1
56|powater|2|1
57|powater|2|1
58|powater|2|1
59|powater|2|1
60|powater|2|1
61|powater|2|1
62|powater|2|1
63|powater|2|1
64|powater|2|1
65|powater|2|1
66|powater|2|1
67|powater|2|1
68|powater|2|1
69|powater|2|1
70|powater|2|1
71|powater|0|1
72|powater|0|1
73|powater|0|1
74|powater|0|1
75|powater|0|1
76|powater|0|1
77|powater|0|1
78|powater|0|1
1|qcat|0|1
2|qcat|0|1
3|qcat|0|1
4|qcat|9|1
5|qcat|0|1
6|qcat|9|1
7|qcat|9|1
8|qcat|0|1
9|qcat|9|1
10|qcat|9|1
11|qcat|4|1
12|qcat|0|1
13|qcat|0|1
14|qcat|0|1
15|qcat|9|1
16|qcat|9|1
17|qcat|2|1
18|qcat|9|1
19|qcat|9|1
20|qcat|0|1
21|qcat|9|1
22|qcat|9|1
23|qcat|9|1
24|qcat|9|1
25|qcat|0|1
26|qcat|9|1
27|qcat|9|1
28|qcat|0|1
29|qcat|0|1
30|qcat|0|1
31|qcat|0|1
32|qcat|0|1
33|qcat|0|1
34|qcat|0|1
35|qcat|0|1
36|qcat|9|1
37|qcat|9|1
38|qcat|9|1
39|qcat|9|1
40|qcat|9|1
41|qcat|9|1
42|qcat|9|1
43|qcat|9|1
44|qcat|9|1
45|qcat|9|1
46|qcat|9|1
47|qcat|9|1
48|qcat|9|1
49|qcat|9|1
50|qcat|9|1
51|qcat|9|1
52|qcat|9|1
1|qey2hh1|4|1
2|qey2hh1|0|0
3|qey2hh1|0|0
4|qey2hh1|0|0
5|qey2hh1|0|0
6|qey2hh1|0|0
7|qey2hh1|0|0
8|qey2hh1|0|1
9|qey2hh1|4|1
10|qey2hh1|0|1
11|qey2hh1|2|2
12|qey2hh1|0|1
13|qey2hh1|0|1
14|qey2hh1|0|1
15|qey2hh1|0|1
16|qey2hh1|0|1
17|qey2hh1|0|1
18|qey2hh1|0|1
19|qey2hh1|0|1
1|qeynos|4|1
22|qeynos|0|0
23|qeynos|0|1
24|qeynos|0|1
25|qeynos|0|1
26|qeynos|0|1
27|qeynos|0|1
28|qeynos|0|1
29|qeynos|0|1
30|qeynos|0|1
31|qeynos|0|1
32|qeynos|0|1
33|qeynos|0|1
34|qeynos|3|1
35|qeynos|0|1
36|qeynos|0|1
37|qeynos|0|1
38|qeynos|0|0
39|qeynos|0|1
40|qeynos|0|1
41|qeynos|0|0
42|qeynos|0|1
43|qeynos|0|1
44|qeynos|0|1
45|qeynos|0|1
46|qeynos|0|1
47|qeynos|0|1
48|qeynos|0|0
49|qeynos|6|1
50|qeynos|0|1
51|qeynos|0|1
52|qeynos|4|1
53|qeynos|0|1
54|qeynos|0|1
55|qeynos|0|1
57|qeynos|0|2
58|qeynos|0|2
59|qeynos|0|2
60|qeynos|0|2
61|qeynos|0|2
62|qeynos|6|1
64|qeynos|6|1
65|qeynos|6|1
66|qeynos|6|1
67|qeynos|6|1
1|qeynos2|3|0
2|qeynos2|3|0
3|qeynos2|0|1
4|qeynos2|0|1
5|qeynos2|0|1
6|qeynos2|0|0
7|qeynos2|0|1
8|qeynos2|0|0
9|qeynos2|0|0
10|qeynos2|0|0
11|qeynos2|0|0
12|qeynos2|0|0
13|qeynos2|0|0
14|qeynos2|0|0
15|qeynos2|0|0
16|qeynos2|0|0
17|qeynos2|0|0
18|qeynos2|0|0
19|qeynos2|0|0
20|qeynos2|0|0
21|qeynos2|0|0
22|qeynos2|0|0
23|qeynos2|0|0
24|qeynos2|0|0
25|qeynos2|0|0
26|qeynos2|0|0
27|qeynos2|0|0
28|qeynos2|0|0
29|qeynos2|0|0
30|qeynos2|0|1
31|qeynos2|0|0
32|qeynos2|0|0
33|qeynos2|0|0
34|qeynos2|0|0
35|qeynos2|0|0
36|qeynos2|0|0
37|qeynos2|0|0
38|qeynos2|0|0
39|qeynos2|0|0
40|qeynos2|0|0
41|qeynos2|0|0
42|qeynos2|0|0
43|qeynos2|0|0
44|qeynos2|0|0
45|qeynos2|0|0
46|qeynos2|0|0
47|qeynos2|0|0
48|qeynos2|0|0
49|qeynos2|0|0
50|qeynos2|0|0
51|qeynos2|0|0
52|qeynos2|0|0
53|qeynos2|0|0
54|qeynos2|0|0
55|qeynos2|0|0
56|qeynos2|0|0
57|qeynos2|0|0
58|qeynos2|0|0
59|qeynos2|0|0
60|qeynos2|0|0
61|qeynos2|0|0
62|qeynos2|0|0
63|qeynos2|0|0
64|qeynos2|0|0
65|qeynos2|0|0
66|qeynos2|0|0
67|qeynos2|0|0
68|qeynos2|0|0
69|qeynos2|0|0
70|qeynos2|0|0
71|qeynos2|0|0
72|qeynos2|0|0
73|qeynos2|0|0
74|qeynos2|0|0
75|qeynos2|0|0
76|qeynos2|0|1
77|qeynos2|0|1
78|qeynos2|0|1
79|qeynos2|0|1
80|qeynos2|0|1
81|qeynos2|0|1
82|qeynos2|0|1
83|qeynos2|0|0
84|qeynos2|0|1
85|qeynos2|0|1
86|qeynos2|0|1
87|qeynos2|0|1
88|qeynos2|0|1
89|qeynos2|0|0
90|qeynos2|0|0
91|qeynos2|0|1
92|qeynos2|0|0
93|qeynos2|0|0
94|qeynos2|0|0
95|qeynos2|0|0
96|qeynos2|0|0
97|qeynos2|0|0
98|qeynos2|0|0
100|qeynos2|0|0
102|qeynos2|0|0
103|qeynos2|4|1
104|qeynos2|4|1
105|qeynos2|0|1
106|qeynos2|0|1
107|qeynos2|4|1
108|qeynos2|0|1
109|qeynos2|0|1
110|qeynos2|4|1
111|qeynos2|0|1
2|qeytoqrg|0|1
3|qeytoqrg|0|0
4|qeytoqrg|0|1
5|qeytoqrg|0|1
6|qeytoqrg|0|1
7|qeytoqrg|0|1
8|qeytoqrg|0|1
9|qeytoqrg|0|1
10|qeytoqrg|0|1
11|qeytoqrg|0|1
12|qeytoqrg|4|1
13|qeytoqrg|0|1
14|qeytoqrg|0|0
15|qeytoqrg|0|0
16|qeytoqrg|4|0
17|qeytoqrg|0|0
18|qeytoqrg|2|1
19|qeytoqrg|3|0
20|qeytoqrg|3|0
21|qeytoqrg|0|1
22|qeytoqrg|0|1
23|qeytoqrg|0|1
24|qeytoqrg|0|1
25|qeytoqrg|0|1
26|qeytoqrg|7|1
27|qeytoqrg|2|1
1|qrg|3|0
2|qrg|0|0
3|qrg|0|0
4|qrg|0|0
5|qrg|0|0
6|qrg|0|0
7|qrg|0|0
8|qrg|0|0
9|qrg|0|0
10|qrg|0|0
12|qrg|0|1
15|qrg|0|1
16|qrg|0|1
17|qrg|0|0
18|qrg|0|0
19|qrg|0|0
25|qrg|4|0
26|qrg|4|0
1|rathemtn|4|1
2|rathemtn|0|1
3|rathemtn|3|0
4|rathemtn|0|1
5|rathemtn|4|0
1|rivervale|0|0
2|rivervale|0|0
3|rivervale|0|0
4|rivervale|0|0
5|rivervale|0|0
6|rivervale|0|0
7|rivervale|0|0
8|rivervale|0|0
9|rivervale|0|0
10|rivervale|0|0
11|rivervale|9|1
12|rivervale|0|0
13|rivervale|0|0
14|rivervale|0|0
15|rivervale|0|0
16|rivervale|0|0
17|rivervale|0|0
18|rivervale|0|0
19|rivervale|0|0
20|rivervale|0|0
21|rivervale|0|0
22|rivervale|0|0
23|rivervale|0|0
24|rivervale|0|0
25|rivervale|0|1
26|rivervale|0|0
27|rivervale|0|1
28|rivervale|0|0
29|rivervale|0|1
30|rivervale|0|1
31|rivervale|0|2
1|runnyeye|0|1
2|runnyeye|3|1
3|runnyeye|3|1
4|runnyeye|4|1
5|runnyeye|3|1
6|runnyeye|3|1
7|runnyeye|0|1
8|runnyeye|0|1
9|runnyeye|0|1
10|runnyeye|0|1
11|runnyeye|3|0
12|runnyeye|3|1
13|runnyeye|0|0
14|runnyeye|0|1
15|runnyeye|0|1
16|runnyeye|0|1
17|runnyeye|3|1
18|runnyeye|3|2
19|runnyeye|3|1
20|runnyeye|0|1
21|runnyeye|0|1
22|runnyeye|3|1
23|runnyeye|3|1
24|runnyeye|0|1
25|runnyeye|3|1
26|runnyeye|3|1
27|runnyeye|0|1
28|runnyeye|3|1
29|runnyeye|0|0
30|runnyeye|0|1
31|runnyeye|0|1
32|runnyeye|0|1
33|runnyeye|0|1
34|runnyeye|3|1
35|runnyeye|3|1
36|runnyeye|0|1
37|runnyeye|0|0
38|runnyeye|3|1
39|runnyeye|3|1
40|runnyeye|3|1
41|runnyeye|3|1
42|runnyeye|3|1
43|runnyeye|3|1
44|runnyeye|4|1
48|runnyeye|0|0
49|runnyeye|3|0
50|runnyeye|3|0
51|runnyeye|3|0
52|runnyeye|3|0
53|runnyeye|0|0
54|runnyeye|0|0
55|runnyeye|0|0
56|runnyeye|0|0
57|runnyeye|0|0
58|runnyeye|0|0
59|runnyeye|3|0
60|runnyeye|0|0
61|runnyeye|0|0
62|runnyeye|0|0
63|runnyeye|0|0
64|runnyeye|3|0
65|runnyeye|3|0
66|runnyeye|3|0
67|runnyeye|0|0
68|runnyeye|0|0
69|runnyeye|0|0
70|runnyeye|0|0
71|runnyeye|0|0
72|runnyeye|0|0
73|runnyeye|0|0
74|runnyeye|0|0
75|runnyeye|0|0
76|runnyeye|0|0
77|runnyeye|0|0
1|scarlet|3|1
2|scarlet|2|1
3|scarlet|2|1
4|scarlet|2|1
5|scarlet|2|1
6|scarlet|2|1
7|scarlet|2|1
8|scarlet|2|1
9|scarlet|2|1
10|scarlet|2|1
11|scarlet|2|1
12|scarlet|2|1
13|scarlet|2|1
14|scarlet|2|1
15|scarlet|2|1
16|scarlet|3|1
17|scarlet|3|1
18|scarlet|3|1
19|scarlet|3|1
20|scarlet|3|1
21|scarlet|3|1
22|scarlet|3|1
23|scarlet|3|1
24|scarlet|3|1
25|scarlet|3|1
1|sebilis|3|1
2|sebilis|3|1
3|sebilis|3|1
4|sebilis|2|1
5|sebilis|3|1
6|sebilis|3|1
7|sebilis|3|1
8|sebilis|2|1
9|sebilis|3|1
10|sebilis|3|1
11|sebilis|3|1
12|sebilis|9|1
13|sebilis|3|1
14|sebilis|3|1
15|sebilis|3|1
16|sebilis|2|1
17|sebilis|9|1
18|sebilis|9|1
19|sebilis|3|1
20|sebilis|9|1
21|sebilis|3|1
22|sebilis|3|1
23|sebilis|3|1
24|sebilis|3|1
25|sebilis|2|0
26|sebilis|3|1
27|sebilis|3|1
28|sebilis|3|1
29|sebilis|3|1
30|sebilis|3|1
31|sebilis|3|1
32|sebilis|3|1
33|sebilis|3|1
34|sebilis|2|1
35|sebilis|2|1
36|sebilis|3|1
37|sebilis|3|1
38|sebilis|2|1
39|sebilis|2|1
40|sebilis|3|1
41|sebilis|2|1
42|sebilis|3|1
43|sebilis|3|1
44|sebilis|3|1
45|sebilis|3|1
46|sebilis|3|1
47|sebilis|2|1
48|sebilis|2|1
49|sebilis|0|1
50|sebilis|3|1
51|sebilis|9|1
1|shadeweaver|8|1
2|shadeweaver|0|1
3|shadeweaver|0|1
4|shadeweaver|3|1
5|shadeweaver|3|1
6|shadeweaver|3|1
7|shadeweaver|3|1
8|shadeweaver|3|1
9|shadeweaver|3|1
10|shadeweaver|3|1
11|shadeweaver|3|1
12|shadeweaver|3|1
13|shadeweaver|3|1
14|shadeweaver|3|1
15|shadeweaver|3|1
16|shadeweaver|3|1
17|shadeweaver|3|1
18|shadeweaver|3|1
19|shadeweaver|3|1
20|shadeweaver|3|1
21|shadeweaver|3|1
22|shadeweaver|3|1
23|shadeweaver|3|1
24|shadeweaver|3|1
25|shadeweaver|3|1
26|shadeweaver|3|1
27|shadeweaver|3|1
28|shadeweaver|3|1
29|shadeweaver|2|1
30|shadeweaver|8|1
31|shadeweaver|2|1
32|shadeweaver|8|1
33|shadeweaver|0|1
34|shadeweaver|0|1
35|shadeweaver|0|1
36|shadeweaver|0|1
37|shadeweaver|0|1
38|shadeweaver|0|1
39|shadeweaver|0|1
40|shadeweaver|2|1
41|shadeweaver|2|1
42|shadeweaver|3|1
1|shadowhaven|0|1
2|shadowhaven|0|1
3|shadowhaven|0|1
4|shadowhaven|0|1
5|shadowhaven|0|1
6|shadowhaven|0|1
7|shadowhaven|0|1
8|shadowhaven|0|1
9|shadowhaven|0|1
10|shadowhaven|0|1
11|shadowhaven|0|1
12|shadowhaven|0|1
13|shadowhaven|0|1
14|shadowhaven|0|1
15|shadowhaven|0|1
16|shadowhaven|0|1
17|shadowhaven|0|1
18|shadowhaven|0|1
19|shadowhaven|0|1
20|shadowhaven|0|1
21|shadowhaven|0|1
22|shadowhaven|0|1
23|shadowhaven|0|1
24|shadowhaven|0|1
25|shadowhaven|0|1
1|sharvahl|0|0
2|sharvahl|0|0
3|sharvahl|0|0
4|sharvahl|0|0
5|sharvahl|0|0
6|sharvahl|0|0
7|sharvahl|0|0
8|sharvahl|0|0
9|sharvahl|0|0
10|sharvahl|0|0
11|sharvahl|0|0
12|sharvahl|0|0
13|sharvahl|0|0
14|sharvahl|0|1
15|sharvahl|0|1
16|sharvahl|0|1
17|sharvahl|0|1
18|sharvahl|0|1
19|sharvahl|0|1
20|sharvahl|0|1
21|sharvahl|0|1
22|sharvahl|4|1
23|sharvahl|0|1
24|sharvahl|4|1
25|sharvahl|0|1
26|sharvahl|0|1
27|sharvahl|6|1
28|sharvahl|6|1
29|sharvahl|6|1
30|sharvahl|6|1
31|sharvahl|6|1
32|sharvahl|6|1
33|sharvahl|6|1
34|sharvahl|6|1
35|sharvahl|6|1
36|sharvahl|6|1
37|sharvahl|0|1
38|sharvahl|2|1
39|sharvahl|2|1
40|sharvahl|2|1
41|sharvahl|2|1
20|sirens|0|1
21|sirens|0|1
22|sirens|0|1
23|sirens|3|1
24|sirens|0|1
25|sirens|0|1
26|sirens|3|1
27|sirens|0|0
28|sirens|0|0
29|sirens|0|0
30|sirens|0|0
31|sirens|0|0
32|sirens|9|1
1|skyfire|2|0
2|skyfire|3|1
3|skyfire|2|0
4|skyfire|2|0
5|skyfire|2|0
6|skyfire|2|0
7|skyfire|2|0
8|skyfire|2|0
1|skyshrine|0|1
2|skyshrine|0|1
3|skyshrine|0|1
4|skyshrine|0|1
5|skyshrine|0|1
6|skyshrine|3|1
7|skyshrine|0|1
8|skyshrine|0|1
9|skyshrine|0|1
10|skyshrine|0|1
11|skyshrine|3|1
12|skyshrine|0|1
13|skyshrine|0|1
14|skyshrine|0|1
15|skyshrine|0|1
16|skyshrine|0|1
17|skyshrine|0|1
18|skyshrine|0|1
19|skyshrine|3|1
20|skyshrine|0|1
21|skyshrine|0|1
1|sleeper|3|1
2|sleeper|3|1
3|sleeper|2|1
4|sleeper|2|1
5|sleeper|0|1
6|sleeper|3|1
7|sleeper|3|0
8|sleeper|3|0
9|sleeper|3|0
10|sleeper|3|0
11|sleeper|3|0
12|sleeper|3|0
13|sleeper|0|1
14|sleeper|0|0
15|sleeper|3|0
16|sleeper|3|0
17|sleeper|0|1
18|sleeper|3|1
19|sleeper|0|1
20|sleeper|0|1
21|sleeper|0|0
1|soldunga|3|1
2|soldunga|3|1
3|soldunga|3|1
4|soldunga|3|1
5|soldunga|0|1
6|soldunga|3|1
7|soldunga|3|1
8|soldunga|3|1
9|soldunga|3|1
10|soldunga|3|1
11|soldunga|3|1
12|soldunga|3|1
13|soldunga|3|1
14|soldunga|3|1
15|soldunga|3|1
16|soldunga|3|1
17|soldunga|3|1
18|soldunga|3|1
19|soldunga|3|1
20|soldunga|3|1
21|soldunga|3|1
22|soldunga|3|1
23|soldunga|3|0
1|soldungb|3|2
2|soldungb|3|2
3|soldungb|3|2
4|soldungb|3|2
5|soldungb|3|2
6|soldungb|3|2
7|soldungb|3|2
8|soldungb|3|2
9|soldungb|3|2
10|soldungb|3|2
11|soldungb|3|2
12|soldungb|2|2
13|soldungb|3|2
14|soldungb|3|2
15|soldungb|3|2
16|soldungb|3|2
17|soldungb|3|2
18|soldungb|3|2
19|soldungb|3|2
20|soldungb|3|2
21|soldungb|3|2
22|soldungb|3|2
23|soldungb|3|2
24|soldungb|2|2
25|soldungb|3|0
1|solrotower|9|1
2|solrotower|9|1
3|solrotower|9|1
4|solrotower|9|1
5|solrotower|9|1
6|solrotower|9|1
7|solrotower|2|1
8|solrotower|9|1
9|solrotower|9|1
10|solrotower|9|1
11|solrotower|3|1
12|solrotower|3|1
1|soltemple|3|1
2|soltemple|3|1
3|soltemple|3|1
4|soltemple|3|1
5|soltemple|3|1
6|soltemple|3|1
1|southkarana|0|1
2|southkarana|3|1
3|southkarana|0|1
4|southkarana|4|1
5|southkarana|0|1
6|southkarana|0|1
7|southkarana|0|1
8|southkarana|3|1
9|southkarana|0|1
10|southkarana|3|0
11|southkarana|3|0
12|southkarana|3|0
13|southkarana|3|0
14|southkarana|3|0
15|southkarana|3|0
16|southkarana|3|1
17|southkarana|0|0
1|sro|0|0
2|sro|0|0
1|sseru|3|1
2|sseru|2|1
3|sseru|2|1
4|sseru|2|1
5|sseru|2|1
6|sseru|3|1
7|sseru|3|1
8|sseru|3|1
9|sseru|3|1
10|sseru|2|1
11|sseru|2|1
12|sseru|3|1
13|sseru|3|1
14|sseru|3|1
15|sseru|3|1
16|sseru|3|1
17|sseru|3|1
18|sseru|3|1
19|sseru|2|1
20|sseru|3|1
21|sseru|3|1
22|sseru|3|1
23|sseru|3|1
24|sseru|3|1
25|sseru|3|1
26|sseru|3|1
27|sseru|3|1
28|sseru|3|1
29|sseru|3|1
30|sseru|2|1
31|sseru|3|1
32|sseru|3|1
33|sseru|3|1
34|sseru|3|1
35|sseru|3|1
36|sseru|4|1
37|sseru|4|1
38|sseru|4|1
39|sseru|4|1
40|sseru|4|1
41|sseru|3|1
42|sseru|7|1
43|sseru|3|1
44|sseru|3|1
45|sseru|0|1
46|sseru|3|1
47|sseru|3|1
48|sseru|3|1
49|sseru|3|1
50|sseru|3|1
51|sseru|2|1
52|sseru|2|1
53|sseru|3|1
54|sseru|3|1
55|sseru|3|1
56|sseru|3|1
57|sseru|3|1
58|sseru|3|1
59|sseru|3|1
60|sseru|3|1
61|sseru|3|1
62|sseru|3|1
63|sseru|3|1
64|sseru|3|1
65|sseru|3|1
66|sseru|3|1
67|sseru|3|1
68|sseru|2|1
69|sseru|2|1
70|sseru|3|1
71|sseru|3|1
72|sseru|3|1
73|sseru|3|1
74|sseru|3|1
75|sseru|3|1
76|sseru|3|1
77|sseru|3|1
78|sseru|3|1
79|sseru|3|1
80|sseru|3|1
81|sseru|3|1
82|sseru|2|1
83|sseru|3|1
84|sseru|3|1
85|sseru|3|1
86|sseru|3|1
87|sseru|3|1
88|sseru|3|1
89|sseru|7|1
90|sseru|7|1
91|sseru|7|1
92|sseru|3|1
93|sseru|3|1
94|sseru|3|1
95|sseru|3|1
96|sseru|2|1
97|sseru|0|1
98|sseru|0|1
99|sseru|0|1
100|sseru|3|1
101|sseru|7|1
102|sseru|7|1
103|sseru|7|1
104|sseru|7|1
105|sseru|3|1
106|sseru|3|1
107|sseru|7|1
108|sseru|3|1
109|sseru|0|1
110|sseru|0|1
111|sseru|0|1
112|sseru|7|1
113|sseru|7|1
114|sseru|3|1
115|sseru|0|1
116|sseru|0|1
117|sseru|0|1
118|sseru|7|1
119|sseru|7|1
120|sseru|0|1
121|sseru|0|1
122|sseru|7|1
123|sseru|0|1
124|sseru|0|1
125|sseru|0|1
126|sseru|0|1
127|sseru|0|1
128|sseru|7|1
129|sseru|3|1
130|sseru|3|1
131|sseru|0|1
132|sseru|0|1
133|sseru|3|1
134|sseru|0|1
135|sseru|0|1
136|sseru|3|1
137|sseru|3|1
138|sseru|2|1
139|sseru|3|1
140|sseru|3|1
141|sseru|2|1
142|sseru|2|1
143|sseru|2|1
144|sseru|3|1
145|sseru|3|1
146|sseru|3|1
147|sseru|3|1
148|sseru|3|1
149|sseru|2|1
150|sseru|3|1
1|ssratemple|7|1
2|ssratemple|3|1
3|ssratemple|0|0
4|ssratemple|3|1
5|ssratemple|3|1
1|steamfont|3|0
2|steamfont|0|0
3|steamfont|0|0
4|steamfont|0|0
5|steamfont|0|1
6|steamfont|0|0
7|steamfont|0|0
8|steamfont|3|0
9|steamfont|3|1
10|steamfont|3|1
11|steamfont|3|1
12|steamfont|2|1
13|steamfont|3|1
14|steamfont|3|1
15|steamfont|3|1
16|steamfont|3|1
17|steamfont|2|1
18|steamfont|2|1
19|steamfont|2|1
20|steamfont|2|1
21|steamfont|2|1
22|steamfont|2|1
23|steamfont|2|1
24|steamfont|2|1
25|steamfont|2|1
26|steamfont|2|1
27|steamfont|2|1
28|steamfont|3|1
1|stonebrunt|2|1
2|stonebrunt|2|1
3|stonebrunt|2|1
4|stonebrunt|2|1
5|stonebrunt|2|1
6|stonebrunt|2|1
7|stonebrunt|6|1
1|swampofnohope|0|1
2|swampofnohope|0|1
3|swampofnohope|2|1
4|swampofnohope|0|1
5|swampofnohope|0|1
6|swampofnohope|0|1
7|swampofnohope|0|1
8|swampofnohope|0|1
9|swampofnohope|0|1
10|swampofnohope|0|1
11|swampofnohope|0|1
12|swampofnohope|0|1
13|swampofnohope|0|1
14|swampofnohope|0|1
15|swampofnohope|0|1
16|swampofnohope|0|1
17|swampofnohope|0|1
18|swampofnohope|0|1
19|swampofnohope|0|0
20|swampofnohope|0|0
21|swampofnohope|0|0
22|swampofnohope|0|0
23|swampofnohope|0|0
24|swampofnohope|2|0
25|swampofnohope|2|0
26|swampofnohope|2|0
27|swampofnohope|2|0
28|swampofnohope|2|0
1|templeveeshan|3|1
2|templeveeshan|3|1
3|templeveeshan|0|1
4|templeveeshan|3|1
5|templeveeshan|3|1
6|templeveeshan|3|1
7|templeveeshan|3|1
8|templeveeshan|3|1
9|templeveeshan|3|1
10|templeveeshan|3|1
11|templeveeshan|3|1
12|templeveeshan|3|1
13|templeveeshan|3|1
14|templeveeshan|3|1
15|templeveeshan|3|1
16|templeveeshan|3|1
17|templeveeshan|3|1
18|templeveeshan|3|1
19|templeveeshan|3|1
20|templeveeshan|3|1
21|templeveeshan|3|1
22|templeveeshan|0|1
23|templeveeshan|0|1
24|templeveeshan|3|1
25|templeveeshan|0|1
26|templeveeshan|3|1
27|templeveeshan|3|1
28|templeveeshan|0|1
29|templeveeshan|3|1
30|templeveeshan|3|1
31|templeveeshan|3|1
32|templeveeshan|3|1
33|templeveeshan|3|1
34|templeveeshan|3|1
35|templeveeshan|3|1
36|templeveeshan|3|1
37|templeveeshan|3|1
38|templeveeshan|3|1
39|templeveeshan|3|1
40|templeveeshan|6|0
41|templeveeshan|6|0
42|templeveeshan|6|0
1|tenebrous|6|1
2|tenebrous|6|1
3|tenebrous|0|1
4|tenebrous|0|1
5|tenebrous|0|1
6|tenebrous|6|1
7|tenebrous|6|1
8|tenebrous|6|1
9|tenebrous|0|1
10|tenebrous|3|1
11|tenebrous|2|1
12|tenebrous|2|1
13|tenebrous|2|1
14|tenebrous|2|1
15|tenebrous|8|1
16|tenebrous|8|1
17|tenebrous|8|1
18|tenebrous|2|1
1|thedeep|3|1
2|thedeep|3|1
3|thedeep|3|1
4|thedeep|3|1
5|thedeep|7|1
6|thedeep|7|1
7|thedeep|3|1
8|thedeep|3|1
9|thedeep|6|1
1|thegrey|2|1
2|thegrey|2|1
3|thegrey|2|1
4|thegrey|2|1
5|thegrey|2|1
1|thurgadina|0|0
2|thurgadina|3|0
3|thurgadina|3|0
4|thurgadina|3|0
5|thurgadina|3|0
6|thurgadina|0|1
7|thurgadina|0|1
8|thurgadina|0|1
9|thurgadina|0|1
10|thurgadina|0|1
11|thurgadina|0|1
12|thurgadina|3|0
13|thurgadina|0|0
14|thurgadina|3|0
15|thurgadina|3|0
16|thurgadina|3|0
17|thurgadina|0|1
18|thurgadina|0|1
19|thurgadina|3|0
20|thurgadina|0|0
21|thurgadina|3|0
22|thurgadina|0|1
23|thurgadina|3|1
24|thurgadina|0|1
25|thurgadina|0|1
26|thurgadina|3|0
27|thurgadina|0|0
28|thurgadina|0|0
29|thurgadina|3|0
30|thurgadina|0|1
31|thurgadina|4|1
32|thurgadina|0|1
1|thurgadinb|0|1
2|thurgadinb|3|1
3|thurgadinb|0|1
4|thurgadinb|0|1
5|thurgadinb|3|1
6|thurgadinb|3|1
7|thurgadinb|3|1
8|thurgadinb|2|1
9|thurgadinb|3|0
10|thurgadinb|3|0
11|thurgadinb|3|0
12|thurgadinb|3|1
13|thurgadinb|3|1
14|thurgadinb|0|1
1|timorous|0|1
2|timorous|6|1
3|timorous|3|1
4|timorous|3|1
5|timorous|6|1
6|timorous|0|1
7|timorous|0|1
8|timorous|0|1
9|timorous|0|1
10|timorous|0|1
11|timorous|0|1
12|timorous|0|1
13|timorous|0|1
14|timorous|2|1
15|timorous|6|1
16|timorous|4|1
17|timorous|4|1
18|timorous|4|1
19|timorous|4|1
1|tox|4|0
2|tox|0|0
3|tox|0|0
4|tox|4|1
5|tox|4|1
6|tox|3|1
7|tox|4|1
8|tox|9|2
1|trakanon|3|2
2|trakanon|3|2
3|trakanon|3|2
4|trakanon|3|2
5|trakanon|3|2
6|trakanon|3|2
7|trakanon|3|2
8|trakanon|3|2
9|trakanon|3|2
10|trakanon|3|2
11|trakanon|3|2
12|trakanon|3|2
13|trakanon|2|2
14|trakanon|2|2
15|trakanon|3|1
16|trakanon|2|1
17|trakanon|2|1
18|trakanon|2|1
19|trakanon|2|1
20|trakanon|2|1
21|trakanon|2|1
1|twilight|6|1
2|twilight|2|1
3|twilight|2|1
4|twilight|2|1
5|twilight|2|1
6|twilight|2|1
7|twilight|2|1
1|umbral|7|1
2|umbral|7|1
3|umbral|7|1
4|umbral|7|1
5|umbral|7|1
6|umbral|7|1
7|umbral|7|1
8|umbral|7|1
9|umbral|2|1
10|umbral|7|1
11|umbral|7|1
12|umbral|7|1
13|umbral|7|1
14|umbral|7|1
15|umbral|7|1
16|umbral|0|1
17|umbral|0|1
18|umbral|0|1
19|umbral|0|1
20|umbral|0|1
21|umbral|0|1
22|umbral|0|1
23|umbral|0|1
24|umbral|0|1
25|umbral|0|1
26|umbral|0|1
27|umbral|0|1
28|umbral|0|1
29|umbral|0|1
30|umbral|0|1
31|umbral|0|1
32|umbral|0|1
33|umbral|0|1
34|umbral|0|1
35|umbral|0|1
36|umbral|0|1
37|umbral|2|1
38|umbral|2|1
39|umbral|2|1
40|umbral|2|1
41|umbral|2|1
42|umbral|2|1
43|umbral|2|1
44|umbral|2|1
45|umbral|2|1
46|umbral|2|1
47|umbral|2|1
48|umbral|2|1
49|umbral|2|1
50|umbral|2|1
51|umbral|2|1
52|umbral|2|1
53|umbral|2|1
54|umbral|2|1
55|umbral|2|1
56|umbral|2|1
57|umbral|2|1
58|umbral|2|1
59|umbral|2|1
60|umbral|2|1
61|umbral|2|1
62|umbral|2|1
63|umbral|2|1
64|umbral|2|1
65|umbral|2|1
66|umbral|2|1
67|umbral|2|1
68|umbral|0|1
69|umbral|0|1
70|umbral|0|1
71|umbral|8|1
72|umbral|2|1
73|umbral|2|1
74|umbral|2|1
75|umbral|2|1
76|umbral|2|1
77|umbral|2|1
78|umbral|2|1
79|umbral|3|1
80|umbral|3|1
81|umbral|3|1
82|umbral|3|1
83|umbral|3|1
84|umbral|3|1
85|umbral|3|1
86|umbral|3|1
87|umbral|3|1
88|umbral|3|1
1|unrest|0|0
2|unrest|0|0
3|unrest|0|0
4|unrest|0|0
5|unrest|0|0
6|unrest|0|0
7|unrest|0|0
8|unrest|0|0
9|unrest|0|0
10|unrest|0|0
11|unrest|0|0
12|unrest|0|0
13|unrest|0|0
14|unrest|0|0
15|unrest|0|0
16|unrest|3|1
17|unrest|3|0
18|unrest|5|0
19|unrest|0|0
20|unrest|0|0
21|unrest|0|0
22|unrest|3|0
23|unrest|0|0
24|unrest|0|2
28|veeshan|0|1
29|veeshan|0|1
30|veeshan|0|1
31|veeshan|0|1
32|veeshan|0|1
33|veeshan|0|1
34|veeshan|0|1
35|veeshan|0|1
36|veeshan|0|1
37|veeshan|0|1
38|veeshan|0|1
39|veeshan|0|1
40|veeshan|0|1
41|veeshan|0|1
42|veeshan|0|1
43|veeshan|0|1
44|veeshan|0|1
45|veeshan|3|0
46|veeshan|3|0
47|veeshan|3|0
48|veeshan|3|0
49|veeshan|3|0
50|veeshan|3|0
51|veeshan|3|0
52|veeshan|3|0
53|veeshan|3|0
54|veeshan|3|0
55|veeshan|3|0
56|veeshan|3|0
57|veeshan|3|0
58|veeshan|3|0
59|veeshan|3|0
60|veeshan|3|0
61|veeshan|3|0
62|veeshan|3|0
63|veeshan|3|0
64|veeshan|3|0
65|veeshan|3|0
66|veeshan|3|0
67|veeshan|3|0
68|veeshan|3|0
69|veeshan|3|0
70|veeshan|3|0
71|veeshan|2|0
72|veeshan|0|0
73|veeshan|0|0
74|veeshan|2|0
75|veeshan|3|0
76|veeshan|2|0
77|veeshan|0|0
78|veeshan|0|0
79|veeshan|0|0
80|veeshan|0|0
81|veeshan|0|0
82|veeshan|0|0
83|veeshan|3|0
84|veeshan|3|0
85|veeshan|0|0
86|veeshan|0|0
87|veeshan|0|0
88|veeshan|3|0
89|veeshan|3|0
90|veeshan|0|0
91|veeshan|3|0
92|veeshan|3|0
93|veeshan|3|0
94|veeshan|3|0
95|veeshan|0|0
96|veeshan|3|0
97|veeshan|3|0
98|veeshan|2|0
1|veksar|0|0
2|veksar|0|0
3|veksar|0|0
4|veksar|0|0
5|veksar|0|1
6|veksar|0|0
7|veksar|0|0
8|veksar|0|0
9|veksar|0|0
11|veksar|0|0
12|veksar|0|0
13|veksar|3|1
1|vexthal|3|1
2|vexthal|0|1
3|vexthal|0|1
4|vexthal|0|1
5|vexthal|0|1
6|vexthal|0|1
7|vexthal|3|1
8|vexthal|3|1
9|vexthal|3|1
10|vexthal|0|1
11|vexthal|0|1
12|vexthal|0|1
13|vexthal|0|1
14|vexthal|0|1
15|vexthal|0|1
16|vexthal|0|1
17|vexthal|3|1
18|vexthal|3|1
19|vexthal|3|1
20|vexthal|3|1
21|vexthal|3|1
22|vexthal|3|1
23|vexthal|3|1
24|vexthal|3|1
25|vexthal|3|1
26|vexthal|3|1
27|vexthal|3|1
28|vexthal|3|1
29|vexthal|3|1
30|vexthal|3|1
31|vexthal|3|1
32|vexthal|3|1
33|vexthal|3|1
34|vexthal|3|1
35|vexthal|3|1
36|vexthal|3|1
37|vexthal|3|1
38|vexthal|3|1
39|vexthal|3|1
40|vexthal|3|1
41|vexthal|0|1
42|vexthal|0|1
43|vexthal|0|1
44|vexthal|0|1
45|vexthal|0|1
46|vexthal|3|1
47|vexthal|0|1
48|vexthal|0|1
1|wakening|2|1
2|wakening|2|1
3|wakening|2|1
4|wakening|2|1
5|wakening|2|1
6|wakening|2|1
7|wakening|2|1
8|wakening|3|1
9|wakening|0|1
10|wakening|0|1
11|wakening|3|1
12|wakening|0|1
13|wakening|0|1
14|wakening|3|1
15|wakening|2|1
16|wakening|2|1
17|wakening|2|1
18|wakening|0|1
19|wakening|3|1
20|wakening|3|1
21|wakening|3|1
22|wakening|6|1
23|wakening|6|1
24|wakening|6|1
25|wakening|6|1
1|warrens|3|1
2|warrens|3|1
3|warrens|3|1
4|warrens|3|1
5|warrens|3|1
6|warrens|3|1
7|warrens|3|1
8|warrens|2|1
9|warrens|3|1
10|warrens|3|1
11|warrens|3|1
12|warrens|3|1
13|warrens|3|1
14|warrens|3|1
15|warrens|3|1
16|warrens|3|1
17|warrens|3|1
18|warrens|3|1
19|warrens|3|1
20|warrens|3|1
21|warrens|3|1
22|warrens|3|1
23|warrens|3|1
24|warrens|3|1
25|warrens|3|1
26|warrens|3|1
27|warrens|3|1
28|warrens|3|1
29|warrens|3|1
30|warrens|2|1
31|warrens|2|1
32|warrens|3|1
33|warrens|3|1
34|warrens|3|1
35|warrens|2|1
36|warrens|3|1
37|warrens|3|0
38|warrens|3|0
39|warrens|3|0
40|warrens|3|0
1|warslikswood|0|1
2|warslikswood|0|1
3|warslikswood|3|1
4|warslikswood|3|1
5|warslikswood|3|1
6|warslikswood|3|1
7|warslikswood|2|0
8|warslikswood|2|0
9|warslikswood|3|1
10|warslikswood|3|1
11|warslikswood|3|1
12|warslikswood|3|1
13|warslikswood|2|1
14|warslikswood|3|1
15|warslikswood|3|1
16|warslikswood|3|1
17|warslikswood|3|1
18|warslikswood|0|0
1|westwastes|0|1
2|westwastes|2|1
3|westwastes|3|1
4|westwastes|0|1
5|westwastes|0|1
6|westwastes|3|1
7|westwastes|0|1
8|westwastes|0|1
9|westwastes|0|1
10|westwastes|0|1
11|westwastes|0|1
12|westwastes|0|1
13|westwastes|0|1
14|westwastes|0|1
15|westwastes|0|1
16|westwastes|0|1
17|westwastes|0|1
18|westwastes|0|1
19|westwastes|0|1
20|westwastes|0|1
21|westwastes|3|1
22|westwastes|0|1
23|westwastes|0|1
24|westwastes|0|1
25|westwastes|0|1
26|westwastes|3|1
27|westwastes|0|1
28|westwastes|3|1
29|westwastes|3|1
30|westwastes|0|1
31|westwastes|0|1
32|westwastes|0|1
33|westwastes|0|1
34|westwastes|0|1
35|westwastes|0|1
36|westwastes|0|1
37|westwastes|0|1
38|westwastes|0|1
39|westwastes|3|1
40|westwastes|0|1
41|westwastes|2|1
42|westwastes|2|1
43|westwastes|2|1
1|nektulos|0|0
2|nektulos|0|0
3|nektulos|0|0
4|nektulos|0|0
5|nektulos|0|0
6|nektulos|3|1
7|nektulos|8|1
8|nektulos|3|0
9|nektulos|0|0
10|nektulos|0|0
11|nektulos|0|0
12|nektulos|0|0
13|nektulos|0|0
14|nektulos|0|0
15|nektulos|0|0
16|nektulos|0|0
17|nektulos|0|0
18|nektulos|0|0
19|nektulos|0|0
20|nektulos|4|1
